ISO-10303-21;
HEADER;
/* Generated by software containing ST-Developer
 * from STEP Tools, Inc. (www.steptools.com) 
 */

FILE_DESCRIPTION(
/* description */ (''),
/* implementation_level */ '2;1');

FILE_NAME(
/* name */ 'Configuration 1.step',
/* time_stamp */ '2026-08-05T18:58:03-04:00',
/* author */ (''),
/* organization */ (''),
/* preprocessor_version */ 'ST-DEVELOPER v20.1',
/* originating_system */ 'Autodesk Translation Framework v15.8.0.0',
/* authorisation */ '');

FILE_SCHEMA (('AUTOMOTIVE_DESIGN { 1 0 10303 214 3 1 1 }'));
ENDSEC;

DATA;
#10=MECHANICAL_DESIGN_GEOMETRIC_PRESENTATION_REPRESENTATION('',(#29,#30,
#31,#32,#33,#34,#35),#8412);
#11=SHAPE_REPRESENTATION_RELATIONSHIP('SRR','None',#8419,#12);
#12=ADVANCED_BREP_SHAPE_REPRESENTATION('',(#36,#37,#38,#39,#40,#41,#42),
#8411);
#13=ELLIPSE('',#5207,2.82842712474619,2.);
#14=ELLIPSE('',#5210,2.82842712474619,2.);
#15=ELLIPSE('',#5218,2.82842712474619,2.);
#16=ELLIPSE('',#5220,2.82842712474619,2.);
#17=ELLIPSE('',#5230,2.82842712474619,2.);
#18=ELLIPSE('',#5232,2.82842712474619,2.);
#19=ELLIPSE('',#5242,2.82842712474619,2.);
#20=ELLIPSE('',#5243,2.82842712474619,2.);
#21=SPHERICAL_SURFACE('',#5058,0.8);
#22=SPHERICAL_SURFACE('',#5063,0.8);
#23=SPHERICAL_SURFACE('',#5082,0.8);
#24=SPHERICAL_SURFACE('',#5085,0.8);
#25=(
BOUNDED_CURVE()
B_SPLINE_CURVE(2,(#7129,#7130,#7131),.UNSPECIFIED.,.F.,.F.)
B_SPLINE_CURVE_WITH_KNOTS((3,3),(0.,0.128436527134314),.UNSPECIFIED.)
CURVE()
GEOMETRIC_REPRESENTATION_ITEM()
RATIONAL_B_SPLINE_CURVE((1.,1.05532875326023,1.))
REPRESENTATION_ITEM('')
);
#26=(
BOUNDED_CURVE()
B_SPLINE_CURVE(2,(#7135,#7136,#7137),.UNSPECIFIED.,.F.,.F.)
B_SPLINE_CURVE_WITH_KNOTS((3,3),(0.,0.0606410395979241),.UNSPECIFIED.)
CURVE()
GEOMETRIC_REPRESENTATION_ITEM()
RATIONAL_B_SPLINE_CURVE((1.,1.01166876680425,1.))
REPRESENTATION_ITEM('')
);
#27=(
BOUNDED_CURVE()
B_SPLINE_CURVE(2,(#7144,#7145,#7146),.UNSPECIFIED.,.F.,.F.)
B_SPLINE_CURVE_WITH_KNOTS((3,3),(0.,0.0774126641595759),.UNSPECIFIED.)
CURVE()
GEOMETRIC_REPRESENTATION_ITEM()
RATIONAL_B_SPLINE_CURVE((1.,1.09510894464221,1.13594362117868))
REPRESENTATION_ITEM('')
);
#28=(
BOUNDED_CURVE()
B_SPLINE_CURVE(2,(#7154,#7155,#7156),.UNSPECIFIED.,.F.,.F.)
B_SPLINE_CURVE_WITH_KNOTS((3,3),(0.193899581850409,0.271312246009897),
 .UNSPECIFIED.)
CURVE()
GEOMETRIC_REPRESENTATION_ITEM()
RATIONAL_B_SPLINE_CURVE((1.13594362117854,1.09510894464209,1.))
REPRESENTATION_ITEM('')
);
#29=STYLED_ITEM('',(#8428),#36);
#30=STYLED_ITEM('',(#8428),#37);
#31=STYLED_ITEM('',(#8428),#38);
#32=STYLED_ITEM('',(#8429),#39);
#33=STYLED_ITEM('',(#8428),#40);
#34=STYLED_ITEM('',(#8428),#41);
#35=STYLED_ITEM('',(#8428),#42);
#36=MANIFOLD_SOLID_BREP('Body2',#4909);
#37=MANIFOLD_SOLID_BREP('Body3',#4910);
#38=MANIFOLD_SOLID_BREP('Body6',#4911);
#39=MANIFOLD_SOLID_BREP('Body10',#4912);
#40=MANIFOLD_SOLID_BREP('Body11',#4913);
#41=MANIFOLD_SOLID_BREP('Body13',#4914);
#42=MANIFOLD_SOLID_BREP('Body14',#4915);
#43=FACE_BOUND('',#739,.T.);
#44=FACE_BOUND('',#740,.T.);
#45=FACE_BOUND('',#742,.T.);
#46=FACE_BOUND('',#743,.T.);
#47=FACE_BOUND('',#816,.T.);
#48=FACE_BOUND('',#817,.T.);
#49=FACE_BOUND('',#818,.T.);
#50=FACE_BOUND('',#819,.T.);
#51=FACE_BOUND('',#820,.T.);
#52=FACE_BOUND('',#821,.T.);
#53=FACE_BOUND('',#822,.T.);
#54=FACE_BOUND('',#823,.T.);
#55=FACE_BOUND('',#824,.T.);
#56=FACE_BOUND('',#825,.T.);
#57=FACE_BOUND('',#826,.T.);
#58=FACE_BOUND('',#827,.T.);
#59=FACE_BOUND('',#828,.T.);
#60=FACE_BOUND('',#837,.T.);
#61=FACE_BOUND('',#838,.T.);
#62=FACE_BOUND('',#839,.T.);
#63=FACE_BOUND('',#840,.T.);
#64=FACE_BOUND('',#841,.T.);
#65=FACE_BOUND('',#842,.T.);
#66=FACE_BOUND('',#843,.T.);
#67=FACE_BOUND('',#844,.T.);
#68=FACE_BOUND('',#845,.T.);
#69=FACE_BOUND('',#846,.T.);
#70=FACE_BOUND('',#847,.T.);
#71=FACE_BOUND('',#848,.T.);
#72=FACE_BOUND('',#849,.T.);
#73=FACE_BOUND('',#896,.T.);
#74=FACE_BOUND('',#897,.T.);
#75=FACE_BOUND('',#906,.T.);
#76=FACE_BOUND('',#907,.T.);
#77=FACE_BOUND('',#909,.T.);
#78=FACE_BOUND('',#910,.T.);
#79=FACE_BOUND('',#920,.T.);
#80=FACE_BOUND('',#921,.T.);
#81=FACE_BOUND('',#923,.T.);
#82=FACE_BOUND('',#924,.T.);
#83=FACE_BOUND('',#933,.T.);
#84=FACE_BOUND('',#934,.T.);
#85=FACE_BOUND('',#937,.T.);
#86=FACE_BOUND('',#938,.T.);
#87=FACE_BOUND('',#947,.T.);
#88=FACE_BOUND('',#948,.T.);
#89=FACE_BOUND('',#955,.T.);
#90=FACE_BOUND('',#958,.T.);
#91=FACE_BOUND('',#960,.T.);
#92=FACE_BOUND('',#975,.T.);
#93=FACE_BOUND('',#983,.T.);
#94=FACE_BOUND('',#984,.T.);
#95=FACE_BOUND('',#985,.T.);
#96=FACE_BOUND('',#986,.T.);
#97=FACE_BOUND('',#999,.T.);
#98=FACE_BOUND('',#1000,.T.);
#99=FACE_BOUND('',#1001,.T.);
#100=FACE_BOUND('',#1002,.T.);
#101=FACE_BOUND('',#1027,.T.);
#102=FACE_BOUND('',#1028,.T.);
#103=FACE_BOUND('',#1029,.T.);
#104=FACE_BOUND('',#1030,.T.);
#105=FACE_BOUND('',#1031,.T.);
#106=FACE_BOUND('',#1032,.T.);
#107=FACE_BOUND('',#1033,.T.);
#108=FACE_BOUND('',#1034,.T.);
#109=FACE_BOUND('',#1035,.T.);
#110=FACE_BOUND('',#1036,.T.);
#111=FACE_BOUND('',#1037,.T.);
#112=FACE_BOUND('',#1038,.T.);
#113=FACE_BOUND('',#1039,.T.);
#114=FACE_BOUND('',#1047,.T.);
#115=FACE_BOUND('',#1048,.T.);
#116=FACE_BOUND('',#1049,.T.);
#117=FACE_BOUND('',#1050,.T.);
#118=FACE_BOUND('',#1051,.T.);
#119=FACE_BOUND('',#1052,.T.);
#120=FACE_BOUND('',#1053,.T.);
#121=FACE_BOUND('',#1054,.T.);
#122=FACE_BOUND('',#1055,.T.);
#123=FACE_BOUND('',#1056,.T.);
#124=FACE_BOUND('',#1057,.T.);
#125=FACE_BOUND('',#1058,.T.);
#126=FACE_BOUND('',#1059,.T.);
#127=B_SPLINE_SURFACE_WITH_KNOTS('',3,3,((#6854,#6855,#6856,#6857),(#6858,
#6859,#6860,#6861),(#6862,#6863,#6864,#6865),(#6866,#6867,#6868,#6869),
(#6870,#6871,#6872,#6873)),.UNSPECIFIED.,.F.,.F.,.F.,(4,1,4),(4,4),(-8.88178419700125E-16,
0.193935032870461,0.452515076697744),(-6.93889390390705E-18,0.2),
 .UNSPECIFIED.);
#128=B_SPLINE_SURFACE_WITH_KNOTS('',3,3,((#6957,#6958,#6959,#6960),(#6961,
#6962,#6963,#6964),(#6965,#6966,#6967,#6968),(#6969,#6970,#6971,#6972),
(#6973,#6974,#6975,#6976)),.UNSPECIFIED.,.F.,.F.,.F.,(4,1,4),(4,4),(-1.23899214922777E-15,
0.258580043827281,0.452515076697743),(-6.93889390390292E-18,0.2),
 .UNSPECIFIED.);
#129=B_SPLINE_SURFACE_WITH_KNOTS('',3,3,((#7694,#7695,#7696,#7697),(#7698,
#7699,#7700,#7701),(#7702,#7703,#7704,#7705),(#7706,#7707,#7708,#7709)),
 .UNSPECIFIED.,.F.,.F.,.F.,(4,4),(4,4),(1.5707963267949,2.35619449019272),
(0.,0.199999999999999),.UNSPECIFIED.);
#130=B_SPLINE_SURFACE_WITH_KNOTS('',3,3,((#7736,#7737,#7738,#7739),(#7740,
#7741,#7742,#7743),(#7744,#7745,#7746,#7747),(#7748,#7749,#7750,#7751),
(#7752,#7753,#7754,#7755)),.UNSPECIFIED.,.F.,.F.,.F.,(4,1,4),(4,4),(-3.14159265358979,
-2.46839422782055,-1.5707963267949),(0.,0.199999999999999),
 .UNSPECIFIED.);
#131=B_SPLINE_SURFACE_WITH_KNOTS('',3,3,((#7785,#7786,#7787,#7788),(#7789,
#7790,#7791,#7792),(#7793,#7794,#7795,#7796),(#7797,#7798,#7799,#7800)),
 .UNSPECIFIED.,.F.,.F.,.F.,(4,4),(4,4),(-2.3561944901922,-1.5707963267949),
(0.,0.2),.UNSPECIFIED.);
#132=B_SPLINE_SURFACE_WITH_KNOTS('',3,3,((#7825,#7826,#7827,#7828),(#7829,
#7830,#7831,#7832),(#7833,#7834,#7835,#7836),(#7837,#7838,#7839,#7840),
(#7841,#7842,#7843,#7844),(#7845,#7846,#7847,#7848)),.UNSPECIFIED.,.F.,
 .F.,.F.,(4,1,1,4),(4,4),(1.5707963267949,2.24399475256414,2.69279370307697,
3.14159265358979),(0.,0.2),.UNSPECIFIED.);
#133=B_SPLINE_SURFACE_WITH_KNOTS('',3,3,((#7878,#7879,#7880,#7881),(#7882,
#7883,#7884,#7885),(#7886,#7887,#7888,#7889),(#7890,#7891,#7892,#7893)),
 .UNSPECIFIED.,.F.,.F.,.F.,(4,4),(4,4),(-2.3561944901927,-1.57079632679489),
(0.,0.199999999999999),.UNSPECIFIED.);
#134=B_SPLINE_SURFACE_WITH_KNOTS('',3,3,((#7929,#7930,#7931,#7932),(#7933,
#7934,#7935,#7936),(#7937,#7938,#7939,#7940),(#7941,#7942,#7943,#7944),
(#7945,#7946,#7947,#7948),(#7949,#7950,#7951,#7952)),.UNSPECIFIED.,.F.,
 .F.,.F.,(4,1,1,4),(4,4),(1.5707963267949,2.24399475256414,2.69279370307697,
3.14159265358979),(0.,0.199999999999999),.UNSPECIFIED.);
#135=B_SPLINE_SURFACE_WITH_KNOTS('',3,3,((#7986,#7987,#7988,#7989),(#7990,
#7991,#7992,#7993),(#7994,#7995,#7996,#7997),(#7998,#7999,#8000,#8001),
(#8002,#8003,#8004,#8005)),.UNSPECIFIED.,.F.,.F.,.F.,(4,1,4),(4,4),(-3.14159265358979,
-2.46839422782055,-1.57079632679489),(0.,0.199999999999999),
 .UNSPECIFIED.);
#136=B_SPLINE_SURFACE_WITH_KNOTS('',3,3,((#8035,#8036,#8037,#8038),(#8039,
#8040,#8041,#8042),(#8043,#8044,#8045,#8046),(#8047,#8048,#8049,#8050),
(#8051,#8052,#8053,#8054),(#8055,#8056,#8057,#8058)),.UNSPECIFIED.,.F.,
 .F.,.F.,(4,1,1,4),(4,4),(1.57079632679486,2.24399475256411,2.69279370307695,
3.14159265358979),(0.,0.199999999999999),.UNSPECIFIED.);
#137=B_SPLINE_CURVE_WITH_KNOTS('',3,(#6821,#6822,#6823,#6824,#6825,#6826,
#6827),.UNSPECIFIED.,.F.,.F.,(4,3,4),(0.,0.673198425769242,1.57079632679489),
 .UNSPECIFIED.);
#138=B_SPLINE_CURVE_WITH_KNOTS('',3,(#6875,#6876,#6877,#6878,#6879,#6880,
#6881),.UNSPECIFIED.,.F.,.F.,(4,3,4),(0.,0.897597901025657,1.57079632679489),
 .UNSPECIFIED.);
#139=B_SPLINE_CURVE_WITH_KNOTS('',3,(#6934,#6935,#6936,#6937,#6938,#6939,
#6940),.UNSPECIFIED.,.F.,.F.,(4,3,4),(0.,0.897597901025651,1.57079632679489),
 .UNSPECIFIED.);
#140=B_SPLINE_CURVE_WITH_KNOTS('',3,(#6978,#6979,#6980,#6981,#6982,#6983,
#6984),.UNSPECIFIED.,.F.,.F.,(4,3,4),(0.,0.897597901025647,1.57079632679489),
 .UNSPECIFIED.);
#141=B_SPLINE_CURVE_WITH_KNOTS('',3,(#7157,#7158,#7159,#7160,#7161,#7162,
#7163,#7164,#7165,#7166,#7167,#7168,#7169,#7170,#7171),.UNSPECIFIED.,.F.,
 .F.,(4,3,2,2,2,2,4),(-0.0492377742374349,0.,0.0507166030987309,0.101433206197462,
0.1521498092962,0.202866412394938,0.252104186576009),.UNSPECIFIED.);
#142=B_SPLINE_CURVE_WITH_KNOTS('',3,(#7672,#7673,#7674,#7675),
 .UNSPECIFIED.,.F.,.F.,(4,4),(-2.35619449017466,-1.5707963267949),
 .UNSPECIFIED.);
#143=B_SPLINE_CURVE_WITH_KNOTS('',3,(#7680,#7681,#7682,#7683,#7684),
 .UNSPECIFIED.,.F.,.F.,(4,1,4),(-3.14159265358979,-2.46839422782055,-1.5707963267949),
 .UNSPECIFIED.);
#144=B_SPLINE_CURVE_WITH_KNOTS('',3,(#7711,#7712,#7713,#7714,#7715,#7716),
 .UNSPECIFIED.,.F.,.F.,(4,2,4),(0.,0.0999999999999996,0.199999999999999),
 .UNSPECIFIED.);
#145=B_SPLINE_CURVE_WITH_KNOTS('',3,(#7802,#7803,#7804,#7805,#7806,#7807),
 .UNSPECIFIED.,.F.,.F.,(4,2,4),(0.,0.0999999999999996,0.2),
 .UNSPECIFIED.);
#146=B_SPLINE_CURVE_WITH_KNOTS('',3,(#7808,#7809,#7810,#7811),
 .UNSPECIFIED.,.F.,.F.,(4,4),(1.5707963267949,2.35619449017414),
 .UNSPECIFIED.);
#147=B_SPLINE_CURVE_WITH_KNOTS('',3,(#7818,#7819,#7820,#7821,#7822,#7823),
 .UNSPECIFIED.,.F.,.F.,(4,1,1,4),(1.5707963267949,2.24399475256414,2.69279370307697,
3.14159265358979),.UNSPECIFIED.);
#148=B_SPLINE_CURVE_WITH_KNOTS('',3,(#7895,#7896,#7897,#7898,#7899,#7900),
 .UNSPECIFIED.,.F.,.F.,(4,2,4),(0.,0.0999999999999996,0.199999999999999),
 .UNSPECIFIED.);
#149=B_SPLINE_CURVE_WITH_KNOTS('',3,(#7902,#7903,#7904,#7905),
 .UNSPECIFIED.,.F.,.F.,(4,4),(1.57079632679489,2.35619449017464),
 .UNSPECIFIED.);
#150=B_SPLINE_CURVE_WITH_KNOTS('',3,(#7912,#7913,#7914,#7915,#7916,#7917,
#7918,#7919,#7920,#7921),.UNSPECIFIED.,.F.,.F.,(4,3,3,4),(-3.14159265358979,
-2.69279370307697,-2.24399475256414,-1.5707963267949),.UNSPECIFIED.);
#151=B_SPLINE_CURVE_WITH_KNOTS('',3,(#7953,#7954,#7955,#7956),
 .UNSPECIFIED.,.F.,.F.,(4,4),(-0.199999999999999,0.),.UNSPECIFIED.);
#152=B_SPLINE_CURVE_WITH_KNOTS('',3,(#8007,#8008,#8009,#8010,#8011,#8012,
#8013),.UNSPECIFIED.,.F.,.F.,(4,3,4),(1.57079632679489,2.46839422782055,
3.14159265358979),.UNSPECIFIED.);
#153=B_SPLINE_CURVE_WITH_KNOTS('',3,(#8014,#8015,#8016,#8017),
 .UNSPECIFIED.,.F.,.F.,(4,4),(0.,0.199999999999999),.UNSPECIFIED.);
#154=B_SPLINE_CURVE_WITH_KNOTS('',3,(#8020,#8021,#8022,#8023,#8024,#8025,
#8026,#8027,#8028,#8029),.UNSPECIFIED.,.F.,.F.,(4,3,3,4),(-3.14159265358979,
-2.69279370307695,-2.24399475256411,-1.57079632679486),.UNSPECIFIED.);
#155=B_SPLINE_CURVE_WITH_KNOTS('',3,(#8059,#8060,#8061,#8062),
 .UNSPECIFIED.,.F.,.F.,(4,4),(-0.199999999999999,0.),.UNSPECIFIED.);
#156=PLANE('',#4939);
#157=PLANE('',#4945);
#158=PLANE('',#4947);
#159=PLANE('',#4949);
#160=PLANE('',#4950);
#161=PLANE('',#4951);
#162=PLANE('',#4954);
#163=PLANE('',#4955);
#164=PLANE('',#4956);
#165=PLANE('',#4957);
#166=PLANE('',#4959);
#167=PLANE('',#4960);
#168=PLANE('',#4962);
#169=PLANE('',#4966);
#170=PLANE('',#4967);
#171=PLANE('',#4968);
#172=PLANE('',#4969);
#173=PLANE('',#4970);
#174=PLANE('',#4971);
#175=PLANE('',#4972);
#176=PLANE('',#4973);
#177=PLANE('',#4974);
#178=PLANE('',#4977);
#179=PLANE('',#4978);
#180=PLANE('',#4979);
#181=PLANE('',#4981);
#182=PLANE('',#4982);
#183=PLANE('',#4983);
#184=PLANE('',#4985);
#185=PLANE('',#4986);
#186=PLANE('',#4987);
#187=PLANE('',#4988);
#188=PLANE('',#4989);
#189=PLANE('',#4990);
#190=PLANE('',#4991);
#191=PLANE('',#4992);
#192=PLANE('',#4993);
#193=PLANE('',#4994);
#194=PLANE('',#4995);
#195=PLANE('',#4996);
#196=PLANE('',#4997);
#197=PLANE('',#4998);
#198=PLANE('',#4999);
#199=PLANE('',#5010);
#200=PLANE('',#5011);
#201=PLANE('',#5012);
#202=PLANE('',#5013);
#203=PLANE('',#5018);
#204=PLANE('',#5022);
#205=PLANE('',#5025);
#206=PLANE('',#5026);
#207=PLANE('',#5027);
#208=PLANE('',#5031);
#209=PLANE('',#5032);
#210=PLANE('',#5033);
#211=PLANE('',#5034);
#212=PLANE('',#5036);
#213=PLANE('',#5038);
#214=PLANE('',#5039);
#215=PLANE('',#5040);
#216=PLANE('',#5042);
#217=PLANE('',#5045);
#218=PLANE('',#5046);
#219=PLANE('',#5048);
#220=PLANE('',#5049);
#221=PLANE('',#5051);
#222=PLANE('',#5065);
#223=PLANE('',#5066);
#224=PLANE('',#5067);
#225=PLANE('',#5072);
#226=PLANE('',#5073);
#227=PLANE('',#5076);
#228=PLANE('',#5086);
#229=PLANE('',#5087);
#230=PLANE('',#5088);
#231=PLANE('',#5089);
#232=PLANE('',#5090);
#233=PLANE('',#5091);
#234=PLANE('',#5092);
#235=PLANE('',#5093);
#236=PLANE('',#5109);
#237=PLANE('',#5110);
#238=PLANE('',#5113);
#239=PLANE('',#5119);
#240=PLANE('',#5121);
#241=PLANE('',#5135);
#242=PLANE('',#5137);
#243=PLANE('',#5150);
#244=PLANE('',#5151);
#245=PLANE('',#5155);
#246=PLANE('',#5156);
#247=PLANE('',#5157);
#248=PLANE('',#5158);
#249=PLANE('',#5159);
#250=PLANE('',#5160);
#251=PLANE('',#5162);
#252=PLANE('',#5164);
#253=PLANE('',#5165);
#254=PLANE('',#5166);
#255=PLANE('',#5176);
#256=PLANE('',#5177);
#257=PLANE('',#5178);
#258=PLANE('',#5179);
#259=PLANE('',#5206);
#260=PLANE('',#5208);
#261=PLANE('',#5212);
#262=PLANE('',#5213);
#263=PLANE('',#5214);
#264=PLANE('',#5215);
#265=PLANE('',#5216);
#266=PLANE('',#5221);
#267=PLANE('',#5222);
#268=PLANE('',#5225);
#269=PLANE('',#5226);
#270=PLANE('',#5227);
#271=PLANE('',#5228);
#272=PLANE('',#5233);
#273=PLANE('',#5236);
#274=PLANE('',#5237);
#275=PLANE('',#5238);
#276=PLANE('',#5239);
#277=PLANE('',#5240);
#278=PLANE('',#5244);
#279=PLANE('',#5246);
#280=PLANE('',#5247);
#281=PLANE('',#5248);
#282=PLANE('',#5249);
#283=PLANE('',#5250);
#284=PLANE('',#5251);
#285=PLANE('',#5252);
#286=PLANE('',#5253);
#287=PLANE('',#5254);
#288=PLANE('',#5255);
#289=PLANE('',#5256);
#290=PLANE('',#5257);
#291=PLANE('',#5261);
#292=PLANE('',#5263);
#293=PLANE('',#5264);
#294=PLANE('',#5265);
#295=PLANE('',#5271);
#296=PLANE('',#5272);
#297=PLANE('',#5274);
#298=PLANE('',#5276);
#299=PLANE('',#5277);
#300=PLANE('',#5279);
#301=PLANE('',#5280);
#302=PLANE('',#5283);
#303=PLANE('',#5287);
#304=PLANE('',#5290);
#305=PLANE('',#5292);
#306=PLANE('',#5293);
#307=PLANE('',#5294);
#308=PLANE('',#5296);
#309=PLANE('',#5298);
#310=PLANE('',#5299);
#311=PLANE('',#5301);
#312=PLANE('',#5303);
#313=PLANE('',#5304);
#314=PLANE('',#5305);
#315=PLANE('',#5306);
#316=PLANE('',#5307);
#317=PLANE('',#5308);
#318=PLANE('',#5309);
#319=PLANE('',#5310);
#320=PLANE('',#5311);
#321=PLANE('',#5312);
#322=PLANE('',#5313);
#323=PLANE('',#5314);
#324=PLANE('',#5357);
#325=PLANE('',#5358);
#326=PLANE('',#5364);
#327=PLANE('',#5369);
#328=PLANE('',#5370);
#329=PLANE('',#5371);
#330=CYLINDRICAL_SURFACE('',#4932,1.5);
#331=CYLINDRICAL_SURFACE('',#4937,1.5);
#332=CYLINDRICAL_SURFACE('',#4940,2.);
#333=CYLINDRICAL_SURFACE('',#4952,4.);
#334=CYLINDRICAL_SURFACE('',#4961,2.);
#335=CYLINDRICAL_SURFACE('',#4963,4.00000000000001);
#336=CYLINDRICAL_SURFACE('',#4975,4.00000000000001);
#337=CYLINDRICAL_SURFACE('',#4984,1.99999999999998);
#338=CYLINDRICAL_SURFACE('',#5006,2.);
#339=CYLINDRICAL_SURFACE('',#5008,2.);
#340=CYLINDRICAL_SURFACE('',#5017,2.);
#341=CYLINDRICAL_SURFACE('',#5020,2.);
#342=CYLINDRICAL_SURFACE('',#5023,4.);
#343=CYLINDRICAL_SURFACE('',#5028,4.);
#344=CYLINDRICAL_SURFACE('',#5041,2.);
#345=CYLINDRICAL_SURFACE('',#5043,4.);
#346=CYLINDRICAL_SURFACE('',#5050,2.);
#347=CYLINDRICAL_SURFACE('',#5052,0.8);
#348=CYLINDRICAL_SURFACE('',#5055,0.8);
#349=CYLINDRICAL_SURFACE('',#5060,0.8);
#350=CYLINDRICAL_SURFACE('',#5068,0.8);
#351=CYLINDRICAL_SURFACE('',#5070,0.8);
#352=CYLINDRICAL_SURFACE('',#5077,0.8);
#353=CYLINDRICAL_SURFACE('',#5079,0.8);
#354=CYLINDRICAL_SURFACE('',#5083,0.8);
#355=CYLINDRICAL_SURFACE('',#5111,3.5);
#356=CYLINDRICAL_SURFACE('',#5114,3.5);
#357=CYLINDRICAL_SURFACE('',#5116,3.99999999999999);
#358=CYLINDRICAL_SURFACE('',#5136,2.);
#359=CYLINDRICAL_SURFACE('',#5138,3.);
#360=CYLINDRICAL_SURFACE('',#5139,3.);
#361=CYLINDRICAL_SURFACE('',#5140,3.);
#362=CYLINDRICAL_SURFACE('',#5141,3.);
#363=CYLINDRICAL_SURFACE('',#5142,2.);
#364=CYLINDRICAL_SURFACE('',#5143,1.49999999999999);
#365=CYLINDRICAL_SURFACE('',#5144,1.49999999999999);
#366=CYLINDRICAL_SURFACE('',#5145,1.5);
#367=CYLINDRICAL_SURFACE('',#5146,1.5);
#368=CYLINDRICAL_SURFACE('',#5147,11.5);
#369=CYLINDRICAL_SURFACE('',#5148,2.);
#370=CYLINDRICAL_SURFACE('',#5149,2.);
#371=CYLINDRICAL_SURFACE('',#5152,2.5);
#372=CYLINDRICAL_SURFACE('',#5163,1.99999999999998);
#373=CYLINDRICAL_SURFACE('',#5167,1.5);
#374=CYLINDRICAL_SURFACE('',#5170,1.5);
#375=CYLINDRICAL_SURFACE('',#5180,1.5);
#376=CYLINDRICAL_SURFACE('',#5183,1.5);
#377=CYLINDRICAL_SURFACE('',#5186,1.49999999999999);
#378=CYLINDRICAL_SURFACE('',#5189,1.5);
#379=CYLINDRICAL_SURFACE('',#5192,1.5);
#380=CYLINDRICAL_SURFACE('',#5195,1.5);
#381=CYLINDRICAL_SURFACE('',#5198,1.5);
#382=CYLINDRICAL_SURFACE('',#5201,1.5);
#383=CYLINDRICAL_SURFACE('',#5204,4.00000000000002);
#384=CYLINDRICAL_SURFACE('',#5209,2.00000000000003);
#385=CYLINDRICAL_SURFACE('',#5217,2.);
#386=CYLINDRICAL_SURFACE('',#5224,4.);
#387=CYLINDRICAL_SURFACE('',#5229,1.99999999999999);
#388=CYLINDRICAL_SURFACE('',#5234,3.99999999999998);
#389=CYLINDRICAL_SURFACE('',#5241,2.00000000000003);
#390=CYLINDRICAL_SURFACE('',#5245,4.00000000000005);
#391=CYLINDRICAL_SURFACE('',#5258,4.);
#392=CYLINDRICAL_SURFACE('',#5267,2.);
#393=CYLINDRICAL_SURFACE('',#5268,3.99999999999999);
#394=CYLINDRICAL_SURFACE('',#5278,2.);
#395=CYLINDRICAL_SURFACE('',#5284,2.);
#396=CYLINDRICAL_SURFACE('',#5288,3.99999999999999);
#397=CYLINDRICAL_SURFACE('',#5297,1.99999999999999);
#398=CYLINDRICAL_SURFACE('',#5302,4.);
#399=CYLINDRICAL_SURFACE('',#5315,1.5);
#400=CYLINDRICAL_SURFACE('',#5318,1.5);
#401=CYLINDRICAL_SURFACE('',#5321,1.49999999999999);
#402=CYLINDRICAL_SURFACE('',#5324,1.5);
#403=CYLINDRICAL_SURFACE('',#5327,1.49999999999999);
#404=CYLINDRICAL_SURFACE('',#5330,1.5);
#405=CYLINDRICAL_SURFACE('',#5333,1.5);
#406=CYLINDRICAL_SURFACE('',#5336,1.49999999999999);
#407=CYLINDRICAL_SURFACE('',#5339,1.5);
#408=CYLINDRICAL_SURFACE('',#5342,1.5);
#409=CYLINDRICAL_SURFACE('',#5345,1.5);
#410=CYLINDRICAL_SURFACE('',#5348,1.5);
#411=CYLINDRICAL_SURFACE('',#5351,1.5);
#412=CYLINDRICAL_SURFACE('',#5354,3.);
#413=CYLINDRICAL_SURFACE('',#5362,3.);
#414=CYLINDRICAL_SURFACE('',#5365,3.);
#415=CYLINDRICAL_SURFACE('',#5367,3.);
#416=FACE_OUTER_BOUND('',#696,.T.);
#417=FACE_OUTER_BOUND('',#697,.T.);
#418=FACE_OUTER_BOUND('',#698,.T.);
#419=FACE_OUTER_BOUND('',#699,.T.);
#420=FACE_OUTER_BOUND('',#700,.T.);
#421=FACE_OUTER_BOUND('',#701,.T.);
#422=FACE_OUTER_BOUND('',#702,.T.);
#423=FACE_OUTER_BOUND('',#703,.T.);
#424=FACE_OUTER_BOUND('',#704,.T.);
#425=FACE_OUTER_BOUND('',#705,.T.);
#426=FACE_OUTER_BOUND('',#706,.T.);
#427=FACE_OUTER_BOUND('',#707,.T.);
#428=FACE_OUTER_BOUND('',#708,.T.);
#429=FACE_OUTER_BOUND('',#709,.T.);
#430=FACE_OUTER_BOUND('',#710,.T.);
#431=FACE_OUTER_BOUND('',#711,.T.);
#432=FACE_OUTER_BOUND('',#712,.T.);
#433=FACE_OUTER_BOUND('',#713,.T.);
#434=FACE_OUTER_BOUND('',#714,.T.);
#435=FACE_OUTER_BOUND('',#715,.T.);
#436=FACE_OUTER_BOUND('',#716,.T.);
#437=FACE_OUTER_BOUND('',#717,.T.);
#438=FACE_OUTER_BOUND('',#718,.T.);
#439=FACE_OUTER_BOUND('',#719,.T.);
#440=FACE_OUTER_BOUND('',#720,.T.);
#441=FACE_OUTER_BOUND('',#721,.T.);
#442=FACE_OUTER_BOUND('',#722,.T.);
#443=FACE_OUTER_BOUND('',#723,.T.);
#444=FACE_OUTER_BOUND('',#724,.T.);
#445=FACE_OUTER_BOUND('',#725,.T.);
#446=FACE_OUTER_BOUND('',#726,.T.);
#447=FACE_OUTER_BOUND('',#727,.T.);
#448=FACE_OUTER_BOUND('',#728,.T.);
#449=FACE_OUTER_BOUND('',#729,.T.);
#450=FACE_OUTER_BOUND('',#730,.T.);
#451=FACE_OUTER_BOUND('',#731,.T.);
#452=FACE_OUTER_BOUND('',#732,.T.);
#453=FACE_OUTER_BOUND('',#733,.T.);
#454=FACE_OUTER_BOUND('',#734,.T.);
#455=FACE_OUTER_BOUND('',#735,.T.);
#456=FACE_OUTER_BOUND('',#736,.T.);
#457=FACE_OUTER_BOUND('',#737,.T.);
#458=FACE_OUTER_BOUND('',#738,.T.);
#459=FACE_OUTER_BOUND('',#741,.T.);
#460=FACE_OUTER_BOUND('',#744,.T.);
#461=FACE_OUTER_BOUND('',#745,.T.);
#462=FACE_OUTER_BOUND('',#746,.T.);
#463=FACE_OUTER_BOUND('',#747,.T.);
#464=FACE_OUTER_BOUND('',#748,.T.);
#465=FACE_OUTER_BOUND('',#749,.T.);
#466=FACE_OUTER_BOUND('',#750,.T.);
#467=FACE_OUTER_BOUND('',#751,.T.);
#468=FACE_OUTER_BOUND('',#752,.T.);
#469=FACE_OUTER_BOUND('',#753,.T.);
#470=FACE_OUTER_BOUND('',#754,.T.);
#471=FACE_OUTER_BOUND('',#755,.T.);
#472=FACE_OUTER_BOUND('',#756,.T.);
#473=FACE_OUTER_BOUND('',#757,.T.);
#474=FACE_OUTER_BOUND('',#758,.T.);
#475=FACE_OUTER_BOUND('',#759,.T.);
#476=FACE_OUTER_BOUND('',#760,.T.);
#477=FACE_OUTER_BOUND('',#761,.T.);
#478=FACE_OUTER_BOUND('',#762,.T.);
#479=FACE_OUTER_BOUND('',#763,.T.);
#480=FACE_OUTER_BOUND('',#764,.T.);
#481=FACE_OUTER_BOUND('',#765,.T.);
#482=FACE_OUTER_BOUND('',#766,.T.);
#483=FACE_OUTER_BOUND('',#767,.T.);
#484=FACE_OUTER_BOUND('',#768,.T.);
#485=FACE_OUTER_BOUND('',#769,.T.);
#486=FACE_OUTER_BOUND('',#770,.T.);
#487=FACE_OUTER_BOUND('',#771,.T.);
#488=FACE_OUTER_BOUND('',#772,.T.);
#489=FACE_OUTER_BOUND('',#773,.T.);
#490=FACE_OUTER_BOUND('',#774,.T.);
#491=FACE_OUTER_BOUND('',#775,.T.);
#492=FACE_OUTER_BOUND('',#776,.T.);
#493=FACE_OUTER_BOUND('',#777,.T.);
#494=FACE_OUTER_BOUND('',#778,.T.);
#495=FACE_OUTER_BOUND('',#779,.T.);
#496=FACE_OUTER_BOUND('',#780,.T.);
#497=FACE_OUTER_BOUND('',#781,.T.);
#498=FACE_OUTER_BOUND('',#782,.T.);
#499=FACE_OUTER_BOUND('',#783,.T.);
#500=FACE_OUTER_BOUND('',#784,.T.);
#501=FACE_OUTER_BOUND('',#785,.T.);
#502=FACE_OUTER_BOUND('',#786,.T.);
#503=FACE_OUTER_BOUND('',#787,.T.);
#504=FACE_OUTER_BOUND('',#788,.T.);
#505=FACE_OUTER_BOUND('',#789,.T.);
#506=FACE_OUTER_BOUND('',#790,.T.);
#507=FACE_OUTER_BOUND('',#791,.T.);
#508=FACE_OUTER_BOUND('',#792,.T.);
#509=FACE_OUTER_BOUND('',#793,.T.);
#510=FACE_OUTER_BOUND('',#794,.T.);
#511=FACE_OUTER_BOUND('',#795,.T.);
#512=FACE_OUTER_BOUND('',#796,.T.);
#513=FACE_OUTER_BOUND('',#797,.T.);
#514=FACE_OUTER_BOUND('',#798,.T.);
#515=FACE_OUTER_BOUND('',#799,.T.);
#516=FACE_OUTER_BOUND('',#800,.T.);
#517=FACE_OUTER_BOUND('',#801,.T.);
#518=FACE_OUTER_BOUND('',#802,.T.);
#519=FACE_OUTER_BOUND('',#803,.T.);
#520=FACE_OUTER_BOUND('',#804,.T.);
#521=FACE_OUTER_BOUND('',#805,.T.);
#522=FACE_OUTER_BOUND('',#806,.T.);
#523=FACE_OUTER_BOUND('',#807,.T.);
#524=FACE_OUTER_BOUND('',#808,.T.);
#525=FACE_OUTER_BOUND('',#809,.T.);
#526=FACE_OUTER_BOUND('',#810,.T.);
#527=FACE_OUTER_BOUND('',#811,.T.);
#528=FACE_OUTER_BOUND('',#812,.T.);
#529=FACE_OUTER_BOUND('',#813,.T.);
#530=FACE_OUTER_BOUND('',#814,.T.);
#531=FACE_OUTER_BOUND('',#815,.T.);
#532=FACE_OUTER_BOUND('',#829,.T.);
#533=FACE_OUTER_BOUND('',#830,.T.);
#534=FACE_OUTER_BOUND('',#831,.T.);
#535=FACE_OUTER_BOUND('',#832,.T.);
#536=FACE_OUTER_BOUND('',#833,.T.);
#537=FACE_OUTER_BOUND('',#834,.T.);
#538=FACE_OUTER_BOUND('',#835,.T.);
#539=FACE_OUTER_BOUND('',#836,.T.);
#540=FACE_OUTER_BOUND('',#850,.T.);
#541=FACE_OUTER_BOUND('',#851,.T.);
#542=FACE_OUTER_BOUND('',#852,.T.);
#543=FACE_OUTER_BOUND('',#853,.T.);
#544=FACE_OUTER_BOUND('',#854,.T.);
#545=FACE_OUTER_BOUND('',#855,.T.);
#546=FACE_OUTER_BOUND('',#856,.T.);
#547=FACE_OUTER_BOUND('',#857,.T.);
#548=FACE_OUTER_BOUND('',#858,.T.);
#549=FACE_OUTER_BOUND('',#859,.T.);
#550=FACE_OUTER_BOUND('',#860,.T.);
#551=FACE_OUTER_BOUND('',#861,.T.);
#552=FACE_OUTER_BOUND('',#862,.T.);
#553=FACE_OUTER_BOUND('',#863,.T.);
#554=FACE_OUTER_BOUND('',#864,.T.);
#555=FACE_OUTER_BOUND('',#865,.T.);
#556=FACE_OUTER_BOUND('',#866,.T.);
#557=FACE_OUTER_BOUND('',#867,.T.);
#558=FACE_OUTER_BOUND('',#868,.T.);
#559=FACE_OUTER_BOUND('',#869,.T.);
#560=FACE_OUTER_BOUND('',#870,.T.);
#561=FACE_OUTER_BOUND('',#871,.T.);
#562=FACE_OUTER_BOUND('',#872,.T.);
#563=FACE_OUTER_BOUND('',#873,.T.);
#564=FACE_OUTER_BOUND('',#874,.T.);
#565=FACE_OUTER_BOUND('',#875,.T.);
#566=FACE_OUTER_BOUND('',#876,.T.);
#567=FACE_OUTER_BOUND('',#877,.T.);
#568=FACE_OUTER_BOUND('',#878,.T.);
#569=FACE_OUTER_BOUND('',#879,.T.);
#570=FACE_OUTER_BOUND('',#880,.T.);
#571=FACE_OUTER_BOUND('',#881,.T.);
#572=FACE_OUTER_BOUND('',#882,.T.);
#573=FACE_OUTER_BOUND('',#883,.T.);
#574=FACE_OUTER_BOUND('',#884,.T.);
#575=FACE_OUTER_BOUND('',#885,.T.);
#576=FACE_OUTER_BOUND('',#886,.T.);
#577=FACE_OUTER_BOUND('',#887,.T.);
#578=FACE_OUTER_BOUND('',#888,.T.);
#579=FACE_OUTER_BOUND('',#889,.T.);
#580=FACE_OUTER_BOUND('',#890,.T.);
#581=FACE_OUTER_BOUND('',#891,.T.);
#582=FACE_OUTER_BOUND('',#892,.T.);
#583=FACE_OUTER_BOUND('',#893,.T.);
#584=FACE_OUTER_BOUND('',#894,.T.);
#585=FACE_OUTER_BOUND('',#895,.T.);
#586=FACE_OUTER_BOUND('',#898,.T.);
#587=FACE_OUTER_BOUND('',#899,.T.);
#588=FACE_OUTER_BOUND('',#900,.T.);
#589=FACE_OUTER_BOUND('',#901,.T.);
#590=FACE_OUTER_BOUND('',#902,.T.);
#591=FACE_OUTER_BOUND('',#903,.T.);
#592=FACE_OUTER_BOUND('',#904,.T.);
#593=FACE_OUTER_BOUND('',#905,.T.);
#594=FACE_OUTER_BOUND('',#908,.T.);
#595=FACE_OUTER_BOUND('',#911,.T.);
#596=FACE_OUTER_BOUND('',#912,.T.);
#597=FACE_OUTER_BOUND('',#913,.T.);
#598=FACE_OUTER_BOUND('',#914,.T.);
#599=FACE_OUTER_BOUND('',#915,.T.);
#600=FACE_OUTER_BOUND('',#916,.T.);
#601=FACE_OUTER_BOUND('',#917,.T.);
#602=FACE_OUTER_BOUND('',#918,.T.);
#603=FACE_OUTER_BOUND('',#919,.T.);
#604=FACE_OUTER_BOUND('',#922,.T.);
#605=FACE_OUTER_BOUND('',#925,.T.);
#606=FACE_OUTER_BOUND('',#926,.T.);
#607=FACE_OUTER_BOUND('',#927,.T.);
#608=FACE_OUTER_BOUND('',#928,.T.);
#609=FACE_OUTER_BOUND('',#929,.T.);
#610=FACE_OUTER_BOUND('',#930,.T.);
#611=FACE_OUTER_BOUND('',#931,.T.);
#612=FACE_OUTER_BOUND('',#932,.T.);
#613=FACE_OUTER_BOUND('',#935,.T.);
#614=FACE_OUTER_BOUND('',#936,.T.);
#615=FACE_OUTER_BOUND('',#939,.T.);
#616=FACE_OUTER_BOUND('',#940,.T.);
#617=FACE_OUTER_BOUND('',#941,.T.);
#618=FACE_OUTER_BOUND('',#942,.T.);
#619=FACE_OUTER_BOUND('',#943,.T.);
#620=FACE_OUTER_BOUND('',#944,.T.);
#621=FACE_OUTER_BOUND('',#945,.T.);
#622=FACE_OUTER_BOUND('',#946,.T.);
#623=FACE_OUTER_BOUND('',#949,.T.);
#624=FACE_OUTER_BOUND('',#950,.T.);
#625=FACE_OUTER_BOUND('',#951,.T.);
#626=FACE_OUTER_BOUND('',#952,.T.);
#627=FACE_OUTER_BOUND('',#953,.T.);
#628=FACE_OUTER_BOUND('',#954,.T.);
#629=FACE_OUTER_BOUND('',#956,.T.);
#630=FACE_OUTER_BOUND('',#957,.T.);
#631=FACE_OUTER_BOUND('',#959,.T.);
#632=FACE_OUTER_BOUND('',#961,.T.);
#633=FACE_OUTER_BOUND('',#962,.T.);
#634=FACE_OUTER_BOUND('',#963,.T.);
#635=FACE_OUTER_BOUND('',#964,.T.);
#636=FACE_OUTER_BOUND('',#965,.T.);
#637=FACE_OUTER_BOUND('',#966,.T.);
#638=FACE_OUTER_BOUND('',#967,.T.);
#639=FACE_OUTER_BOUND('',#968,.T.);
#640=FACE_OUTER_BOUND('',#969,.T.);
#641=FACE_OUTER_BOUND('',#970,.T.);
#642=FACE_OUTER_BOUND('',#971,.T.);
#643=FACE_OUTER_BOUND('',#972,.T.);
#644=FACE_OUTER_BOUND('',#973,.T.);
#645=FACE_OUTER_BOUND('',#974,.T.);
#646=FACE_OUTER_BOUND('',#976,.T.);
#647=FACE_OUTER_BOUND('',#977,.T.);
#648=FACE_OUTER_BOUND('',#978,.T.);
#649=FACE_OUTER_BOUND('',#979,.T.);
#650=FACE_OUTER_BOUND('',#980,.T.);
#651=FACE_OUTER_BOUND('',#981,.T.);
#652=FACE_OUTER_BOUND('',#982,.T.);
#653=FACE_OUTER_BOUND('',#987,.T.);
#654=FACE_OUTER_BOUND('',#988,.T.);
#655=FACE_OUTER_BOUND('',#989,.T.);
#656=FACE_OUTER_BOUND('',#990,.T.);
#657=FACE_OUTER_BOUND('',#991,.T.);
#658=FACE_OUTER_BOUND('',#992,.T.);
#659=FACE_OUTER_BOUND('',#993,.T.);
#660=FACE_OUTER_BOUND('',#994,.T.);
#661=FACE_OUTER_BOUND('',#995,.T.);
#662=FACE_OUTER_BOUND('',#996,.T.);
#663=FACE_OUTER_BOUND('',#997,.T.);
#664=FACE_OUTER_BOUND('',#998,.T.);
#665=FACE_OUTER_BOUND('',#1003,.T.);
#666=FACE_OUTER_BOUND('',#1004,.T.);
#667=FACE_OUTER_BOUND('',#1005,.T.);
#668=FACE_OUTER_BOUND('',#1006,.T.);
#669=FACE_OUTER_BOUND('',#1007,.T.);
#670=FACE_OUTER_BOUND('',#1008,.T.);
#671=FACE_OUTER_BOUND('',#1009,.T.);
#672=FACE_OUTER_BOUND('',#1010,.T.);
#673=FACE_OUTER_BOUND('',#1011,.T.);
#674=FACE_OUTER_BOUND('',#1012,.T.);
#675=FACE_OUTER_BOUND('',#1013,.T.);
#676=FACE_OUTER_BOUND('',#1014,.T.);
#677=FACE_OUTER_BOUND('',#1015,.T.);
#678=FACE_OUTER_BOUND('',#1016,.T.);
#679=FACE_OUTER_BOUND('',#1017,.T.);
#680=FACE_OUTER_BOUND('',#1018,.T.);
#681=FACE_OUTER_BOUND('',#1019,.T.);
#682=FACE_OUTER_BOUND('',#1020,.T.);
#683=FACE_OUTER_BOUND('',#1021,.T.);
#684=FACE_OUTER_BOUND('',#1022,.T.);
#685=FACE_OUTER_BOUND('',#1023,.T.);
#686=FACE_OUTER_BOUND('',#1024,.T.);
#687=FACE_OUTER_BOUND('',#1025,.T.);
#688=FACE_OUTER_BOUND('',#1026,.T.);
#689=FACE_OUTER_BOUND('',#1040,.T.);
#690=FACE_OUTER_BOUND('',#1041,.T.);
#691=FACE_OUTER_BOUND('',#1042,.T.);
#692=FACE_OUTER_BOUND('',#1043,.T.);
#693=FACE_OUTER_BOUND('',#1044,.T.);
#694=FACE_OUTER_BOUND('',#1045,.T.);
#695=FACE_OUTER_BOUND('',#1046,.T.);
#696=EDGE_LOOP('',(#3271,#3272,#3273,#3274));
#697=EDGE_LOOP('',(#3275,#3276,#3277,#3278));
#698=EDGE_LOOP('',(#3279,#3280,#3281,#3282));
#699=EDGE_LOOP('',(#3283,#3284,#3285,#3286));
#700=EDGE_LOOP('',(#3287,#3288,#3289,#3290));
#701=EDGE_LOOP('',(#3291,#3292,#3293,#3294,#3295,#3296,#3297,#3298));
#702=EDGE_LOOP('',(#3299,#3300,#3301,#3302,#3303,#3304));
#703=EDGE_LOOP('',(#3305,#3306,#3307,#3308,#3309,#3310));
#704=EDGE_LOOP('',(#3311,#3312,#3313,#3314,#3315));
#705=EDGE_LOOP('',(#3316,#3317,#3318,#3319));
#706=EDGE_LOOP('',(#3320,#3321,#3322,#3323,#3324));
#707=EDGE_LOOP('',(#3325,#3326,#3327,#3328));
#708=EDGE_LOOP('',(#3329,#3330,#3331,#3332,#3333));
#709=EDGE_LOOP('',(#3334,#3335,#3336,#3337));
#710=EDGE_LOOP('',(#3338,#3339,#3340,#3341));
#711=EDGE_LOOP('',(#3342,#3343,#3344,#3345));
#712=EDGE_LOOP('',(#3346,#3347,#3348,#3349,#3350));
#713=EDGE_LOOP('',(#3351,#3352,#3353,#3354));
#714=EDGE_LOOP('',(#3355,#3356,#3357,#3358));
#715=EDGE_LOOP('',(#3359,#3360,#3361,#3362));
#716=EDGE_LOOP('',(#3363,#3364,#3365,#3366,#3367));
#717=EDGE_LOOP('',(#3368,#3369,#3370,#3371,#3372,#3373,#3374,#3375));
#718=EDGE_LOOP('',(#3376,#3377,#3378,#3379,#3380));
#719=EDGE_LOOP('',(#3381,#3382,#3383,#3384));
#720=EDGE_LOOP('',(#3385,#3386,#3387,#3388));
#721=EDGE_LOOP('',(#3389,#3390,#3391,#3392));
#722=EDGE_LOOP('',(#3393,#3394,#3395,#3396));
#723=EDGE_LOOP('',(#3397,#3398,#3399,#3400));
#724=EDGE_LOOP('',(#3401,#3402,#3403,#3404));
#725=EDGE_LOOP('',(#3405,#3406,#3407,#3408));
#726=EDGE_LOOP('',(#3409,#3410,#3411,#3412,#3413));
#727=EDGE_LOOP('',(#3414,#3415,#3416,#3417));
#728=EDGE_LOOP('',(#3418,#3419,#3420,#3421,#3422));
#729=EDGE_LOOP('',(#3423,#3424,#3425,#3426));
#730=EDGE_LOOP('',(#3427,#3428,#3429,#3430,#3431));
#731=EDGE_LOOP('',(#3432,#3433,#3434,#3435));
#732=EDGE_LOOP('',(#3436,#3437,#3438,#3439));
#733=EDGE_LOOP('',(#3440,#3441,#3442,#3443));
#734=EDGE_LOOP('',(#3444,#3445,#3446,#3447));
#735=EDGE_LOOP('',(#3448,#3449,#3450,#3451));
#736=EDGE_LOOP('',(#3452,#3453,#3454,#3455,#3456));
#737=EDGE_LOOP('',(#3457,#3458,#3459,#3460,#3461,#3462));
#738=EDGE_LOOP('',(#3463,#3464,#3465,#3466));
#739=EDGE_LOOP('',(#3467));
#740=EDGE_LOOP('',(#3468));
#741=EDGE_LOOP('',(#3469,#3470,#3471,#3472));
#742=EDGE_LOOP('',(#3473));
#743=EDGE_LOOP('',(#3474));
#744=EDGE_LOOP('',(#3475,#3476,#3477,#3478));
#745=EDGE_LOOP('',(#3479,#3480,#3481,#3482));
#746=EDGE_LOOP('',(#3483,#3484,#3485,#3486));
#747=EDGE_LOOP('',(#3487,#3488,#3489,#3490));
#748=EDGE_LOOP('',(#3491,#3492,#3493,#3494));
#749=EDGE_LOOP('',(#3495,#3496,#3497,#3498,#3499,#3500,#3501,#3502));
#750=EDGE_LOOP('',(#3503,#3504,#3505,#3506));
#751=EDGE_LOOP('',(#3507,#3508,#3509,#3510,#3511,#3512,#3513,#3514));
#752=EDGE_LOOP('',(#3515,#3516,#3517,#3518));
#753=EDGE_LOOP('',(#3519,#3520,#3521,#3522));
#754=EDGE_LOOP('',(#3523,#3524,#3525,#3526,#3527,#3528,#3529,#3530,#3531,
#3532,#3533,#3534,#3535,#3536,#3537,#3538));
#755=EDGE_LOOP('',(#3539,#3540,#3541,#3542));
#756=EDGE_LOOP('',(#3543,#3544,#3545,#3546));
#757=EDGE_LOOP('',(#3547,#3548,#3549,#3550));
#758=EDGE_LOOP('',(#3551,#3552,#3553,#3554));
#759=EDGE_LOOP('',(#3555,#3556,#3557,#3558,#3559));
#760=EDGE_LOOP('',(#3560,#3561,#3562,#3563));
#761=EDGE_LOOP('',(#3564,#3565));
#762=EDGE_LOOP('',(#3566,#3567));
#763=EDGE_LOOP('',(#3568,#3569,#3570,#3571));
#764=EDGE_LOOP('',(#3572,#3573,#3574,#3575,#3576,#3577,#3578,#3579,#3580,
#3581));
#765=EDGE_LOOP('',(#3582,#3583,#3584,#3585));
#766=EDGE_LOOP('',(#3586,#3587,#3588,#3589));
#767=EDGE_LOOP('',(#3590,#3591,#3592,#3593,#3594,#3595,#3596,#3597,#3598,
#3599,#3600));
#768=EDGE_LOOP('',(#3601,#3602,#3603,#3604));
#769=EDGE_LOOP('',(#3605,#3606,#3607,#3608));
#770=EDGE_LOOP('',(#3609,#3610,#3611,#3612));
#771=EDGE_LOOP('',(#3613,#3614,#3615,#3616));
#772=EDGE_LOOP('',(#3617,#3618,#3619,#3620));
#773=EDGE_LOOP('',(#3621,#3622,#3623,#3624,#3625,#3626));
#774=EDGE_LOOP('',(#3627,#3628,#3629,#3630));
#775=EDGE_LOOP('',(#3631,#3632,#3633,#3634));
#776=EDGE_LOOP('',(#3635,#3636,#3637,#3638));
#777=EDGE_LOOP('',(#3639,#3640,#3641,#3642));
#778=EDGE_LOOP('',(#3643,#3644,#3645,#3646));
#779=EDGE_LOOP('',(#3647,#3648,#3649,#3650));
#780=EDGE_LOOP('',(#3651,#3652,#3653,#3654));
#781=EDGE_LOOP('',(#3655,#3656,#3657,#3658));
#782=EDGE_LOOP('',(#3659,#3660,#3661,#3662,#3663,#3664));
#783=EDGE_LOOP('',(#3665,#3666,#3667,#3668));
#784=EDGE_LOOP('',(#3669,#3670,#3671,#3672,#3673));
#785=EDGE_LOOP('',(#3674,#3675,#3676,#3677));
#786=EDGE_LOOP('',(#3678,#3679,#3680,#3681));
#787=EDGE_LOOP('',(#3682,#3683,#3684,#3685));
#788=EDGE_LOOP('',(#3686,#3687,#3688,#3689));
#789=EDGE_LOOP('',(#3690,#3691,#3692,#3693,#3694));
#790=EDGE_LOOP('',(#3695,#3696,#3697,#3698));
#791=EDGE_LOOP('',(#3699,#3700,#3701,#3702));
#792=EDGE_LOOP('',(#3703,#3704,#3705));
#793=EDGE_LOOP('',(#3706,#3707,#3708,#3709));
#794=EDGE_LOOP('',(#3710,#3711,#3712));
#795=EDGE_LOOP('',(#3713,#3714,#3715,#3716));
#796=EDGE_LOOP('',(#3717,#3718,#3719,#3720,#3721,#3722));
#797=EDGE_LOOP('',(#3723,#3724,#3725,#3726,#3727,#3728));
#798=EDGE_LOOP('',(#3729,#3730,#3731,#3732));
#799=EDGE_LOOP('',(#3733,#3734,#3735,#3736));
#800=EDGE_LOOP('',(#3737,#3738,#3739,#3740));
#801=EDGE_LOOP('',(#3741,#3742,#3743,#3744,#3745,#3746));
#802=EDGE_LOOP('',(#3747,#3748,#3749,#3750,#3751,#3752,#3753,#3754,#3755,
#3756));
#803=EDGE_LOOP('',(#3757,#3758,#3759,#3760));
#804=EDGE_LOOP('',(#3761,#3762,#3763,#3764));
#805=EDGE_LOOP('',(#3765,#3766,#3767));
#806=EDGE_LOOP('',(#3768,#3769,#3770,#3771));
#807=EDGE_LOOP('',(#3772,#3773,#3774));
#808=EDGE_LOOP('',(#3775,#3776,#3777,#3778));
#809=EDGE_LOOP('',(#3779,#3780,#3781,#3782));
#810=EDGE_LOOP('',(#3783,#3784,#3785,#3786));
#811=EDGE_LOOP('',(#3787,#3788,#3789,#3790,#3791,#3792,#3793,#3794));
#812=EDGE_LOOP('',(#3795,#3796,#3797,#3798));
#813=EDGE_LOOP('',(#3799,#3800,#3801,#3802));
#814=EDGE_LOOP('',(#3803,#3804,#3805,#3806));
#815=EDGE_LOOP('',(#3807,#3808,#3809,#3810,#3811,#3812,#3813,#3814,#3815,
#3816,#3817,#3818));
#816=EDGE_LOOP('',(#3819));
#817=EDGE_LOOP('',(#3820));
#818=EDGE_LOOP('',(#3821));
#819=EDGE_LOOP('',(#3822));
#820=EDGE_LOOP('',(#3823));
#821=EDGE_LOOP('',(#3824));
#822=EDGE_LOOP('',(#3825));
#823=EDGE_LOOP('',(#3826));
#824=EDGE_LOOP('',(#3827));
#825=EDGE_LOOP('',(#3828));
#826=EDGE_LOOP('',(#3829));
#827=EDGE_LOOP('',(#3830));
#828=EDGE_LOOP('',(#3831));
#829=EDGE_LOOP('',(#3832,#3833,#3834,#3835));
#830=EDGE_LOOP('',(#3836,#3837,#3838,#3839));
#831=EDGE_LOOP('',(#3840,#3841,#3842,#3843));
#832=EDGE_LOOP('',(#3844,#3845,#3846,#3847));
#833=EDGE_LOOP('',(#3848,#3849,#3850,#3851));
#834=EDGE_LOOP('',(#3852,#3853,#3854,#3855));
#835=EDGE_LOOP('',(#3856,#3857,#3858,#3859,#3860));
#836=EDGE_LOOP('',(#3861,#3862,#3863,#3864,#3865,#3866,#3867,#3868,#3869,
#3870,#3871,#3872));
#837=EDGE_LOOP('',(#3873));
#838=EDGE_LOOP('',(#3874));
#839=EDGE_LOOP('',(#3875));
#840=EDGE_LOOP('',(#3876));
#841=EDGE_LOOP('',(#3877));
#842=EDGE_LOOP('',(#3878));
#843=EDGE_LOOP('',(#3879));
#844=EDGE_LOOP('',(#3880));
#845=EDGE_LOOP('',(#3881));
#846=EDGE_LOOP('',(#3882));
#847=EDGE_LOOP('',(#3883));
#848=EDGE_LOOP('',(#3884));
#849=EDGE_LOOP('',(#3885));
#850=EDGE_LOOP('',(#3886,#3887,#3888,#3889));
#851=EDGE_LOOP('',(#3890,#3891,#3892,#3893));
#852=EDGE_LOOP('',(#3894,#3895,#3896,#3897));
#853=EDGE_LOOP('',(#3898,#3899,#3900,#3901));
#854=EDGE_LOOP('',(#3902,#3903,#3904,#3905));
#855=EDGE_LOOP('',(#3906,#3907,#3908,#3909));
#856=EDGE_LOOP('',(#3910,#3911,#3912,#3913));
#857=EDGE_LOOP('',(#3914,#3915,#3916,#3917));
#858=EDGE_LOOP('',(#3918,#3919,#3920,#3921));
#859=EDGE_LOOP('',(#3922,#3923,#3924,#3925));
#860=EDGE_LOOP('',(#3926,#3927,#3928,#3929));
#861=EDGE_LOOP('',(#3930,#3931,#3932,#3933));
#862=EDGE_LOOP('',(#3934,#3935,#3936,#3937));
#863=EDGE_LOOP('',(#3938,#3939,#3940,#3941));
#864=EDGE_LOOP('',(#3942,#3943,#3944,#3945));
#865=EDGE_LOOP('',(#3946,#3947,#3948,#3949));
#866=EDGE_LOOP('',(#3950,#3951,#3952,#3953));
#867=EDGE_LOOP('',(#3954,#3955,#3956,#3957));
#868=EDGE_LOOP('',(#3958,#3959,#3960,#3961));
#869=EDGE_LOOP('',(#3962,#3963,#3964,#3965));
#870=EDGE_LOOP('',(#3966,#3967,#3968,#3969));
#871=EDGE_LOOP('',(#3970,#3971,#3972,#3973,#3974,#3975,#3976,#3977));
#872=EDGE_LOOP('',(#3978,#3979,#3980,#3981));
#873=EDGE_LOOP('',(#3982,#3983,#3984,#3985,#3986));
#874=EDGE_LOOP('',(#3987,#3988,#3989,#3990));
#875=EDGE_LOOP('',(#3991,#3992,#3993,#3994));
#876=EDGE_LOOP('',(#3995,#3996,#3997,#3998,#3999,#4000,#4001,#4002,#4003,
#4004));
#877=EDGE_LOOP('',(#4005,#4006,#4007,#4008));
#878=EDGE_LOOP('',(#4009,#4010,#4011,#4012));
#879=EDGE_LOOP('',(#4013,#4014,#4015,#4016));
#880=EDGE_LOOP('',(#4017,#4018,#4019,#4020));
#881=EDGE_LOOP('',(#4021,#4022,#4023,#4024));
#882=EDGE_LOOP('',(#4025,#4026,#4027,#4028));
#883=EDGE_LOOP('',(#4029,#4030,#4031,#4032));
#884=EDGE_LOOP('',(#4033,#4034,#4035,#4036));
#885=EDGE_LOOP('',(#4037,#4038,#4039,#4040));
#886=EDGE_LOOP('',(#4041,#4042,#4043,#4044));
#887=EDGE_LOOP('',(#4045,#4046,#4047,#4048));
#888=EDGE_LOOP('',(#4049,#4050,#4051,#4052));
#889=EDGE_LOOP('',(#4053,#4054,#4055,#4056));
#890=EDGE_LOOP('',(#4057,#4058,#4059,#4060));
#891=EDGE_LOOP('',(#4061,#4062,#4063,#4064));
#892=EDGE_LOOP('',(#4065,#4066,#4067,#4068));
#893=EDGE_LOOP('',(#4069,#4070,#4071,#4072));
#894=EDGE_LOOP('',(#4073,#4074,#4075,#4076,#4077));
#895=EDGE_LOOP('',(#4078,#4079,#4080,#4081));
#896=EDGE_LOOP('',(#4082));
#897=EDGE_LOOP('',(#4083));
#898=EDGE_LOOP('',(#4084,#4085,#4086,#4087));
#899=EDGE_LOOP('',(#4088,#4089,#4090,#4091));
#900=EDGE_LOOP('',(#4092,#4093,#4094,#4095,#4096));
#901=EDGE_LOOP('',(#4097,#4098,#4099,#4100));
#902=EDGE_LOOP('',(#4101,#4102,#4103,#4104));
#903=EDGE_LOOP('',(#4105,#4106,#4107,#4108));
#904=EDGE_LOOP('',(#4109,#4110,#4111,#4112));
#905=EDGE_LOOP('',(#4113,#4114,#4115,#4116));
#906=EDGE_LOOP('',(#4117));
#907=EDGE_LOOP('',(#4118));
#908=EDGE_LOOP('',(#4119,#4120,#4121,#4122));
#909=EDGE_LOOP('',(#4123));
#910=EDGE_LOOP('',(#4124));
#911=EDGE_LOOP('',(#4125,#4126,#4127,#4128,#4129));
#912=EDGE_LOOP('',(#4130,#4131,#4132,#4133));
#913=EDGE_LOOP('',(#4134,#4135,#4136,#4137));
#914=EDGE_LOOP('',(#4138,#4139,#4140,#4141));
#915=EDGE_LOOP('',(#4142,#4143,#4144,#4145,#4146));
#916=EDGE_LOOP('',(#4147,#4148,#4149,#4150));
#917=EDGE_LOOP('',(#4151,#4152,#4153,#4154));
#918=EDGE_LOOP('',(#4155,#4156,#4157,#4158));
#919=EDGE_LOOP('',(#4159,#4160,#4161,#4162));
#920=EDGE_LOOP('',(#4163));
#921=EDGE_LOOP('',(#4164));
#922=EDGE_LOOP('',(#4165,#4166,#4167,#4168));
#923=EDGE_LOOP('',(#4169));
#924=EDGE_LOOP('',(#4170));
#925=EDGE_LOOP('',(#4171,#4172,#4173,#4174,#4175));
#926=EDGE_LOOP('',(#4176,#4177,#4178,#4179));
#927=EDGE_LOOP('',(#4180,#4181,#4182,#4183));
#928=EDGE_LOOP('',(#4184,#4185,#4186,#4187,#4188));
#929=EDGE_LOOP('',(#4189,#4190,#4191,#4192));
#930=EDGE_LOOP('',(#4193,#4194,#4195,#4196));
#931=EDGE_LOOP('',(#4197,#4198,#4199,#4200));
#932=EDGE_LOOP('',(#4201,#4202,#4203,#4204));
#933=EDGE_LOOP('',(#4205));
#934=EDGE_LOOP('',(#4206));
#935=EDGE_LOOP('',(#4207,#4208,#4209,#4210));
#936=EDGE_LOOP('',(#4211,#4212,#4213,#4214));
#937=EDGE_LOOP('',(#4215));
#938=EDGE_LOOP('',(#4216));
#939=EDGE_LOOP('',(#4217,#4218,#4219,#4220));
#940=EDGE_LOOP('',(#4221,#4222,#4223,#4224));
#941=EDGE_LOOP('',(#4225,#4226,#4227,#4228));
#942=EDGE_LOOP('',(#4229,#4230,#4231,#4232));
#943=EDGE_LOOP('',(#4233,#4234,#4235,#4236));
#944=EDGE_LOOP('',(#4237,#4238,#4239,#4240));
#945=EDGE_LOOP('',(#4241,#4242,#4243,#4244));
#946=EDGE_LOOP('',(#4245,#4246,#4247,#4248));
#947=EDGE_LOOP('',(#4249));
#948=EDGE_LOOP('',(#4250));
#949=EDGE_LOOP('',(#4251,#4252,#4253,#4254));
#950=EDGE_LOOP('',(#4255,#4256,#4257,#4258));
#951=EDGE_LOOP('',(#4259,#4260,#4261,#4262,#4263,#4264));
#952=EDGE_LOOP('',(#4265,#4266,#4267,#4268));
#953=EDGE_LOOP('',(#4269,#4270,#4271,#4272,#4273,#4274,#4275,#4276));
#954=EDGE_LOOP('',(#4277,#4278,#4279,#4280,#4281));
#955=EDGE_LOOP('',(#4282,#4283,#4284,#4285));
#956=EDGE_LOOP('',(#4286,#4287,#4288,#4289));
#957=EDGE_LOOP('',(#4290,#4291,#4292,#4293,#4294));
#958=EDGE_LOOP('',(#4295,#4296,#4297,#4298));
#959=EDGE_LOOP('',(#4299,#4300,#4301,#4302,#4303));
#960=EDGE_LOOP('',(#4304));
#961=EDGE_LOOP('',(#4305,#4306,#4307,#4308));
#962=EDGE_LOOP('',(#4309,#4310,#4311,#4312));
#963=EDGE_LOOP('',(#4313,#4314,#4315,#4316));
#964=EDGE_LOOP('',(#4317,#4318,#4319,#4320));
#965=EDGE_LOOP('',(#4321,#4322,#4323,#4324));
#966=EDGE_LOOP('',(#4325,#4326,#4327,#4328));
#967=EDGE_LOOP('',(#4329,#4330,#4331,#4332));
#968=EDGE_LOOP('',(#4333,#4334,#4335,#4336));
#969=EDGE_LOOP('',(#4337,#4338,#4339,#4340));
#970=EDGE_LOOP('',(#4341,#4342,#4343,#4344));
#971=EDGE_LOOP('',(#4345,#4346,#4347,#4348));
#972=EDGE_LOOP('',(#4349,#4350,#4351,#4352));
#973=EDGE_LOOP('',(#4353,#4354,#4355,#4356));
#974=EDGE_LOOP('',(#4357,#4358,#4359,#4360,#4361));
#975=EDGE_LOOP('',(#4362));
#976=EDGE_LOOP('',(#4363,#4364,#4365,#4366));
#977=EDGE_LOOP('',(#4367,#4368,#4369,#4370));
#978=EDGE_LOOP('',(#4371,#4372,#4373,#4374));
#979=EDGE_LOOP('',(#4375,#4376,#4377,#4378));
#980=EDGE_LOOP('',(#4379,#4380,#4381,#4382));
#981=EDGE_LOOP('',(#4383,#4384,#4385,#4386));
#982=EDGE_LOOP('',(#4387,#4388,#4389,#4390));
#983=EDGE_LOOP('',(#4391));
#984=EDGE_LOOP('',(#4392));
#985=EDGE_LOOP('',(#4393,#4394,#4395,#4396));
#986=EDGE_LOOP('',(#4397,#4398,#4399,#4400));
#987=EDGE_LOOP('',(#4401,#4402,#4403,#4404));
#988=EDGE_LOOP('',(#4405,#4406,#4407,#4408));
#989=EDGE_LOOP('',(#4409,#4410,#4411,#4412));
#990=EDGE_LOOP('',(#4413,#4414,#4415,#4416));
#991=EDGE_LOOP('',(#4417,#4418,#4419,#4420,#4421,#4422));
#992=EDGE_LOOP('',(#4423,#4424,#4425,#4426));
#993=EDGE_LOOP('',(#4427,#4428,#4429,#4430));
#994=EDGE_LOOP('',(#4431,#4432,#4433,#4434));
#995=EDGE_LOOP('',(#4435,#4436,#4437,#4438));
#996=EDGE_LOOP('',(#4439,#4440,#4441,#4442));
#997=EDGE_LOOP('',(#4443,#4444,#4445,#4446,#4447,#4448,#4449,#4450));
#998=EDGE_LOOP('',(#4451,#4452,#4453,#4454));
#999=EDGE_LOOP('',(#4455));
#1000=EDGE_LOOP('',(#4456));
#1001=EDGE_LOOP('',(#4457,#4458,#4459,#4460));
#1002=EDGE_LOOP('',(#4461,#4462,#4463,#4464));
#1003=EDGE_LOOP('',(#4465,#4466,#4467,#4468));
#1004=EDGE_LOOP('',(#4469,#4470,#4471,#4472));
#1005=EDGE_LOOP('',(#4473,#4474,#4475,#4476));
#1006=EDGE_LOOP('',(#4477,#4478,#4479,#4480));
#1007=EDGE_LOOP('',(#4481,#4482,#4483,#4484));
#1008=EDGE_LOOP('',(#4485,#4486,#4487,#4488));
#1009=EDGE_LOOP('',(#4489,#4490,#4491,#4492));
#1010=EDGE_LOOP('',(#4493,#4494,#4495,#4496));
#1011=EDGE_LOOP('',(#4497,#4498,#4499,#4500));
#1012=EDGE_LOOP('',(#4501,#4502,#4503,#4504));
#1013=EDGE_LOOP('',(#4505,#4506,#4507,#4508));
#1014=EDGE_LOOP('',(#4509,#4510,#4511,#4512));
#1015=EDGE_LOOP('',(#4513,#4514,#4515,#4516));
#1016=EDGE_LOOP('',(#4517,#4518,#4519,#4520));
#1017=EDGE_LOOP('',(#4521,#4522,#4523,#4524));
#1018=EDGE_LOOP('',(#4525,#4526,#4527,#4528));
#1019=EDGE_LOOP('',(#4529,#4530,#4531,#4532));
#1020=EDGE_LOOP('',(#4533,#4534,#4535,#4536));
#1021=EDGE_LOOP('',(#4537,#4538,#4539,#4540));
#1022=EDGE_LOOP('',(#4541,#4542,#4543,#4544));
#1023=EDGE_LOOP('',(#4545,#4546,#4547,#4548));
#1024=EDGE_LOOP('',(#4549,#4550,#4551,#4552));
#1025=EDGE_LOOP('',(#4553,#4554,#4555,#4556));
#1026=EDGE_LOOP('',(#4557,#4558,#4559,#4560,#4561,#4562,#4563,#4564));
#1027=EDGE_LOOP('',(#4565));
#1028=EDGE_LOOP('',(#4566));
#1029=EDGE_LOOP('',(#4567));
#1030=EDGE_LOOP('',(#4568));
#1031=EDGE_LOOP('',(#4569));
#1032=EDGE_LOOP('',(#4570));
#1033=EDGE_LOOP('',(#4571));
#1034=EDGE_LOOP('',(#4572));
#1035=EDGE_LOOP('',(#4573));
#1036=EDGE_LOOP('',(#4574));
#1037=EDGE_LOOP('',(#4575));
#1038=EDGE_LOOP('',(#4576));
#1039=EDGE_LOOP('',(#4577));
#1040=EDGE_LOOP('',(#4578,#4579,#4580,#4581));
#1041=EDGE_LOOP('',(#4582,#4583,#4584,#4585));
#1042=EDGE_LOOP('',(#4586,#4587,#4588,#4589));
#1043=EDGE_LOOP('',(#4590,#4591,#4592,#4593));
#1044=EDGE_LOOP('',(#4594,#4595,#4596,#4597));
#1045=EDGE_LOOP('',(#4598,#4599,#4600,#4601));
#1046=EDGE_LOOP('',(#4602,#4603,#4604,#4605,#4606,#4607,#4608,#4609));
#1047=EDGE_LOOP('',(#4610));
#1048=EDGE_LOOP('',(#4611));
#1049=EDGE_LOOP('',(#4612));
#1050=EDGE_LOOP('',(#4613));
#1051=EDGE_LOOP('',(#4614));
#1052=EDGE_LOOP('',(#4615));
#1053=EDGE_LOOP('',(#4616));
#1054=EDGE_LOOP('',(#4617));
#1055=EDGE_LOOP('',(#4618));
#1056=EDGE_LOOP('',(#4619));
#1057=EDGE_LOOP('',(#4620));
#1058=EDGE_LOOP('',(#4621));
#1059=EDGE_LOOP('',(#4622));
#1060=LINE('',#6745,#1540);
#1061=LINE('',#6749,#1541);
#1062=LINE('',#6755,#1542);
#1063=LINE('',#6759,#1543);
#1064=LINE('',#6764,#1544);
#1065=LINE('',#6766,#1545);
#1066=LINE('',#6768,#1546);
#1067=LINE('',#6769,#1547);
#1068=LINE('',#6776,#1548);
#1069=LINE('',#6780,#1549);
#1070=LINE('',#6783,#1550);
#1071=LINE('',#6787,#1551);
#1072=LINE('',#6790,#1552);
#1073=LINE('',#6791,#1553);
#1074=LINE('',#6795,#1554);
#1075=LINE('',#6797,#1555);
#1076=LINE('',#6798,#1556);
#1077=LINE('',#6802,#1557);
#1078=LINE('',#6804,#1558);
#1079=LINE('',#6806,#1559);
#1080=LINE('',#6807,#1560);
#1081=LINE('',#6810,#1561);
#1082=LINE('',#6811,#1562);
#1083=LINE('',#6814,#1563);
#1084=LINE('',#6815,#1564);
#1085=LINE('',#6819,#1565);
#1086=LINE('',#6829,#1566);
#1087=LINE('',#6834,#1567);
#1088=LINE('',#6836,#1568);
#1089=LINE('',#6838,#1569);
#1090=LINE('',#6840,#1570);
#1091=LINE('',#6841,#1571);
#1092=LINE('',#6844,#1572);
#1093=LINE('',#6846,#1573);
#1094=LINE('',#6847,#1574);
#1095=LINE('',#6849,#1575);
#1096=LINE('',#6850,#1576);
#1097=LINE('',#6853,#1577);
#1098=LINE('',#6883,#1578);
#1099=LINE('',#6884,#1579);
#1100=LINE('',#6885,#1580);
#1101=LINE('',#6888,#1581);
#1102=LINE('',#6889,#1582);
#1103=LINE('',#6891,#1583);
#1104=LINE('',#6893,#1584);
#1105=LINE('',#6898,#1585);
#1106=LINE('',#6901,#1586);
#1107=LINE('',#6904,#1587);
#1108=LINE('',#6906,#1588);
#1109=LINE('',#6907,#1589);
#1110=LINE('',#6910,#1590);
#1111=LINE('',#6912,#1591);
#1112=LINE('',#6913,#1592);
#1113=LINE('',#6915,#1593);
#1114=LINE('',#6916,#1594);
#1115=LINE('',#6918,#1595);
#1116=LINE('',#6920,#1596);
#1117=LINE('',#6922,#1597);
#1118=LINE('',#6925,#1598);
#1119=LINE('',#6930,#1599);
#1120=LINE('',#6933,#1600);
#1121=LINE('',#6944,#1601);
#1122=LINE('',#6946,#1602);
#1123=LINE('',#6948,#1603);
#1124=LINE('',#6950,#1604);
#1125=LINE('',#6951,#1605);
#1126=LINE('',#6954,#1606);
#1127=LINE('',#6955,#1607);
#1128=LINE('',#6956,#1608);
#1129=LINE('',#6986,#1609);
#1130=LINE('',#6987,#1610);
#1131=LINE('',#6990,#1611);
#1132=LINE('',#6993,#1612);
#1133=LINE('',#6994,#1613);
#1134=LINE('',#6997,#1614);
#1135=LINE('',#6998,#1615);
#1136=LINE('',#7000,#1616);
#1137=LINE('',#7002,#1617);
#1138=LINE('',#7005,#1618);
#1139=LINE('',#7006,#1619);
#1140=LINE('',#7012,#1620);
#1141=LINE('',#7014,#1621);
#1142=LINE('',#7016,#1622);
#1143=LINE('',#7017,#1623);
#1144=LINE('',#7021,#1624);
#1145=LINE('',#7023,#1625);
#1146=LINE('',#7025,#1626);
#1147=LINE('',#7026,#1627);
#1148=LINE('',#7029,#1628);
#1149=LINE('',#7031,#1629);
#1150=LINE('',#7032,#1630);
#1151=LINE('',#7035,#1631);
#1152=LINE('',#7037,#1632);
#1153=LINE('',#7038,#1633);
#1154=LINE('',#7041,#1634);
#1155=LINE('',#7043,#1635);
#1156=LINE('',#7044,#1636);
#1157=LINE('',#7047,#1637);
#1158=LINE('',#7048,#1638);
#1159=LINE('',#7049,#1639);
#1160=LINE('',#7051,#1640);
#1161=LINE('',#7054,#1641);
#1162=LINE('',#7055,#1642);
#1163=LINE('',#7057,#1643);
#1164=LINE('',#7064,#1644);
#1165=LINE('',#7068,#1645);
#1166=LINE('',#7070,#1646);
#1167=LINE('',#7072,#1647);
#1168=LINE('',#7076,#1648);
#1169=LINE('',#7080,#1649);
#1170=LINE('',#7084,#1650);
#1171=LINE('',#7088,#1651);
#1172=LINE('',#7090,#1652);
#1173=LINE('',#7091,#1653);
#1174=LINE('',#7094,#1654);
#1175=LINE('',#7097,#1655);
#1176=LINE('',#7100,#1656);
#1177=LINE('',#7103,#1657);
#1178=LINE('',#7106,#1658);
#1179=LINE('',#7108,#1659);
#1180=LINE('',#7109,#1660);
#1181=LINE('',#7112,#1661);
#1182=LINE('',#7114,#1662);
#1183=LINE('',#7115,#1663);
#1184=LINE('',#7118,#1664);
#1185=LINE('',#7120,#1665);
#1186=LINE('',#7121,#1666);
#1187=LINE('',#7124,#1667);
#1188=LINE('',#7126,#1668);
#1189=LINE('',#7127,#1669);
#1190=LINE('',#7140,#1670);
#1191=LINE('',#7141,#1671);
#1192=LINE('',#7148,#1672);
#1193=LINE('',#7150,#1673);
#1194=LINE('',#7151,#1674);
#1195=LINE('',#7174,#1675);
#1196=LINE('',#7178,#1676);
#1197=LINE('',#7179,#1677);
#1198=LINE('',#7183,#1678);
#1199=LINE('',#7185,#1679);
#1200=LINE('',#7187,#1680);
#1201=LINE('',#7191,#1681);
#1202=LINE('',#7197,#1682);
#1203=LINE('',#7199,#1683);
#1204=LINE('',#7201,#1684);
#1205=LINE('',#7203,#1685);
#1206=LINE('',#7205,#1686);
#1207=LINE('',#7206,#1687);
#1208=LINE('',#7209,#1688);
#1209=LINE('',#7211,#1689);
#1210=LINE('',#7212,#1690);
#1211=LINE('',#7214,#1691);
#1212=LINE('',#7215,#1692);
#1213=LINE('',#7218,#1693);
#1214=LINE('',#7221,#1694);
#1215=LINE('',#7224,#1695);
#1216=LINE('',#7225,#1696);
#1217=LINE('',#7228,#1697);
#1218=LINE('',#7229,#1698);
#1219=LINE('',#7231,#1699);
#1220=LINE('',#7236,#1700);
#1221=LINE('',#7240,#1701);
#1222=LINE('',#7242,#1702);
#1223=LINE('',#7243,#1703);
#1224=LINE('',#7246,#1704);
#1225=LINE('',#7249,#1705);
#1226=LINE('',#7250,#1706);
#1227=LINE('',#7252,#1707);
#1228=LINE('',#7260,#1708);
#1229=LINE('',#7263,#1709);
#1230=LINE('',#7268,#1710);
#1231=LINE('',#7271,#1711);
#1232=LINE('',#7278,#1712);
#1233=LINE('',#7281,#1713);
#1234=LINE('',#7285,#1714);
#1235=LINE('',#7288,#1715);
#1236=LINE('',#7290,#1716);
#1237=LINE('',#7292,#1717);
#1238=LINE('',#7294,#1718);
#1239=LINE('',#7295,#1719);
#1240=LINE('',#7298,#1720);
#1241=LINE('',#7300,#1721);
#1242=LINE('',#7302,#1722);
#1243=LINE('',#7304,#1723);
#1244=LINE('',#7305,#1724);
#1245=LINE('',#7308,#1725);
#1246=LINE('',#7313,#1726);
#1247=LINE('',#7315,#1727);
#1248=LINE('',#7317,#1728);
#1249=LINE('',#7321,#1729);
#1250=LINE('',#7325,#1730);
#1251=LINE('',#7327,#1731);
#1252=LINE('',#7329,#1732);
#1253=LINE('',#7331,#1733);
#1254=LINE('',#7332,#1734);
#1255=LINE('',#7336,#1735);
#1256=LINE('',#7341,#1736);
#1257=LINE('',#7344,#1737);
#1258=LINE('',#7350,#1738);
#1259=LINE('',#7352,#1739);
#1260=LINE('',#7353,#1740);
#1261=LINE('',#7356,#1741);
#1262=LINE('',#7357,#1742);
#1263=LINE('',#7360,#1743);
#1264=LINE('',#7361,#1744);
#1265=LINE('',#7363,#1745);
#1266=LINE('',#7368,#1746);
#1267=LINE('',#7370,#1747);
#1268=LINE('',#7372,#1748);
#1269=LINE('',#7373,#1749);
#1270=LINE('',#7377,#1750);
#1271=LINE('',#7379,#1751);
#1272=LINE('',#7381,#1752);
#1273=LINE('',#7385,#1753);
#1274=LINE('',#7388,#1754);
#1275=LINE('',#7390,#1755);
#1276=LINE('',#7392,#1756);
#1277=LINE('',#7394,#1757);
#1278=LINE('',#7395,#1758);
#1279=LINE('',#7424,#1759);
#1280=LINE('',#7426,#1760);
#1281=LINE('',#7427,#1761);
#1282=LINE('',#7430,#1762);
#1283=LINE('',#7431,#1763);
#1284=LINE('',#7434,#1764);
#1285=LINE('',#7438,#1765);
#1286=LINE('',#7439,#1766);
#1287=LINE('',#7442,#1767);
#1288=LINE('',#7449,#1768);
#1289=LINE('',#7452,#1769);
#1290=LINE('',#7454,#1770);
#1291=LINE('',#7458,#1771);
#1292=LINE('',#7459,#1772);
#1293=LINE('',#7461,#1773);
#1294=LINE('',#7463,#1774);
#1295=LINE('',#7465,#1775);
#1296=LINE('',#7466,#1776);
#1297=LINE('',#7467,#1777);
#1298=LINE('',#7495,#1778);
#1299=LINE('',#7497,#1779);
#1300=LINE('',#7499,#1780);
#1301=LINE('',#7501,#1781);
#1302=LINE('',#7503,#1782);
#1303=LINE('',#7505,#1783);
#1304=LINE('',#7507,#1784);
#1305=LINE('',#7509,#1785);
#1306=LINE('',#7511,#1786);
#1307=LINE('',#7513,#1787);
#1308=LINE('',#7515,#1788);
#1309=LINE('',#7517,#1789);
#1310=LINE('',#7519,#1790);
#1311=LINE('',#7521,#1791);
#1312=LINE('',#7523,#1792);
#1313=LINE('',#7528,#1793);
#1314=LINE('',#7530,#1794);
#1315=LINE('',#7532,#1795);
#1316=LINE('',#7533,#1796);
#1317=LINE('',#7539,#1797);
#1318=LINE('',#7542,#1798);
#1319=LINE('',#7544,#1799);
#1320=LINE('',#7545,#1800);
#1321=LINE('',#7548,#1801);
#1322=LINE('',#7550,#1802);
#1323=LINE('',#7551,#1803);
#1324=LINE('',#7554,#1804);
#1325=LINE('',#7556,#1805);
#1326=LINE('',#7557,#1806);
#1327=LINE('',#7560,#1807);
#1328=LINE('',#7561,#1808);
#1329=LINE('',#7562,#1809);
#1330=LINE('',#7565,#1810);
#1331=LINE('',#7566,#1811);
#1332=LINE('',#7568,#1812);
#1333=LINE('',#7570,#1813);
#1334=LINE('',#7572,#1814);
#1335=LINE('',#7581,#1815);
#1336=LINE('',#7587,#1816);
#1337=LINE('',#7593,#1817);
#1338=LINE('',#7598,#1818);
#1339=LINE('',#7600,#1819);
#1340=LINE('',#7602,#1820);
#1341=LINE('',#7603,#1821);
#1342=LINE('',#7606,#1822);
#1343=LINE('',#7608,#1823);
#1344=LINE('',#7609,#1824);
#1345=LINE('',#7612,#1825);
#1346=LINE('',#7614,#1826);
#1347=LINE('',#7615,#1827);
#1348=LINE('',#7617,#1828);
#1349=LINE('',#7618,#1829);
#1350=LINE('',#7623,#1830);
#1351=LINE('',#7629,#1831);
#1352=LINE('',#7635,#1832);
#1353=LINE('',#7641,#1833);
#1354=LINE('',#7647,#1834);
#1355=LINE('',#7653,#1835);
#1356=LINE('',#7659,#1836);
#1357=LINE('',#7665,#1837);
#1358=LINE('',#7670,#1838);
#1359=LINE('',#7679,#1839);
#1360=LINE('',#7688,#1840);
#1361=LINE('',#7690,#1841);
#1362=LINE('',#7692,#1842);
#1363=LINE('',#7693,#1843);
#1364=LINE('',#7717,#1844);
#1365=LINE('',#7721,#1845);
#1366=LINE('',#7722,#1846);
#1367=LINE('',#7727,#1847);
#1368=LINE('',#7731,#1848);
#1369=LINE('',#7732,#1849);
#1370=LINE('',#7734,#1850);
#1371=LINE('',#7735,#1851);
#1372=LINE('',#7756,#1852);
#1373=LINE('',#7758,#1853);
#1374=LINE('',#7763,#1854);
#1375=LINE('',#7765,#1855);
#1376=LINE('',#7767,#1856);
#1377=LINE('',#7768,#1857);
#1378=LINE('',#7772,#1858);
#1379=LINE('',#7778,#1859);
#1380=LINE('',#7782,#1860);
#1381=LINE('',#7783,#1861);
#1382=LINE('',#7784,#1862);
#1383=LINE('',#7815,#1863);
#1384=LINE('',#7824,#1864);
#1385=LINE('',#7849,#1865);
#1386=LINE('',#7850,#1866);
#1387=LINE('',#7853,#1867);
#1388=LINE('',#7854,#1868);
#1389=LINE('',#7856,#1869);
#1390=LINE('',#7861,#1870);
#1391=LINE('',#7863,#1871);
#1392=LINE('',#7865,#1872);
#1393=LINE('',#7866,#1873);
#1394=LINE('',#7870,#1874);
#1395=LINE('',#7876,#1875);
#1396=LINE('',#7901,#1876);
#1397=LINE('',#7908,#1877);
#1398=LINE('',#7909,#1878);
#1399=LINE('',#7923,#1879);
#1400=LINE('',#7927,#1880);
#1401=LINE('',#7928,#1881);
#1402=LINE('',#7957,#1882);
#1403=LINE('',#7959,#1883);
#1404=LINE('',#7962,#1884);
#1405=LINE('',#7966,#1885);
#1406=LINE('',#7968,#1886);
#1407=LINE('',#7970,#1887);
#1408=LINE('',#7971,#1888);
#1409=LINE('',#7975,#1889);
#1410=LINE('',#7979,#1890);
#1411=LINE('',#7983,#1891);
#1412=LINE('',#7984,#1892);
#1413=LINE('',#7985,#1893);
#1414=LINE('',#8030,#1894);
#1415=LINE('',#8033,#1895);
#1416=LINE('',#8034,#1896);
#1417=LINE('',#8063,#1897);
#1418=LINE('',#8065,#1898);
#1419=LINE('',#8069,#1899);
#1420=LINE('',#8071,#1900);
#1421=LINE('',#8072,#1901);
#1422=LINE('',#8075,#1902);
#1423=LINE('',#8077,#1903);
#1424=LINE('',#8078,#1904);
#1425=LINE('',#8081,#1905);
#1426=LINE('',#8083,#1906);
#1427=LINE('',#8085,#1907);
#1428=LINE('',#8086,#1908);
#1429=LINE('',#8089,#1909);
#1430=LINE('',#8091,#1910);
#1431=LINE('',#8092,#1911);
#1432=LINE('',#8095,#1912);
#1433=LINE('',#8097,#1913);
#1434=LINE('',#8099,#1914);
#1435=LINE('',#8101,#1915);
#1436=LINE('',#8102,#1916);
#1437=LINE('',#8105,#1917);
#1438=LINE('',#8107,#1918);
#1439=LINE('',#8109,#1919);
#1440=LINE('',#8110,#1920);
#1441=LINE('',#8113,#1921);
#1442=LINE('',#8114,#1922);
#1443=LINE('',#8117,#1923);
#1444=LINE('',#8119,#1924);
#1445=LINE('',#8120,#1925);
#1446=LINE('',#8123,#1926);
#1447=LINE('',#8125,#1927);
#1448=LINE('',#8127,#1928);
#1449=LINE('',#8128,#1929);
#1450=LINE('',#8133,#1930);
#1451=LINE('',#8138,#1931);
#1452=LINE('',#8140,#1932);
#1453=LINE('',#8142,#1933);
#1454=LINE('',#8146,#1934);
#1455=LINE('',#8148,#1935);
#1456=LINE('',#8152,#1936);
#1457=LINE('',#8155,#1937);
#1458=LINE('',#8158,#1938);
#1459=LINE('',#8159,#1939);
#1460=LINE('',#8162,#1940);
#1461=LINE('',#8166,#1941);
#1462=LINE('',#8169,#1942);
#1463=LINE('',#8170,#1943);
#1464=LINE('',#8172,#1944);
#1465=LINE('',#8174,#1945);
#1466=LINE('',#8179,#1946);
#1467=LINE('',#8183,#1947);
#1468=LINE('',#8185,#1948);
#1469=LINE('',#8186,#1949);
#1470=LINE('',#8190,#1950);
#1471=LINE('',#8194,#1951);
#1472=LINE('',#8195,#1952);
#1473=LINE('',#8198,#1953);
#1474=LINE('',#8201,#1954);
#1475=LINE('',#8205,#1955);
#1476=LINE('',#8208,#1956);
#1477=LINE('',#8210,#1957);
#1478=LINE('',#8212,#1958);
#1479=LINE('',#8213,#1959);
#1480=LINE('',#8216,#1960);
#1481=LINE('',#8218,#1961);
#1482=LINE('',#8220,#1962);
#1483=LINE('',#8221,#1963);
#1484=LINE('',#8223,#1964);
#1485=LINE('',#8224,#1965);
#1486=LINE('',#8226,#1966);
#1487=LINE('',#8229,#1967);
#1488=LINE('',#8235,#1968);
#1489=LINE('',#8238,#1969);
#1490=LINE('',#8239,#1970);
#1491=LINE('',#8241,#1971);
#1492=LINE('',#8242,#1972);
#1493=LINE('',#8244,#1973);
#1494=LINE('',#8246,#1974);
#1495=LINE('',#8251,#1975);
#1496=LINE('',#8253,#1976);
#1497=LINE('',#8255,#1977);
#1498=LINE('',#8256,#1978);
#1499=LINE('',#8259,#1979);
#1500=LINE('',#8261,#1980);
#1501=LINE('',#8263,#1981);
#1502=LINE('',#8264,#1982);
#1503=LINE('',#8266,#1983);
#1504=LINE('',#8267,#1984);
#1505=LINE('',#8269,#1985);
#1506=LINE('',#8271,#1986);
#1507=LINE('',#8274,#1987);
#1508=LINE('',#8275,#1988);
#1509=LINE('',#8277,#1989);
#1510=LINE('',#8279,#1990);
#1511=LINE('',#8285,#1991);
#1512=LINE('',#8291,#1992);
#1513=LINE('',#8297,#1993);
#1514=LINE('',#8303,#1994);
#1515=LINE('',#8309,#1995);
#1516=LINE('',#8315,#1996);
#1517=LINE('',#8321,#1997);
#1518=LINE('',#8327,#1998);
#1519=LINE('',#8333,#1999);
#1520=LINE('',#8339,#2000);
#1521=LINE('',#8345,#2001);
#1522=LINE('',#8351,#2002);
#1523=LINE('',#8357,#2003);
#1524=LINE('',#8364,#2004);
#1525=LINE('',#8367,#2005);
#1526=LINE('',#8370,#2006);
#1527=LINE('',#8372,#2007);
#1528=LINE('',#8373,#2008);
#1529=LINE('',#8376,#2009);
#1530=LINE('',#8380,#2010);
#1531=LINE('',#8384,#2011);
#1532=LINE('',#8390,#2012);
#1533=LINE('',#8391,#2013);
#1534=LINE('',#8394,#2014);
#1535=LINE('',#8395,#2015);
#1536=LINE('',#8399,#2016);
#1537=LINE('',#8402,#2017);
#1538=LINE('',#8405,#2018);
#1539=LINE('',#8407,#2019);
#1540=VECTOR('',#5378,1.75);
#1541=VECTOR('',#5383,1.5);
#1542=VECTOR('',#5390,1.75);
#1543=VECTOR('',#5395,1.5);
#1544=VECTOR('',#5400,10.);
#1545=VECTOR('',#5401,10.);
#1546=VECTOR('',#5402,10.);
#1547=VECTOR('',#5403,10.);
#1548=VECTOR('',#5410,10.);
#1549=VECTOR('',#5413,10.);
#1550=VECTOR('',#5416,10.);
#1551=VECTOR('',#5419,10.);
#1552=VECTOR('',#5422,10.);
#1553=VECTOR('',#5423,10.);
#1554=VECTOR('',#5426,10.);
#1555=VECTOR('',#5427,10.);
#1556=VECTOR('',#5428,10.);
#1557=VECTOR('',#5433,10.);
#1558=VECTOR('',#5434,10.);
#1559=VECTOR('',#5435,10.);
#1560=VECTOR('',#5436,10.);
#1561=VECTOR('',#5439,10.);
#1562=VECTOR('',#5440,10.);
#1563=VECTOR('',#5443,10.);
#1564=VECTOR('',#5444,10.);
#1565=VECTOR('',#5447,10.);
#1566=VECTOR('',#5448,10.);
#1567=VECTOR('',#5453,10.);
#1568=VECTOR('',#5454,10.);
#1569=VECTOR('',#5455,10.);
#1570=VECTOR('',#5456,10.);
#1571=VECTOR('',#5457,10.);
#1572=VECTOR('',#5460,10.);
#1573=VECTOR('',#5461,10.);
#1574=VECTOR('',#5462,10.);
#1575=VECTOR('',#5465,10.);
#1576=VECTOR('',#5466,10.);
#1577=VECTOR('',#5471,10.);
#1578=VECTOR('',#5472,10.);
#1579=VECTOR('',#5473,10.);
#1580=VECTOR('',#5474,10.);
#1581=VECTOR('',#5477,10.);
#1582=VECTOR('',#5478,10.);
#1583=VECTOR('',#5481,10.);
#1584=VECTOR('',#5484,10.);
#1585=VECTOR('',#5491,10.);
#1586=VECTOR('',#5494,10.);
#1587=VECTOR('',#5497,10.);
#1588=VECTOR('',#5498,10.);
#1589=VECTOR('',#5499,10.);
#1590=VECTOR('',#5502,10.);
#1591=VECTOR('',#5503,10.);
#1592=VECTOR('',#5504,10.);
#1593=VECTOR('',#5507,10.);
#1594=VECTOR('',#5508,10.);
#1595=VECTOR('',#5511,10.);
#1596=VECTOR('',#5514,10.);
#1597=VECTOR('',#5517,10.);
#1598=VECTOR('',#5522,10.);
#1599=VECTOR('',#5527,10.);
#1600=VECTOR('',#5530,10.);
#1601=VECTOR('',#5533,10.);
#1602=VECTOR('',#5534,10.);
#1603=VECTOR('',#5535,10.);
#1604=VECTOR('',#5536,10.);
#1605=VECTOR('',#5537,10.);
#1606=VECTOR('',#5540,10.);
#1607=VECTOR('',#5541,10.);
#1608=VECTOR('',#5542,10.);
#1609=VECTOR('',#5543,10.);
#1610=VECTOR('',#5544,10.);
#1611=VECTOR('',#5549,10.);
#1612=VECTOR('',#5552,10.);
#1613=VECTOR('',#5553,10.);
#1614=VECTOR('',#5556,10.);
#1615=VECTOR('',#5557,10.);
#1616=VECTOR('',#5560,10.);
#1617=VECTOR('',#5563,10.);
#1618=VECTOR('',#5568,10.);
#1619=VECTOR('',#5569,10.);
#1620=VECTOR('',#5576,10.);
#1621=VECTOR('',#5577,10.);
#1622=VECTOR('',#5578,10.);
#1623=VECTOR('',#5579,10.);
#1624=VECTOR('',#5582,10.);
#1625=VECTOR('',#5583,10.);
#1626=VECTOR('',#5584,10.);
#1627=VECTOR('',#5585,10.);
#1628=VECTOR('',#5588,10.);
#1629=VECTOR('',#5589,10.);
#1630=VECTOR('',#5590,10.);
#1631=VECTOR('',#5593,10.);
#1632=VECTOR('',#5594,2.87999999999999);
#1633=VECTOR('',#5595,10.);
#1634=VECTOR('',#5598,10.);
#1635=VECTOR('',#5599,10.);
#1636=VECTOR('',#5600,10.);
#1637=VECTOR('',#5603,10.);
#1638=VECTOR('',#5604,10.);
#1639=VECTOR('',#5605,10.);
#1640=VECTOR('',#5608,10.);
#1641=VECTOR('',#5611,10.);
#1642=VECTOR('',#5612,10.);
#1643=VECTOR('',#5615,10.);
#1644=VECTOR('',#5622,10.);
#1645=VECTOR('',#5625,10.);
#1646=VECTOR('',#5626,10.);
#1647=VECTOR('',#5627,2.88);
#1648=VECTOR('',#5630,2.88);
#1649=VECTOR('',#5633,10.);
#1650=VECTOR('',#5636,10.);
#1651=VECTOR('',#5639,2.88);
#1652=VECTOR('',#5640,10.);
#1653=VECTOR('',#5641,10.);
#1654=VECTOR('',#5644,10.);
#1655=VECTOR('',#5647,10.);
#1656=VECTOR('',#5650,10.);
#1657=VECTOR('',#5653,10.);
#1658=VECTOR('',#5656,10.);
#1659=VECTOR('',#5657,10.);
#1660=VECTOR('',#5658,10.);
#1661=VECTOR('',#5661,10.);
#1662=VECTOR('',#5662,10.);
#1663=VECTOR('',#5663,10.);
#1664=VECTOR('',#5666,10.);
#1665=VECTOR('',#5667,10.);
#1666=VECTOR('',#5668,10.);
#1667=VECTOR('',#5671,10.);
#1668=VECTOR('',#5672,10.);
#1669=VECTOR('',#5673,10.);
#1670=VECTOR('',#5682,10.);
#1671=VECTOR('',#5683,10.);
#1672=VECTOR('',#5686,10.);
#1673=VECTOR('',#5687,10.);
#1674=VECTOR('',#5688,10.);
#1675=VECTOR('',#5693,10.);
#1676=VECTOR('',#5698,10.);
#1677=VECTOR('',#5699,10.);
#1678=VECTOR('',#5706,10.);
#1679=VECTOR('',#5709,10.);
#1680=VECTOR('',#5712,10.);
#1681=VECTOR('',#5715,10.);
#1682=VECTOR('',#5722,10.);
#1683=VECTOR('',#5723,10.);
#1684=VECTOR('',#5724,10.);
#1685=VECTOR('',#5725,10.);
#1686=VECTOR('',#5726,10.);
#1687=VECTOR('',#5727,10.);
#1688=VECTOR('',#5730,10.);
#1689=VECTOR('',#5731,10.);
#1690=VECTOR('',#5732,10.);
#1691=VECTOR('',#5735,10.);
#1692=VECTOR('',#5736,10.);
#1693=VECTOR('',#5741,10.);
#1694=VECTOR('',#5746,10.);
#1695=VECTOR('',#5749,10.);
#1696=VECTOR('',#5750,10.);
#1697=VECTOR('',#5753,10.);
#1698=VECTOR('',#5754,10.);
#1699=VECTOR('',#5757,10.);
#1700=VECTOR('',#5764,10.);
#1701=VECTOR('',#5769,10.);
#1702=VECTOR('',#5770,10.);
#1703=VECTOR('',#5771,10.);
#1704=VECTOR('',#5776,10.);
#1705=VECTOR('',#5779,10.);
#1706=VECTOR('',#5780,10.);
#1707=VECTOR('',#5783,10.);
#1708=VECTOR('',#5792,10.);
#1709=VECTOR('',#5795,10.);
#1710=VECTOR('',#5800,10.);
#1711=VECTOR('',#5803,10.);
#1712=VECTOR('',#5812,10.);
#1713=VECTOR('',#5815,10.);
#1714=VECTOR('',#5822,10.);
#1715=VECTOR('',#5825,10.);
#1716=VECTOR('',#5826,10.);
#1717=VECTOR('',#5827,10.);
#1718=VECTOR('',#5828,10.);
#1719=VECTOR('',#5829,10.);
#1720=VECTOR('',#5832,10.);
#1721=VECTOR('',#5833,10.);
#1722=VECTOR('',#5834,10.);
#1723=VECTOR('',#5835,10.);
#1724=VECTOR('',#5836,10.);
#1725=VECTOR('',#5839,10.);
#1726=VECTOR('',#5846,10.);
#1727=VECTOR('',#5849,10.);
#1728=VECTOR('',#5852,10.);
#1729=VECTOR('',#5855,10.);
#1730=VECTOR('',#5860,10.);
#1731=VECTOR('',#5861,10.);
#1732=VECTOR('',#5862,10.);
#1733=VECTOR('',#5863,10.);
#1734=VECTOR('',#5864,10.);
#1735=VECTOR('',#5869,10.);
#1736=VECTOR('',#5876,10.);
#1737=VECTOR('',#5881,10.);
#1738=VECTOR('',#5890,10.);
#1739=VECTOR('',#5891,10.);
#1740=VECTOR('',#5892,10.);
#1741=VECTOR('',#5895,10.);
#1742=VECTOR('',#5896,10.);
#1743=VECTOR('',#5899,10.);
#1744=VECTOR('',#5900,10.);
#1745=VECTOR('',#5903,10.);
#1746=VECTOR('',#5908,10.);
#1747=VECTOR('',#5909,10.);
#1748=VECTOR('',#5910,10.);
#1749=VECTOR('',#5911,10.);
#1750=VECTOR('',#5914,10.);
#1751=VECTOR('',#5915,10.);
#1752=VECTOR('',#5916,10.);
#1753=VECTOR('',#5919,10.);
#1754=VECTOR('',#5922,10.);
#1755=VECTOR('',#5923,10.);
#1756=VECTOR('',#5924,10.);
#1757=VECTOR('',#5925,10.);
#1758=VECTOR('',#5926,10.);
#1759=VECTOR('',#5955,10.);
#1760=VECTOR('',#5956,10.);
#1761=VECTOR('',#5957,10.);
#1762=VECTOR('',#5960,10.);
#1763=VECTOR('',#5961,10.);
#1764=VECTOR('',#5964,10.);
#1765=VECTOR('',#5969,10.);
#1766=VECTOR('',#5970,10.);
#1767=VECTOR('',#5973,10.);
#1768=VECTOR('',#5980,10.);
#1769=VECTOR('',#5983,10.);
#1770=VECTOR('',#5986,10.);
#1771=VECTOR('',#5989,10.);
#1772=VECTOR('',#5990,10.);
#1773=VECTOR('',#5993,10.);
#1774=VECTOR('',#5994,10.);
#1775=VECTOR('',#5995,10.);
#1776=VECTOR('',#5996,10.);
#1777=VECTOR('',#5997,10.);
#1778=VECTOR('',#6026,10.);
#1779=VECTOR('',#6029,2.);
#1780=VECTOR('',#6032,10.);
#1781=VECTOR('',#6035,3.);
#1782=VECTOR('',#6038,3.);
#1783=VECTOR('',#6041,3.);
#1784=VECTOR('',#6044,3.);
#1785=VECTOR('',#6047,2.);
#1786=VECTOR('',#6050,1.49999999999999);
#1787=VECTOR('',#6053,1.49999999999999);
#1788=VECTOR('',#6056,1.5);
#1789=VECTOR('',#6059,1.5);
#1790=VECTOR('',#6062,11.5);
#1791=VECTOR('',#6065,2.);
#1792=VECTOR('',#6068,2.);
#1793=VECTOR('',#6073,10.);
#1794=VECTOR('',#6074,10.);
#1795=VECTOR('',#6075,10.);
#1796=VECTOR('',#6076,10.);
#1797=VECTOR('',#6083,10.);
#1798=VECTOR('',#6086,10.);
#1799=VECTOR('',#6087,10.);
#1800=VECTOR('',#6088,10.);
#1801=VECTOR('',#6091,10.);
#1802=VECTOR('',#6092,10.);
#1803=VECTOR('',#6093,2.88000000000001);
#1804=VECTOR('',#6096,2.88000000000001);
#1805=VECTOR('',#6097,10.);
#1806=VECTOR('',#6098,10.);
#1807=VECTOR('',#6101,10.);
#1808=VECTOR('',#6102,2.88000000000001);
#1809=VECTOR('',#6103,10.);
#1810=VECTOR('',#6106,10.);
#1811=VECTOR('',#6107,2.88000000000001);
#1812=VECTOR('',#6110,10.);
#1813=VECTOR('',#6113,10.);
#1814=VECTOR('',#6116,10.);
#1815=VECTOR('',#6129,1.5);
#1816=VECTOR('',#6136,1.5);
#1817=VECTOR('',#6143,8.59999999999999);
#1818=VECTOR('',#6148,10.);
#1819=VECTOR('',#6149,10.);
#1820=VECTOR('',#6150,10.);
#1821=VECTOR('',#6151,10.);
#1822=VECTOR('',#6154,10.);
#1823=VECTOR('',#6155,10.);
#1824=VECTOR('',#6156,10.);
#1825=VECTOR('',#6159,10.);
#1826=VECTOR('',#6160,10.);
#1827=VECTOR('',#6161,10.);
#1828=VECTOR('',#6164,10.);
#1829=VECTOR('',#6165,10.);
#1830=VECTOR('',#6170,1.5);
#1831=VECTOR('',#6177,1.5);
#1832=VECTOR('',#6184,1.49999999999999);
#1833=VECTOR('',#6191,1.5);
#1834=VECTOR('',#6198,1.5);
#1835=VECTOR('',#6205,1.5);
#1836=VECTOR('',#6212,1.5);
#1837=VECTOR('',#6219,1.5);
#1838=VECTOR('',#6224,10.);
#1839=VECTOR('',#6227,10.);
#1840=VECTOR('',#6230,10.);
#1841=VECTOR('',#6231,10.);
#1842=VECTOR('',#6232,10.);
#1843=VECTOR('',#6233,10.);
#1844=VECTOR('',#6234,10.);
#1845=VECTOR('',#6239,10.);
#1846=VECTOR('',#6240,10.);
#1847=VECTOR('',#6245,10.);
#1848=VECTOR('',#6250,10.);
#1849=VECTOR('',#6251,10.);
#1850=VECTOR('',#6254,10.);
#1851=VECTOR('',#6255,10.);
#1852=VECTOR('',#6256,10.);
#1853=VECTOR('',#6259,10.);
#1854=VECTOR('',#6264,10.);
#1855=VECTOR('',#6265,10.);
#1856=VECTOR('',#6266,10.);
#1857=VECTOR('',#6267,10.);
#1858=VECTOR('',#6270,10.);
#1859=VECTOR('',#6275,10.);
#1860=VECTOR('',#6280,10.);
#1861=VECTOR('',#6281,10.);
#1862=VECTOR('',#6282,10.);
#1863=VECTOR('',#6287,10.);
#1864=VECTOR('',#6290,10.);
#1865=VECTOR('',#6291,10.);
#1866=VECTOR('',#6292,10.);
#1867=VECTOR('',#6295,10.);
#1868=VECTOR('',#6296,10.);
#1869=VECTOR('',#6299,10.);
#1870=VECTOR('',#6304,10.);
#1871=VECTOR('',#6305,10.);
#1872=VECTOR('',#6306,10.);
#1873=VECTOR('',#6307,10.);
#1874=VECTOR('',#6310,10.);
#1875=VECTOR('',#6315,10.);
#1876=VECTOR('',#6318,10.);
#1877=VECTOR('',#6321,10.);
#1878=VECTOR('',#6322,10.);
#1879=VECTOR('',#6325,10.);
#1880=VECTOR('',#6330,10.);
#1881=VECTOR('',#6331,10.);
#1882=VECTOR('',#6332,10.);
#1883=VECTOR('',#6335,10.);
#1884=VECTOR('',#6340,10.);
#1885=VECTOR('',#6343,10.);
#1886=VECTOR('',#6344,10.);
#1887=VECTOR('',#6345,10.);
#1888=VECTOR('',#6346,10.);
#1889=VECTOR('',#6349,10.);
#1890=VECTOR('',#6352,10.);
#1891=VECTOR('',#6357,10.);
#1892=VECTOR('',#6358,10.);
#1893=VECTOR('',#6359,10.);
#1894=VECTOR('',#6362,10.);
#1895=VECTOR('',#6365,10.);
#1896=VECTOR('',#6366,10.);
#1897=VECTOR('',#6367,10.);
#1898=VECTOR('',#6370,10.);
#1899=VECTOR('',#6375,10.);
#1900=VECTOR('',#6376,10.);
#1901=VECTOR('',#6377,10.);
#1902=VECTOR('',#6380,10.);
#1903=VECTOR('',#6381,10.);
#1904=VECTOR('',#6382,10.);
#1905=VECTOR('',#6385,2.87999999999999);
#1906=VECTOR('',#6386,10.);
#1907=VECTOR('',#6387,10.);
#1908=VECTOR('',#6388,2.87999999999999);
#1909=VECTOR('',#6391,10.);
#1910=VECTOR('',#6392,10.);
#1911=VECTOR('',#6393,10.);
#1912=VECTOR('',#6396,2.87999999999999);
#1913=VECTOR('',#6397,10.);
#1914=VECTOR('',#6398,10.);
#1915=VECTOR('',#6399,10.);
#1916=VECTOR('',#6400,2.87999999999999);
#1917=VECTOR('',#6403,10.);
#1918=VECTOR('',#6404,10.);
#1919=VECTOR('',#6405,10.);
#1920=VECTOR('',#6406,10.);
#1921=VECTOR('',#6409,2.88);
#1922=VECTOR('',#6410,10.);
#1923=VECTOR('',#6413,10.);
#1924=VECTOR('',#6414,10.);
#1925=VECTOR('',#6415,10.);
#1926=VECTOR('',#6418,2.88);
#1927=VECTOR('',#6419,10.);
#1928=VECTOR('',#6420,10.);
#1929=VECTOR('',#6421,10.);
#1930=VECTOR('',#6426,10.);
#1931=VECTOR('',#6433,10.);
#1932=VECTOR('',#6436,10.);
#1933=VECTOR('',#6439,10.);
#1934=VECTOR('',#6444,10.);
#1935=VECTOR('',#6447,10.);
#1936=VECTOR('',#6450,10.);
#1937=VECTOR('',#6453,10.);
#1938=VECTOR('',#6458,2.88);
#1939=VECTOR('',#6459,10.);
#1940=VECTOR('',#6462,10.);
#1941=VECTOR('',#6469,10.);
#1942=VECTOR('',#6472,10.);
#1943=VECTOR('',#6473,10.);
#1944=VECTOR('',#6476,10.);
#1945=VECTOR('',#6479,10.);
#1946=VECTOR('',#6486,10.);
#1947=VECTOR('',#6491,10.);
#1948=VECTOR('',#6492,10.);
#1949=VECTOR('',#6493,10.);
#1950=VECTOR('',#6498,10.);
#1951=VECTOR('',#6503,10.);
#1952=VECTOR('',#6504,10.);
#1953=VECTOR('',#6507,10.);
#1954=VECTOR('',#6510,10.);
#1955=VECTOR('',#6517,10.);
#1956=VECTOR('',#6518,10.);
#1957=VECTOR('',#6519,10.);
#1958=VECTOR('',#6520,10.);
#1959=VECTOR('',#6521,10.);
#1960=VECTOR('',#6522,10.);
#1961=VECTOR('',#6523,10.);
#1962=VECTOR('',#6524,10.);
#1963=VECTOR('',#6525,10.);
#1964=VECTOR('',#6528,2.87999999999999);
#1965=VECTOR('',#6529,10.);
#1966=VECTOR('',#6532,10.);
#1967=VECTOR('',#6537,10.);
#1968=VECTOR('',#6546,10.);
#1969=VECTOR('',#6549,10.);
#1970=VECTOR('',#6550,10.);
#1971=VECTOR('',#6553,10.);
#1972=VECTOR('',#6554,10.);
#1973=VECTOR('',#6557,2.87999999999999);
#1974=VECTOR('',#6560,10.);
#1975=VECTOR('',#6565,10.);
#1976=VECTOR('',#6566,10.);
#1977=VECTOR('',#6567,10.);
#1978=VECTOR('',#6568,10.);
#1979=VECTOR('',#6569,10.);
#1980=VECTOR('',#6570,10.);
#1981=VECTOR('',#6571,10.);
#1982=VECTOR('',#6572,10.);
#1983=VECTOR('',#6575,10.);
#1984=VECTOR('',#6576,10.);
#1985=VECTOR('',#6579,10.);
#1986=VECTOR('',#6582,10.);
#1987=VECTOR('',#6587,10.);
#1988=VECTOR('',#6588,10.);
#1989=VECTOR('',#6591,10.);
#1990=VECTOR('',#6594,10.);
#1991=VECTOR('',#6601,1.5);
#1992=VECTOR('',#6608,1.5);
#1993=VECTOR('',#6615,1.49999999999999);
#1994=VECTOR('',#6622,1.5);
#1995=VECTOR('',#6629,1.49999999999999);
#1996=VECTOR('',#6636,1.5);
#1997=VECTOR('',#6643,1.5);
#1998=VECTOR('',#6650,1.49999999999999);
#1999=VECTOR('',#6657,1.5);
#2000=VECTOR('',#6664,1.5);
#2001=VECTOR('',#6671,1.5);
#2002=VECTOR('',#6678,1.5);
#2003=VECTOR('',#6685,1.5);
#2004=VECTOR('',#6692,10.);
#2005=VECTOR('',#6695,10.);
#2006=VECTOR('',#6698,10.);
#2007=VECTOR('',#6699,10.);
#2008=VECTOR('',#6700,10.);
#2009=VECTOR('',#6703,10.);
#2010=VECTOR('',#6706,10.);
#2011=VECTOR('',#6709,10.);
#2012=VECTOR('',#6716,10.);
#2013=VECTOR('',#6717,10.);
#2014=VECTOR('',#6720,10.);
#2015=VECTOR('',#6721,10.);
#2016=VECTOR('',#6726,10.);
#2017=VECTOR('',#6729,10.);
#2018=VECTOR('',#6734,10.);
#2019=VECTOR('',#6737,10.);
#2020=CIRCLE('',#4930,2.);
#2021=CIRCLE('',#4931,1.5);
#2022=CIRCLE('',#4933,1.5);
#2023=CIRCLE('',#4935,2.);
#2024=CIRCLE('',#4936,1.5);
#2025=CIRCLE('',#4938,1.5);
#2026=CIRCLE('',#4941,2.);
#2027=CIRCLE('',#4942,2.);
#2028=CIRCLE('',#4943,2.);
#2029=CIRCLE('',#4944,2.);
#2030=CIRCLE('',#4946,4.00000000000001);
#2031=CIRCLE('',#4948,4.00000000000001);
#2032=CIRCLE('',#4953,4.);
#2033=CIRCLE('',#4958,2.);
#2034=CIRCLE('',#4964,3.99999999999999);
#2035=CIRCLE('',#4965,4.);
#2036=CIRCLE('',#4976,4.);
#2037=CIRCLE('',#4980,2.);
#2038=CIRCLE('',#5000,4.);
#2039=CIRCLE('',#5001,4.);
#2040=CIRCLE('',#5002,2.);
#2041=CIRCLE('',#5003,2.);
#2042=CIRCLE('',#5004,2.);
#2043=CIRCLE('',#5005,2.);
#2044=CIRCLE('',#5007,2.);
#2045=CIRCLE('',#5009,2.);
#2046=CIRCLE('',#5016,2.);
#2047=CIRCLE('',#5021,2.00000000000001);
#2048=CIRCLE('',#5024,4.00000000000001);
#2049=CIRCLE('',#5029,4.);
#2050=CIRCLE('',#5030,4.);
#2051=CIRCLE('',#5035,2.);
#2052=CIRCLE('',#5037,2.);
#2053=CIRCLE('',#5044,4.);
#2054=CIRCLE('',#5047,2.);
#2055=CIRCLE('',#5053,0.8);
#2056=CIRCLE('',#5054,0.8);
#2057=CIRCLE('',#5056,0.799999999999983);
#2058=CIRCLE('',#5057,0.800000000000001);
#2059=CIRCLE('',#5059,0.8);
#2060=CIRCLE('',#5061,0.8);
#2061=CIRCLE('',#5062,0.799999999999983);
#2062=CIRCLE('',#5064,0.8);
#2063=CIRCLE('',#5069,0.8);
#2064=CIRCLE('',#5071,0.8);
#2065=CIRCLE('',#5074,0.800000000000002);
#2066=CIRCLE('',#5075,0.799999999999983);
#2067=CIRCLE('',#5078,0.800000000000001);
#2068=CIRCLE('',#5080,0.800000000000001);
#2069=CIRCLE('',#5081,0.800000000000001);
#2070=CIRCLE('',#5084,0.800000000000001);
#2071=CIRCLE('',#5094,3.5);
#2072=CIRCLE('',#5095,3.5);
#2073=CIRCLE('',#5096,3.);
#2074=CIRCLE('',#5097,3.);
#2075=CIRCLE('',#5098,3.);
#2076=CIRCLE('',#5099,3.);
#2077=CIRCLE('',#5100,2.);
#2078=CIRCLE('',#5101,2.);
#2079=CIRCLE('',#5102,1.49999999999999);
#2080=CIRCLE('',#5103,1.49999999999999);
#2081=CIRCLE('',#5104,1.5);
#2082=CIRCLE('',#5105,1.5);
#2083=CIRCLE('',#5106,11.5);
#2084=CIRCLE('',#5107,2.);
#2085=CIRCLE('',#5108,2.);
#2086=CIRCLE('',#5112,3.5);
#2087=CIRCLE('',#5115,3.5);
#2088=CIRCLE('',#5117,3.99999999999999);
#2089=CIRCLE('',#5118,3.99999999999999);
#2090=CIRCLE('',#5120,1.99999999999999);
#2091=CIRCLE('',#5122,2.);
#2092=CIRCLE('',#5123,3.);
#2093=CIRCLE('',#5124,3.);
#2094=CIRCLE('',#5125,3.);
#2095=CIRCLE('',#5126,3.);
#2096=CIRCLE('',#5127,1.49999999999999);
#2097=CIRCLE('',#5128,1.49999999999999);
#2098=CIRCLE('',#5129,1.5);
#2099=CIRCLE('',#5130,1.5);
#2100=CIRCLE('',#5131,11.5);
#2101=CIRCLE('',#5132,2.);
#2102=CIRCLE('',#5133,2.);
#2103=CIRCLE('',#5134,2.);
#2104=CIRCLE('',#5153,2.5);
#2105=CIRCLE('',#5154,2.5);
#2106=CIRCLE('',#5161,1.99999999999999);
#2107=CIRCLE('',#5168,1.5);
#2108=CIRCLE('',#5169,1.5);
#2109=CIRCLE('',#5171,1.5);
#2110=CIRCLE('',#5172,1.5);
#2111=CIRCLE('',#5174,8.59999999999999);
#2112=CIRCLE('',#5175,8.24734603858307);
#2113=CIRCLE('',#5181,1.5);
#2114=CIRCLE('',#5182,1.5);
#2115=CIRCLE('',#5184,1.5);
#2116=CIRCLE('',#5185,1.5);
#2117=CIRCLE('',#5187,1.49999999999999);
#2118=CIRCLE('',#5188,1.49999999999999);
#2119=CIRCLE('',#5190,1.5);
#2120=CIRCLE('',#5191,1.5);
#2121=CIRCLE('',#5193,1.5);
#2122=CIRCLE('',#5194,1.5);
#2123=CIRCLE('',#5196,1.5);
#2124=CIRCLE('',#5197,1.5);
#2125=CIRCLE('',#5199,1.5);
#2126=CIRCLE('',#5200,1.5);
#2127=CIRCLE('',#5202,1.5);
#2128=CIRCLE('',#5203,1.5);
#2129=CIRCLE('',#5205,4.);
#2130=CIRCLE('',#5211,2.00000000000002);
#2131=CIRCLE('',#5219,2.);
#2132=CIRCLE('',#5223,4.);
#2133=CIRCLE('',#5231,2.);
#2134=CIRCLE('',#5235,4.);
#2135=CIRCLE('',#5259,4.);
#2136=CIRCLE('',#5260,3.99999999999999);
#2137=CIRCLE('',#5262,2.00000000000001);
#2138=CIRCLE('',#5266,1.99999999999999);
#2139=CIRCLE('',#5269,4.);
#2140=CIRCLE('',#5270,4.);
#2141=CIRCLE('',#5273,2.);
#2142=CIRCLE('',#5275,2.);
#2143=CIRCLE('',#5281,3.99999999999999);
#2144=CIRCLE('',#5282,1.99999999999999);
#2145=CIRCLE('',#5285,2.);
#2146=CIRCLE('',#5286,2.);
#2147=CIRCLE('',#5289,3.99999999999999);
#2148=CIRCLE('',#5291,4.);
#2149=CIRCLE('',#5295,1.99999999999999);
#2150=CIRCLE('',#5300,4.);
#2151=CIRCLE('',#5316,1.5);
#2152=CIRCLE('',#5317,1.5);
#2153=CIRCLE('',#5319,1.5);
#2154=CIRCLE('',#5320,1.5);
#2155=CIRCLE('',#5322,1.49999999999999);
#2156=CIRCLE('',#5323,1.49999999999999);
#2157=CIRCLE('',#5325,1.5);
#2158=CIRCLE('',#5326,1.5);
#2159=CIRCLE('',#5328,1.49999999999999);
#2160=CIRCLE('',#5329,1.49999999999999);
#2161=CIRCLE('',#5331,1.5);
#2162=CIRCLE('',#5332,1.5);
#2163=CIRCLE('',#5334,1.5);
#2164=CIRCLE('',#5335,1.5);
#2165=CIRCLE('',#5337,1.49999999999999);
#2166=CIRCLE('',#5338,1.49999999999999);
#2167=CIRCLE('',#5340,1.5);
#2168=CIRCLE('',#5341,1.5);
#2169=CIRCLE('',#5343,1.5);
#2170=CIRCLE('',#5344,1.5);
#2171=CIRCLE('',#5346,1.5);
#2172=CIRCLE('',#5347,1.5);
#2173=CIRCLE('',#5349,1.5);
#2174=CIRCLE('',#5350,1.5);
#2175=CIRCLE('',#5352,1.5);
#2176=CIRCLE('',#5353,1.5);
#2177=CIRCLE('',#5355,3.);
#2178=CIRCLE('',#5356,3.);
#2179=CIRCLE('',#5359,3.);
#2180=CIRCLE('',#5360,3.);
#2181=CIRCLE('',#5361,3.);
#2182=CIRCLE('',#5363,3.);
#2183=CIRCLE('',#5366,3.);
#2184=CIRCLE('',#5368,3.);
#2185=VERTEX_POINT('',#6742);
#2186=VERTEX_POINT('',#6744);
#2187=VERTEX_POINT('',#6748);
#2188=VERTEX_POINT('',#6752);
#2189=VERTEX_POINT('',#6754);
#2190=VERTEX_POINT('',#6758);
#2191=VERTEX_POINT('',#6762);
#2192=VERTEX_POINT('',#6763);
#2193=VERTEX_POINT('',#6765);
#2194=VERTEX_POINT('',#6767);
#2195=VERTEX_POINT('',#6771);
#2196=VERTEX_POINT('',#6773);
#2197=VERTEX_POINT('',#6775);
#2198=VERTEX_POINT('',#6777);
#2199=VERTEX_POINT('',#6779);
#2200=VERTEX_POINT('',#6781);
#2201=VERTEX_POINT('',#6785);
#2202=VERTEX_POINT('',#6786);
#2203=VERTEX_POINT('',#6789);
#2204=VERTEX_POINT('',#6793);
#2205=VERTEX_POINT('',#6794);
#2206=VERTEX_POINT('',#6796);
#2207=VERTEX_POINT('',#6801);
#2208=VERTEX_POINT('',#6803);
#2209=VERTEX_POINT('',#6805);
#2210=VERTEX_POINT('',#6809);
#2211=VERTEX_POINT('',#6813);
#2212=VERTEX_POINT('',#6817);
#2213=VERTEX_POINT('',#6818);
#2214=VERTEX_POINT('',#6820);
#2215=VERTEX_POINT('',#6828);
#2216=VERTEX_POINT('',#6832);
#2217=VERTEX_POINT('',#6833);
#2218=VERTEX_POINT('',#6835);
#2219=VERTEX_POINT('',#6837);
#2220=VERTEX_POINT('',#6839);
#2221=VERTEX_POINT('',#6843);
#2222=VERTEX_POINT('',#6845);
#2223=VERTEX_POINT('',#6874);
#2224=VERTEX_POINT('',#6882);
#2225=VERTEX_POINT('',#6887);
#2226=VERTEX_POINT('',#6897);
#2227=VERTEX_POINT('',#6899);
#2228=VERTEX_POINT('',#6903);
#2229=VERTEX_POINT('',#6905);
#2230=VERTEX_POINT('',#6909);
#2231=VERTEX_POINT('',#6911);
#2232=VERTEX_POINT('',#6928);
#2233=VERTEX_POINT('',#6929);
#2234=VERTEX_POINT('',#6932);
#2235=VERTEX_POINT('',#6942);
#2236=VERTEX_POINT('',#6943);
#2237=VERTEX_POINT('',#6945);
#2238=VERTEX_POINT('',#6947);
#2239=VERTEX_POINT('',#6949);
#2240=VERTEX_POINT('',#6953);
#2241=VERTEX_POINT('',#6977);
#2242=VERTEX_POINT('',#6985);
#2243=VERTEX_POINT('',#6992);
#2244=VERTEX_POINT('',#6996);
#2245=VERTEX_POINT('',#7010);
#2246=VERTEX_POINT('',#7011);
#2247=VERTEX_POINT('',#7013);
#2248=VERTEX_POINT('',#7015);
#2249=VERTEX_POINT('',#7019);
#2250=VERTEX_POINT('',#7020);
#2251=VERTEX_POINT('',#7022);
#2252=VERTEX_POINT('',#7024);
#2253=VERTEX_POINT('',#7028);
#2254=VERTEX_POINT('',#7030);
#2255=VERTEX_POINT('',#7034);
#2256=VERTEX_POINT('',#7036);
#2257=VERTEX_POINT('',#7040);
#2258=VERTEX_POINT('',#7042);
#2259=VERTEX_POINT('',#7046);
#2260=VERTEX_POINT('',#7053);
#2261=VERTEX_POINT('',#7060);
#2262=VERTEX_POINT('',#7061);
#2263=VERTEX_POINT('',#7063);
#2264=VERTEX_POINT('',#7065);
#2265=VERTEX_POINT('',#7067);
#2266=VERTEX_POINT('',#7069);
#2267=VERTEX_POINT('',#7071);
#2268=VERTEX_POINT('',#7073);
#2269=VERTEX_POINT('',#7075);
#2270=VERTEX_POINT('',#7077);
#2271=VERTEX_POINT('',#7079);
#2272=VERTEX_POINT('',#7081);
#2273=VERTEX_POINT('',#7083);
#2274=VERTEX_POINT('',#7085);
#2275=VERTEX_POINT('',#7087);
#2276=VERTEX_POINT('',#7089);
#2277=VERTEX_POINT('',#7093);
#2278=VERTEX_POINT('',#7095);
#2279=VERTEX_POINT('',#7099);
#2280=VERTEX_POINT('',#7101);
#2281=VERTEX_POINT('',#7105);
#2282=VERTEX_POINT('',#7107);
#2283=VERTEX_POINT('',#7111);
#2284=VERTEX_POINT('',#7113);
#2285=VERTEX_POINT('',#7117);
#2286=VERTEX_POINT('',#7119);
#2287=VERTEX_POINT('',#7123);
#2288=VERTEX_POINT('',#7125);
#2289=VERTEX_POINT('',#7133);
#2290=VERTEX_POINT('',#7134);
#2291=VERTEX_POINT('',#7143);
#2292=VERTEX_POINT('',#7147);
#2293=VERTEX_POINT('',#7149);
#2294=VERTEX_POINT('',#7153);
#2295=VERTEX_POINT('',#7173);
#2296=VERTEX_POINT('',#7177);
#2297=VERTEX_POINT('',#7189);
#2298=VERTEX_POINT('',#7190);
#2299=VERTEX_POINT('',#7195);
#2300=VERTEX_POINT('',#7196);
#2301=VERTEX_POINT('',#7198);
#2302=VERTEX_POINT('',#7200);
#2303=VERTEX_POINT('',#7202);
#2304=VERTEX_POINT('',#7204);
#2305=VERTEX_POINT('',#7208);
#2306=VERTEX_POINT('',#7210);
#2307=VERTEX_POINT('',#7223);
#2308=VERTEX_POINT('',#7227);
#2309=VERTEX_POINT('',#7235);
#2310=VERTEX_POINT('',#7239);
#2311=VERTEX_POINT('',#7241);
#2312=VERTEX_POINT('',#7248);
#2313=VERTEX_POINT('',#7256);
#2314=VERTEX_POINT('',#7257);
#2315=VERTEX_POINT('',#7259);
#2316=VERTEX_POINT('',#7261);
#2317=VERTEX_POINT('',#7265);
#2318=VERTEX_POINT('',#7267);
#2319=VERTEX_POINT('',#7269);
#2320=VERTEX_POINT('',#7275);
#2321=VERTEX_POINT('',#7276);
#2322=VERTEX_POINT('',#7279);
#2323=VERTEX_POINT('',#7287);
#2324=VERTEX_POINT('',#7289);
#2325=VERTEX_POINT('',#7291);
#2326=VERTEX_POINT('',#7293);
#2327=VERTEX_POINT('',#7297);
#2328=VERTEX_POINT('',#7299);
#2329=VERTEX_POINT('',#7301);
#2330=VERTEX_POINT('',#7303);
#2331=VERTEX_POINT('',#7307);
#2332=VERTEX_POINT('',#7311);
#2333=VERTEX_POINT('',#7318);
#2334=VERTEX_POINT('',#7320);
#2335=VERTEX_POINT('',#7324);
#2336=VERTEX_POINT('',#7326);
#2337=VERTEX_POINT('',#7328);
#2338=VERTEX_POINT('',#7330);
#2339=VERTEX_POINT('',#7334);
#2340=VERTEX_POINT('',#7339);
#2341=VERTEX_POINT('',#7349);
#2342=VERTEX_POINT('',#7351);
#2343=VERTEX_POINT('',#7355);
#2344=VERTEX_POINT('',#7359);
#2345=VERTEX_POINT('',#7366);
#2346=VERTEX_POINT('',#7367);
#2347=VERTEX_POINT('',#7369);
#2348=VERTEX_POINT('',#7371);
#2349=VERTEX_POINT('',#7375);
#2350=VERTEX_POINT('',#7376);
#2351=VERTEX_POINT('',#7378);
#2352=VERTEX_POINT('',#7380);
#2353=VERTEX_POINT('',#7382);
#2354=VERTEX_POINT('',#7384);
#2355=VERTEX_POINT('',#7386);
#2356=VERTEX_POINT('',#7389);
#2357=VERTEX_POINT('',#7391);
#2358=VERTEX_POINT('',#7393);
#2359=VERTEX_POINT('',#7396);
#2360=VERTEX_POINT('',#7398);
#2361=VERTEX_POINT('',#7400);
#2362=VERTEX_POINT('',#7402);
#2363=VERTEX_POINT('',#7404);
#2364=VERTEX_POINT('',#7406);
#2365=VERTEX_POINT('',#7408);
#2366=VERTEX_POINT('',#7410);
#2367=VERTEX_POINT('',#7412);
#2368=VERTEX_POINT('',#7414);
#2369=VERTEX_POINT('',#7416);
#2370=VERTEX_POINT('',#7418);
#2371=VERTEX_POINT('',#7420);
#2372=VERTEX_POINT('',#7423);
#2373=VERTEX_POINT('',#7425);
#2374=VERTEX_POINT('',#7429);
#2375=VERTEX_POINT('',#7433);
#2376=VERTEX_POINT('',#7437);
#2377=VERTEX_POINT('',#7441);
#2378=VERTEX_POINT('',#7445);
#2379=VERTEX_POINT('',#7446);
#2380=VERTEX_POINT('',#7448);
#2381=VERTEX_POINT('',#7450);
#2382=VERTEX_POINT('',#7455);
#2383=VERTEX_POINT('',#7457);
#2384=VERTEX_POINT('',#7462);
#2385=VERTEX_POINT('',#7464);
#2386=VERTEX_POINT('',#7468);
#2387=VERTEX_POINT('',#7470);
#2388=VERTEX_POINT('',#7472);
#2389=VERTEX_POINT('',#7474);
#2390=VERTEX_POINT('',#7476);
#2391=VERTEX_POINT('',#7478);
#2392=VERTEX_POINT('',#7480);
#2393=VERTEX_POINT('',#7482);
#2394=VERTEX_POINT('',#7484);
#2395=VERTEX_POINT('',#7486);
#2396=VERTEX_POINT('',#7488);
#2397=VERTEX_POINT('',#7490);
#2398=VERTEX_POINT('',#7492);
#2399=VERTEX_POINT('',#7526);
#2400=VERTEX_POINT('',#7527);
#2401=VERTEX_POINT('',#7529);
#2402=VERTEX_POINT('',#7531);
#2403=VERTEX_POINT('',#7535);
#2404=VERTEX_POINT('',#7537);
#2405=VERTEX_POINT('',#7541);
#2406=VERTEX_POINT('',#7543);
#2407=VERTEX_POINT('',#7547);
#2408=VERTEX_POINT('',#7549);
#2409=VERTEX_POINT('',#7553);
#2410=VERTEX_POINT('',#7555);
#2411=VERTEX_POINT('',#7559);
#2412=VERTEX_POINT('',#7564);
#2413=VERTEX_POINT('',#7578);
#2414=VERTEX_POINT('',#7580);
#2415=VERTEX_POINT('',#7584);
#2416=VERTEX_POINT('',#7586);
#2417=VERTEX_POINT('',#7590);
#2418=VERTEX_POINT('',#7592);
#2419=VERTEX_POINT('',#7596);
#2420=VERTEX_POINT('',#7597);
#2421=VERTEX_POINT('',#7599);
#2422=VERTEX_POINT('',#7601);
#2423=VERTEX_POINT('',#7605);
#2424=VERTEX_POINT('',#7607);
#2425=VERTEX_POINT('',#7611);
#2426=VERTEX_POINT('',#7613);
#2427=VERTEX_POINT('',#7620);
#2428=VERTEX_POINT('',#7622);
#2429=VERTEX_POINT('',#7626);
#2430=VERTEX_POINT('',#7628);
#2431=VERTEX_POINT('',#7632);
#2432=VERTEX_POINT('',#7634);
#2433=VERTEX_POINT('',#7638);
#2434=VERTEX_POINT('',#7640);
#2435=VERTEX_POINT('',#7644);
#2436=VERTEX_POINT('',#7646);
#2437=VERTEX_POINT('',#7650);
#2438=VERTEX_POINT('',#7652);
#2439=VERTEX_POINT('',#7656);
#2440=VERTEX_POINT('',#7658);
#2441=VERTEX_POINT('',#7662);
#2442=VERTEX_POINT('',#7664);
#2443=VERTEX_POINT('',#7668);
#2444=VERTEX_POINT('',#7669);
#2445=VERTEX_POINT('',#7671);
#2446=VERTEX_POINT('',#7676);
#2447=VERTEX_POINT('',#7678);
#2448=VERTEX_POINT('',#7686);
#2449=VERTEX_POINT('',#7687);
#2450=VERTEX_POINT('',#7689);
#2451=VERTEX_POINT('',#7691);
#2452=VERTEX_POINT('',#7710);
#2453=VERTEX_POINT('',#7720);
#2454=VERTEX_POINT('',#7724);
#2455=VERTEX_POINT('',#7726);
#2456=VERTEX_POINT('',#7730);
#2457=VERTEX_POINT('',#7761);
#2458=VERTEX_POINT('',#7762);
#2459=VERTEX_POINT('',#7764);
#2460=VERTEX_POINT('',#7766);
#2461=VERTEX_POINT('',#7770);
#2462=VERTEX_POINT('',#7771);
#2463=VERTEX_POINT('',#7773);
#2464=VERTEX_POINT('',#7775);
#2465=VERTEX_POINT('',#7777);
#2466=VERTEX_POINT('',#7781);
#2467=VERTEX_POINT('',#7801);
#2468=VERTEX_POINT('',#7813);
#2469=VERTEX_POINT('',#7817);
#2470=VERTEX_POINT('',#7852);
#2471=VERTEX_POINT('',#7859);
#2472=VERTEX_POINT('',#7860);
#2473=VERTEX_POINT('',#7862);
#2474=VERTEX_POINT('',#7864);
#2475=VERTEX_POINT('',#7868);
#2476=VERTEX_POINT('',#7869);
#2477=VERTEX_POINT('',#7871);
#2478=VERTEX_POINT('',#7873);
#2479=VERTEX_POINT('',#7875);
#2480=VERTEX_POINT('',#7894);
#2481=VERTEX_POINT('',#7907);
#2482=VERTEX_POINT('',#7911);
#2483=VERTEX_POINT('',#7922);
#2484=VERTEX_POINT('',#7926);
#2485=VERTEX_POINT('',#7964);
#2486=VERTEX_POINT('',#7965);
#2487=VERTEX_POINT('',#7967);
#2488=VERTEX_POINT('',#7969);
#2489=VERTEX_POINT('',#7973);
#2490=VERTEX_POINT('',#7974);
#2491=VERTEX_POINT('',#7976);
#2492=VERTEX_POINT('',#7978);
#2493=VERTEX_POINT('',#7982);
#2494=VERTEX_POINT('',#8006);
#2495=VERTEX_POINT('',#8019);
#2496=VERTEX_POINT('',#8032);
#2497=VERTEX_POINT('',#8068);
#2498=VERTEX_POINT('',#8070);
#2499=VERTEX_POINT('',#8074);
#2500=VERTEX_POINT('',#8076);
#2501=VERTEX_POINT('',#8080);
#2502=VERTEX_POINT('',#8082);
#2503=VERTEX_POINT('',#8084);
#2504=VERTEX_POINT('',#8088);
#2505=VERTEX_POINT('',#8090);
#2506=VERTEX_POINT('',#8094);
#2507=VERTEX_POINT('',#8096);
#2508=VERTEX_POINT('',#8098);
#2509=VERTEX_POINT('',#8100);
#2510=VERTEX_POINT('',#8104);
#2511=VERTEX_POINT('',#8106);
#2512=VERTEX_POINT('',#8108);
#2513=VERTEX_POINT('',#8112);
#2514=VERTEX_POINT('',#8116);
#2515=VERTEX_POINT('',#8118);
#2516=VERTEX_POINT('',#8122);
#2517=VERTEX_POINT('',#8124);
#2518=VERTEX_POINT('',#8126);
#2519=VERTEX_POINT('',#8130);
#2520=VERTEX_POINT('',#8132);
#2521=VERTEX_POINT('',#8136);
#2522=VERTEX_POINT('',#8144);
#2523=VERTEX_POINT('',#8150);
#2524=VERTEX_POINT('',#8151);
#2525=VERTEX_POINT('',#8154);
#2526=VERTEX_POINT('',#8161);
#2527=VERTEX_POINT('',#8168);
#2528=VERTEX_POINT('',#8177);
#2529=VERTEX_POINT('',#8182);
#2530=VERTEX_POINT('',#8184);
#2531=VERTEX_POINT('',#8189);
#2532=VERTEX_POINT('',#8193);
#2533=VERTEX_POINT('',#8197);
#2534=VERTEX_POINT('',#8199);
#2535=VERTEX_POINT('',#8206);
#2536=VERTEX_POINT('',#8207);
#2537=VERTEX_POINT('',#8209);
#2538=VERTEX_POINT('',#8211);
#2539=VERTEX_POINT('',#8214);
#2540=VERTEX_POINT('',#8215);
#2541=VERTEX_POINT('',#8217);
#2542=VERTEX_POINT('',#8219);
#2543=VERTEX_POINT('',#8233);
#2544=VERTEX_POINT('',#8237);
#2545=VERTEX_POINT('',#8249);
#2546=VERTEX_POINT('',#8250);
#2547=VERTEX_POINT('',#8252);
#2548=VERTEX_POINT('',#8254);
#2549=VERTEX_POINT('',#8257);
#2550=VERTEX_POINT('',#8258);
#2551=VERTEX_POINT('',#8260);
#2552=VERTEX_POINT('',#8262);
#2553=VERTEX_POINT('',#8282);
#2554=VERTEX_POINT('',#8284);
#2555=VERTEX_POINT('',#8288);
#2556=VERTEX_POINT('',#8290);
#2557=VERTEX_POINT('',#8294);
#2558=VERTEX_POINT('',#8296);
#2559=VERTEX_POINT('',#8300);
#2560=VERTEX_POINT('',#8302);
#2561=VERTEX_POINT('',#8306);
#2562=VERTEX_POINT('',#8308);
#2563=VERTEX_POINT('',#8312);
#2564=VERTEX_POINT('',#8314);
#2565=VERTEX_POINT('',#8318);
#2566=VERTEX_POINT('',#8320);
#2567=VERTEX_POINT('',#8324);
#2568=VERTEX_POINT('',#8326);
#2569=VERTEX_POINT('',#8330);
#2570=VERTEX_POINT('',#8332);
#2571=VERTEX_POINT('',#8336);
#2572=VERTEX_POINT('',#8338);
#2573=VERTEX_POINT('',#8342);
#2574=VERTEX_POINT('',#8344);
#2575=VERTEX_POINT('',#8348);
#2576=VERTEX_POINT('',#8350);
#2577=VERTEX_POINT('',#8354);
#2578=VERTEX_POINT('',#8356);
#2579=VERTEX_POINT('',#8360);
#2580=VERTEX_POINT('',#8361);
#2581=VERTEX_POINT('',#8363);
#2582=VERTEX_POINT('',#8365);
#2583=VERTEX_POINT('',#8369);
#2584=VERTEX_POINT('',#8371);
#2585=VERTEX_POINT('',#8375);
#2586=VERTEX_POINT('',#8377);
#2587=VERTEX_POINT('',#8379);
#2588=VERTEX_POINT('',#8381);
#2589=VERTEX_POINT('',#8383);
#2590=VERTEX_POINT('',#8387);
#2591=VERTEX_POINT('',#8388);
#2592=VERTEX_POINT('',#8393);
#2593=VERTEX_POINT('',#8397);
#2594=VERTEX_POINT('',#8401);
#2595=EDGE_CURVE('',#2185,#2185,#2020,.T.);
#2596=EDGE_CURVE('',#2185,#2186,#1060,.T.);
#2597=EDGE_CURVE('',#2186,#2186,#2021,.T.);
#2598=EDGE_CURVE('',#2186,#2187,#1061,.T.);
#2599=EDGE_CURVE('',#2187,#2187,#2022,.T.);
#2600=EDGE_CURVE('',#2188,#2188,#2023,.T.);
#2601=EDGE_CURVE('',#2188,#2189,#1062,.T.);
#2602=EDGE_CURVE('',#2189,#2189,#2024,.T.);
#2603=EDGE_CURVE('',#2189,#2190,#1063,.T.);
#2604=EDGE_CURVE('',#2190,#2190,#2025,.T.);
#2605=EDGE_CURVE('',#2191,#2192,#1064,.T.);
#2606=EDGE_CURVE('',#2193,#2191,#1065,.T.);
#2607=EDGE_CURVE('',#2194,#2193,#1066,.T.);
#2608=EDGE_CURVE('',#2192,#2194,#1067,.T.);
#2609=EDGE_CURVE('',#2195,#2191,#2026,.T.);
#2610=EDGE_CURVE('',#2192,#2196,#2027,.T.);
#2611=EDGE_CURVE('',#2197,#2196,#1068,.T.);
#2612=EDGE_CURVE('',#2198,#2197,#2028,.T.);
#2613=EDGE_CURVE('',#2199,#2198,#1069,.T.);
#2614=EDGE_CURVE('',#2199,#2200,#2029,.T.);
#2615=EDGE_CURVE('',#2195,#2200,#1070,.T.);
#2616=EDGE_CURVE('',#2201,#2202,#1071,.T.);
#2617=EDGE_CURVE('',#2193,#2201,#2030,.T.);
#2618=EDGE_CURVE('',#2203,#2195,#1072,.T.);
#2619=EDGE_CURVE('',#2202,#2203,#1073,.T.);
#2620=EDGE_CURVE('',#2204,#2205,#1074,.T.);
#2621=EDGE_CURVE('',#2206,#2204,#1075,.T.);
#2622=EDGE_CURVE('',#2196,#2206,#1076,.T.);
#2623=EDGE_CURVE('',#2205,#2194,#2031,.T.);
#2624=EDGE_CURVE('',#2202,#2207,#1077,.T.);
#2625=EDGE_CURVE('',#2207,#2208,#1078,.T.);
#2626=EDGE_CURVE('',#2208,#2209,#1079,.T.);
#2627=EDGE_CURVE('',#2209,#2201,#1080,.T.);
#2628=EDGE_CURVE('',#2210,#2203,#1081,.T.);
#2629=EDGE_CURVE('',#2210,#2207,#1082,.T.);
#2630=EDGE_CURVE('',#2200,#2211,#1083,.T.);
#2631=EDGE_CURVE('',#2211,#2210,#1084,.T.);
#2632=EDGE_CURVE('',#2212,#2213,#1085,.T.);
#2633=EDGE_CURVE('',#2212,#2214,#137,.T.);
#2634=EDGE_CURVE('',#2215,#2214,#1086,.T.);
#2635=EDGE_CURVE('',#2215,#2213,#2032,.T.);
#2636=EDGE_CURVE('',#2216,#2217,#1087,.T.);
#2637=EDGE_CURVE('',#2217,#2218,#1088,.T.);
#2638=EDGE_CURVE('',#2218,#2219,#1089,.T.);
#2639=EDGE_CURVE('',#2220,#2219,#1090,.T.);
#2640=EDGE_CURVE('',#2216,#2220,#1091,.T.);
#2641=EDGE_CURVE('',#2219,#2221,#1092,.T.);
#2642=EDGE_CURVE('',#2222,#2221,#1093,.T.);
#2643=EDGE_CURVE('',#2220,#2222,#1094,.T.);
#2644=EDGE_CURVE('',#2213,#2222,#1095,.T.);
#2645=EDGE_CURVE('',#2216,#2213,#1096,.T.);
#2646=EDGE_CURVE('',#2199,#2216,#2033,.T.);
#2647=EDGE_CURVE('',#2199,#2215,#1097,.T.);
#2648=EDGE_CURVE('',#2223,#2217,#138,.T.);
#2649=EDGE_CURVE('',#2224,#2223,#1098,.T.);
#2650=EDGE_CURVE('',#2214,#2224,#1099,.T.);
#2651=EDGE_CURVE('',#2217,#2212,#1100,.T.);
#2652=EDGE_CURVE('',#2225,#2212,#1101,.T.);
#2653=EDGE_CURVE('',#2218,#2225,#1102,.T.);
#2654=EDGE_CURVE('',#2221,#2225,#1103,.T.);
#2655=EDGE_CURVE('',#2223,#2199,#1104,.T.);
#2656=EDGE_CURVE('',#2209,#2215,#2034,.T.);
#2657=EDGE_CURVE('',#2226,#2215,#1105,.T.);
#2658=EDGE_CURVE('',#2226,#2227,#2035,.T.);
#2659=EDGE_CURVE('',#2205,#2227,#1106,.T.);
#2660=EDGE_CURVE('',#2206,#2228,#1107,.T.);
#2661=EDGE_CURVE('',#2229,#2228,#1108,.T.);
#2662=EDGE_CURVE('',#2197,#2229,#1109,.T.);
#2663=EDGE_CURVE('',#2228,#2230,#1110,.T.);
#2664=EDGE_CURVE('',#2231,#2230,#1111,.T.);
#2665=EDGE_CURVE('',#2229,#2231,#1112,.T.);
#2666=EDGE_CURVE('',#2227,#2231,#1113,.T.);
#2667=EDGE_CURVE('',#2197,#2227,#1114,.T.);
#2668=EDGE_CURVE('',#2198,#2226,#1115,.T.);
#2669=EDGE_CURVE('',#2200,#2209,#1116,.T.);
#2670=EDGE_CURVE('',#2211,#2208,#1117,.T.);
#2671=EDGE_CURVE('',#2230,#2204,#1118,.T.);
#2672=EDGE_CURVE('',#2232,#2233,#1119,.T.);
#2673=EDGE_CURVE('',#2232,#2226,#2036,.T.);
#2674=EDGE_CURVE('',#2234,#2226,#1120,.T.);
#2675=EDGE_CURVE('',#2234,#2233,#139,.T.);
#2676=EDGE_CURVE('',#2235,#2236,#1121,.T.);
#2677=EDGE_CURVE('',#2236,#2237,#1122,.T.);
#2678=EDGE_CURVE('',#2237,#2238,#1123,.T.);
#2679=EDGE_CURVE('',#2238,#2239,#1124,.T.);
#2680=EDGE_CURVE('',#2235,#2239,#1125,.T.);
#2681=EDGE_CURVE('',#2239,#2240,#1126,.T.);
#2682=EDGE_CURVE('',#2233,#2240,#1127,.T.);
#2683=EDGE_CURVE('',#2235,#2233,#1128,.T.);
#2684=EDGE_CURVE('',#2241,#2235,#140,.T.);
#2685=EDGE_CURVE('',#2242,#2234,#1129,.T.);
#2686=EDGE_CURVE('',#2241,#2242,#1130,.T.);
#2687=EDGE_CURVE('',#2198,#2236,#2037,.T.);
#2688=EDGE_CURVE('',#2236,#2232,#1131,.T.);
#2689=EDGE_CURVE('',#2243,#2232,#1132,.T.);
#2690=EDGE_CURVE('',#2237,#2243,#1133,.T.);
#2691=EDGE_CURVE('',#2244,#2243,#1134,.T.);
#2692=EDGE_CURVE('',#2238,#2244,#1135,.T.);
#2693=EDGE_CURVE('',#2240,#2244,#1136,.T.);
#2694=EDGE_CURVE('',#2198,#2241,#1137,.T.);
#2695=EDGE_CURVE('',#2241,#2223,#1138,.T.);
#2696=EDGE_CURVE('',#2214,#2234,#1139,.T.);
#2697=EDGE_CURVE('',#2245,#2246,#1140,.T.);
#2698=EDGE_CURVE('',#2247,#2246,#1141,.F.);
#2699=EDGE_CURVE('',#2247,#2248,#1142,.T.);
#2700=EDGE_CURVE('',#2248,#2245,#1143,.T.);
#2701=EDGE_CURVE('',#2249,#2250,#1144,.T.);
#2702=EDGE_CURVE('',#2251,#2249,#1145,.F.);
#2703=EDGE_CURVE('',#2251,#2252,#1146,.T.);
#2704=EDGE_CURVE('',#2250,#2252,#1147,.F.);
#2705=EDGE_CURVE('',#2253,#2245,#1148,.T.);
#2706=EDGE_CURVE('',#2254,#2248,#1149,.T.);
#2707=EDGE_CURVE('',#2254,#2253,#1150,.T.);
#2708=EDGE_CURVE('',#2249,#2255,#1151,.T.);
#2709=EDGE_CURVE('',#2256,#2255,#1152,.T.);
#2710=EDGE_CURVE('',#2256,#2251,#1153,.T.);
#2711=EDGE_CURVE('',#2252,#2257,#1154,.F.);
#2712=EDGE_CURVE('',#2257,#2258,#1155,.T.);
#2713=EDGE_CURVE('',#2258,#2250,#1156,.T.);
#2714=EDGE_CURVE('',#2259,#2247,#1157,.F.);
#2715=EDGE_CURVE('',#2257,#2259,#1158,.T.);
#2716=EDGE_CURVE('',#2254,#2256,#1159,.T.);
#2717=EDGE_CURVE('',#2255,#2253,#1160,.T.);
#2718=EDGE_CURVE('',#2246,#2260,#1161,.T.);
#2719=EDGE_CURVE('',#2260,#2258,#1162,.T.);
#2720=EDGE_CURVE('',#2260,#2259,#1163,.T.);
#2721=EDGE_CURVE('',#2261,#2262,#2038,.T.);
#2722=EDGE_CURVE('',#2263,#2261,#1164,.T.);
#2723=EDGE_CURVE('',#2264,#2263,#2039,.T.);
#2724=EDGE_CURVE('',#2265,#2264,#1165,.T.);
#2725=EDGE_CURVE('',#2266,#2265,#1166,.T.);
#2726=EDGE_CURVE('',#2266,#2267,#1167,.T.);
#2727=EDGE_CURVE('',#2268,#2267,#2040,.T.);
#2728=EDGE_CURVE('',#2268,#2269,#1168,.T.);
#2729=EDGE_CURVE('',#2270,#2269,#2041,.T.);
#2730=EDGE_CURVE('',#2271,#2270,#1169,.T.);
#2731=EDGE_CURVE('',#2272,#2271,#2042,.T.);
#2732=EDGE_CURVE('',#2273,#2272,#1170,.T.);
#2733=EDGE_CURVE('',#2274,#2273,#2043,.T.);
#2734=EDGE_CURVE('',#2275,#2274,#1171,.T.);
#2735=EDGE_CURVE('',#2276,#2275,#1172,.T.);
#2736=EDGE_CURVE('',#2262,#2276,#1173,.T.);
#2737=EDGE_CURVE('',#2277,#2269,#1174,.T.);
#2738=EDGE_CURVE('',#2277,#2278,#2044,.T.);
#2739=EDGE_CURVE('',#2270,#2278,#1175,.T.);
#2740=EDGE_CURVE('',#2279,#2267,#1176,.T.);
#2741=EDGE_CURVE('',#2279,#2280,#2045,.T.);
#2742=EDGE_CURVE('',#2268,#2280,#1177,.T.);
#2743=EDGE_CURVE('',#2281,#2275,#1178,.T.);
#2744=EDGE_CURVE('',#2281,#2282,#1179,.T.);
#2745=EDGE_CURVE('',#2282,#2276,#1180,.T.);
#2746=EDGE_CURVE('',#2283,#2265,#1181,.T.);
#2747=EDGE_CURVE('',#2284,#2283,#1182,.T.);
#2748=EDGE_CURVE('',#2266,#2284,#1183,.T.);
#2749=EDGE_CURVE('',#2264,#2285,#1184,.T.);
#2750=EDGE_CURVE('',#2285,#2286,#1185,.T.);
#2751=EDGE_CURVE('',#2286,#2283,#1186,.T.);
#2752=EDGE_CURVE('',#2261,#2287,#1187,.T.);
#2753=EDGE_CURVE('',#2287,#2288,#1188,.T.);
#2754=EDGE_CURVE('',#2288,#2263,#1189,.T.);
#2755=EDGE_CURVE('',#2280,#2279,#25,.T.);
#2756=EDGE_CURVE('',#2289,#2290,#26,.T.);
#2757=EDGE_CURVE('',#2290,#2289,#2046,.T.);
#2758=EDGE_CURVE('',#2290,#2271,#1190,.T.);
#2759=EDGE_CURVE('',#2272,#2289,#1191,.T.);
#2760=EDGE_CURVE('',#2278,#2291,#27,.T.);
#2761=EDGE_CURVE('',#2291,#2292,#1192,.T.);
#2762=EDGE_CURVE('',#2292,#2293,#1193,.T.);
#2763=EDGE_CURVE('',#2293,#2273,#1194,.T.);
#2764=EDGE_CURVE('',#2294,#2277,#28,.T.);
#2765=EDGE_CURVE('',#2291,#2294,#141,.T.);
#2766=EDGE_CURVE('',#2295,#2294,#1195,.T.);
#2767=EDGE_CURVE('',#2292,#2295,#2047,.T.);
#2768=EDGE_CURVE('',#2296,#2284,#1196,.T.);
#2769=EDGE_CURVE('',#2295,#2296,#1197,.T.);
#2770=EDGE_CURVE('',#2288,#2285,#2048,.T.);
#2771=EDGE_CURVE('',#2296,#2286,#1198,.T.);
#2772=EDGE_CURVE('',#2295,#2285,#1199,.T.);
#2773=EDGE_CURVE('',#2292,#2288,#1200,.T.);
#2774=EDGE_CURVE('',#2297,#2298,#1201,.T.);
#2775=EDGE_CURVE('',#2297,#2288,#2049,.T.);
#2776=EDGE_CURVE('',#2287,#2298,#2050,.T.);
#2777=EDGE_CURVE('',#2299,#2300,#1202,.T.);
#2778=EDGE_CURVE('',#2300,#2301,#1203,.T.);
#2779=EDGE_CURVE('',#2301,#2302,#1204,.T.);
#2780=EDGE_CURVE('',#2302,#2303,#1205,.T.);
#2781=EDGE_CURVE('',#2304,#2303,#1206,.T.);
#2782=EDGE_CURVE('',#2299,#2304,#1207,.T.);
#2783=EDGE_CURVE('',#2303,#2305,#1208,.T.);
#2784=EDGE_CURVE('',#2306,#2305,#1209,.T.);
#2785=EDGE_CURVE('',#2304,#2306,#1210,.T.);
#2786=EDGE_CURVE('',#2298,#2306,#1211,.T.);
#2787=EDGE_CURVE('',#2299,#2298,#1212,.T.);
#2788=EDGE_CURVE('',#2293,#2299,#2051,.T.);
#2789=EDGE_CURVE('',#2293,#2287,#1213,.T.);
#2790=EDGE_CURVE('',#2292,#2300,#2052,.T.);
#2791=EDGE_CURVE('',#2300,#2297,#1214,.T.);
#2792=EDGE_CURVE('',#2307,#2297,#1215,.T.);
#2793=EDGE_CURVE('',#2301,#2307,#1216,.T.);
#2794=EDGE_CURVE('',#2308,#2307,#1217,.T.);
#2795=EDGE_CURVE('',#2302,#2308,#1218,.T.);
#2796=EDGE_CURVE('',#2305,#2308,#1219,.T.);
#2797=EDGE_CURVE('',#2309,#2262,#1220,.T.);
#2798=EDGE_CURVE('',#2309,#2287,#2053,.T.);
#2799=EDGE_CURVE('',#2274,#2310,#1221,.T.);
#2800=EDGE_CURVE('',#2310,#2311,#1222,.T.);
#2801=EDGE_CURVE('',#2311,#2281,#1223,.T.);
#2802=EDGE_CURVE('',#2293,#2310,#2054,.T.);
#2803=EDGE_CURVE('',#2310,#2309,#1224,.T.);
#2804=EDGE_CURVE('',#2312,#2309,#1225,.T.);
#2805=EDGE_CURVE('',#2311,#2312,#1226,.T.);
#2806=EDGE_CURVE('',#2282,#2312,#1227,.T.);
#2807=EDGE_CURVE('',#2313,#2314,#2055,.T.);
#2808=EDGE_CURVE('',#2314,#2315,#1228,.T.);
#2809=EDGE_CURVE('',#2315,#2316,#2056,.T.);
#2810=EDGE_CURVE('',#2316,#2313,#1229,.T.);
#2811=EDGE_CURVE('',#2316,#2317,#2057,.T.);
#2812=EDGE_CURVE('',#2317,#2318,#1230,.T.);
#2813=EDGE_CURVE('',#2318,#2319,#2058,.T.);
#2814=EDGE_CURVE('',#2319,#2316,#1231,.T.);
#2815=EDGE_CURVE('',#2315,#2317,#2059,.T.);
#2816=EDGE_CURVE('',#2320,#2321,#2060,.T.);
#2817=EDGE_CURVE('',#2321,#2319,#1232,.T.);
#2818=EDGE_CURVE('',#2319,#2322,#2061,.T.);
#2819=EDGE_CURVE('',#2322,#2320,#1233,.T.);
#2820=EDGE_CURVE('',#2318,#2322,#2062,.T.);
#2821=EDGE_CURVE('',#2313,#2321,#1234,.T.);
#2822=EDGE_CURVE('',#2323,#2322,#1235,.T.);
#2823=EDGE_CURVE('',#2324,#2323,#1236,.T.);
#2824=EDGE_CURVE('',#2325,#2324,#1237,.T.);
#2825=EDGE_CURVE('',#2326,#2325,#1238,.T.);
#2826=EDGE_CURVE('',#2320,#2326,#1239,.T.);
#2827=EDGE_CURVE('',#2327,#2314,#1240,.T.);
#2828=EDGE_CURVE('',#2327,#2328,#1241,.T.);
#2829=EDGE_CURVE('',#2329,#2328,#1242,.T.);
#2830=EDGE_CURVE('',#2330,#2329,#1243,.T.);
#2831=EDGE_CURVE('',#2315,#2330,#1244,.T.);
#2832=EDGE_CURVE('',#2318,#2331,#1245,.T.);
#2833=EDGE_CURVE('',#2323,#2331,#2063,.T.);
#2834=EDGE_CURVE('',#2332,#2330,#2064,.T.);
#2835=EDGE_CURVE('',#2332,#2317,#1246,.T.);
#2836=EDGE_CURVE('',#2331,#2332,#1247,.T.);
#2837=EDGE_CURVE('',#2328,#2325,#1248,.T.);
#2838=EDGE_CURVE('',#2324,#2333,#2065,.T.);
#2839=EDGE_CURVE('',#2333,#2334,#1249,.T.);
#2840=EDGE_CURVE('',#2334,#2329,#2066,.T.);
#2841=EDGE_CURVE('',#2326,#2335,#1250,.T.);
#2842=EDGE_CURVE('',#2335,#2336,#1251,.T.);
#2843=EDGE_CURVE('',#2336,#2337,#1252,.T.);
#2844=EDGE_CURVE('',#2337,#2338,#1253,.T.);
#2845=EDGE_CURVE('',#2338,#2327,#1254,.T.);
#2846=EDGE_CURVE('',#2323,#2339,#2067,.T.);
#2847=EDGE_CURVE('',#2339,#2333,#1255,.T.);
#2848=EDGE_CURVE('',#2339,#2331,#2068,.T.);
#2849=EDGE_CURVE('',#2332,#2340,#2069,.T.);
#2850=EDGE_CURVE('',#2340,#2339,#1256,.T.);
#2851=EDGE_CURVE('',#2334,#2340,#1257,.T.);
#2852=EDGE_CURVE('',#2340,#2330,#2070,.T.);
#2853=EDGE_CURVE('',#2336,#2341,#1258,.T.);
#2854=EDGE_CURVE('',#2341,#2342,#1259,.T.);
#2855=EDGE_CURVE('',#2337,#2342,#1260,.T.);
#2856=EDGE_CURVE('',#2335,#2343,#1261,.T.);
#2857=EDGE_CURVE('',#2343,#2341,#1262,.T.);
#2858=EDGE_CURVE('',#2338,#2344,#1263,.T.);
#2859=EDGE_CURVE('',#2344,#2343,#1264,.T.);
#2860=EDGE_CURVE('',#2342,#2344,#1265,.T.);
#2861=EDGE_CURVE('',#2345,#2346,#1266,.T.);
#2862=EDGE_CURVE('',#2347,#2346,#1267,.T.);
#2863=EDGE_CURVE('',#2347,#2348,#1268,.T.);
#2864=EDGE_CURVE('',#2348,#2345,#1269,.T.);
#2865=EDGE_CURVE('',#2349,#2350,#1270,.T.);
#2866=EDGE_CURVE('',#2351,#2349,#1271,.T.);
#2867=EDGE_CURVE('',#2352,#2351,#1272,.T.);
#2868=EDGE_CURVE('',#2353,#2352,#2071,.T.);
#2869=EDGE_CURVE('',#2353,#2354,#1273,.T.);
#2870=EDGE_CURVE('',#2355,#2354,#2072,.T.);
#2871=EDGE_CURVE('',#2345,#2355,#1274,.T.);
#2872=EDGE_CURVE('',#2356,#2348,#1275,.T.);
#2873=EDGE_CURVE('',#2356,#2357,#1276,.T.);
#2874=EDGE_CURVE('',#2358,#2357,#1277,.T.);
#2875=EDGE_CURVE('',#2358,#2350,#1278,.T.);
#2876=EDGE_CURVE('',#2359,#2359,#2073,.T.);
#2877=EDGE_CURVE('',#2360,#2360,#2074,.T.);
#2878=EDGE_CURVE('',#2361,#2361,#2075,.T.);
#2879=EDGE_CURVE('',#2362,#2362,#2076,.T.);
#2880=EDGE_CURVE('',#2363,#2363,#2077,.T.);
#2881=EDGE_CURVE('',#2364,#2364,#2078,.T.);
#2882=EDGE_CURVE('',#2365,#2365,#2079,.T.);
#2883=EDGE_CURVE('',#2366,#2366,#2080,.T.);
#2884=EDGE_CURVE('',#2367,#2367,#2081,.T.);
#2885=EDGE_CURVE('',#2368,#2368,#2082,.T.);
#2886=EDGE_CURVE('',#2369,#2369,#2083,.T.);
#2887=EDGE_CURVE('',#2370,#2370,#2084,.T.);
#2888=EDGE_CURVE('',#2371,#2371,#2085,.T.);
#2889=EDGE_CURVE('',#2358,#2372,#1279,.T.);
#2890=EDGE_CURVE('',#2373,#2372,#1280,.T.);
#2891=EDGE_CURVE('',#2350,#2373,#1281,.T.);
#2892=EDGE_CURVE('',#2374,#2355,#1282,.T.);
#2893=EDGE_CURVE('',#2374,#2346,#1283,.F.);
#2894=EDGE_CURVE('',#2354,#2375,#1284,.T.);
#2895=EDGE_CURVE('',#2375,#2374,#2086,.F.);
#2896=EDGE_CURVE('',#2376,#2353,#1285,.T.);
#2897=EDGE_CURVE('',#2375,#2376,#1286,.F.);
#2898=EDGE_CURVE('',#2352,#2377,#1287,.T.);
#2899=EDGE_CURVE('',#2377,#2376,#2087,.F.);
#2900=EDGE_CURVE('',#2378,#2379,#2088,.T.);
#2901=EDGE_CURVE('',#2379,#2380,#1288,.T.);
#2902=EDGE_CURVE('',#2380,#2381,#2089,.T.);
#2903=EDGE_CURVE('',#2381,#2378,#1289,.T.);
#2904=EDGE_CURVE('',#2357,#2380,#1290,.T.);
#2905=EDGE_CURVE('',#2382,#2357,#2090,.T.);
#2906=EDGE_CURVE('',#2383,#2382,#1291,.T.);
#2907=EDGE_CURVE('',#2381,#2383,#1292,.T.);
#2908=EDGE_CURVE('',#2379,#2347,#1293,.T.);
#2909=EDGE_CURVE('',#2384,#2377,#1294,.F.);
#2910=EDGE_CURVE('',#2384,#2385,#1295,.T.);
#2911=EDGE_CURVE('',#2373,#2385,#1296,.F.);
#2912=EDGE_CURVE('',#2372,#2380,#1297,.T.);
#2913=EDGE_CURVE('',#2386,#2386,#2091,.F.);
#2914=EDGE_CURVE('',#2387,#2387,#2092,.F.);
#2915=EDGE_CURVE('',#2388,#2388,#2093,.F.);
#2916=EDGE_CURVE('',#2389,#2389,#2094,.F.);
#2917=EDGE_CURVE('',#2390,#2390,#2095,.F.);
#2918=EDGE_CURVE('',#2391,#2391,#2096,.F.);
#2919=EDGE_CURVE('',#2392,#2392,#2097,.F.);
#2920=EDGE_CURVE('',#2393,#2393,#2098,.F.);
#2921=EDGE_CURVE('',#2394,#2394,#2099,.F.);
#2922=EDGE_CURVE('',#2395,#2395,#2100,.F.);
#2923=EDGE_CURVE('',#2396,#2396,#2101,.F.);
#2924=EDGE_CURVE('',#2397,#2397,#2102,.F.);
#2925=EDGE_CURVE('',#2398,#2398,#2103,.F.);
#2926=EDGE_CURVE('',#2385,#2349,#1298,.T.);
#2927=EDGE_CURVE('',#2370,#2398,#1299,.T.);
#2928=EDGE_CURVE('',#2384,#2351,#1300,.T.);
#2929=EDGE_CURVE('',#2359,#2387,#1301,.T.);
#2930=EDGE_CURVE('',#2360,#2388,#1302,.T.);
#2931=EDGE_CURVE('',#2361,#2389,#1303,.T.);
#2932=EDGE_CURVE('',#2362,#2390,#1304,.T.);
#2933=EDGE_CURVE('',#2371,#2396,#1305,.T.);
#2934=EDGE_CURVE('',#2365,#2391,#1306,.T.);
#2935=EDGE_CURVE('',#2366,#2392,#1307,.T.);
#2936=EDGE_CURVE('',#2367,#2393,#1308,.T.);
#2937=EDGE_CURVE('',#2368,#2394,#1309,.T.);
#2938=EDGE_CURVE('',#2369,#2395,#1310,.T.);
#2939=EDGE_CURVE('',#2363,#2397,#1311,.T.);
#2940=EDGE_CURVE('',#2364,#2386,#1312,.T.);
#2941=EDGE_CURVE('',#2399,#2400,#1313,.T.);
#2942=EDGE_CURVE('',#2401,#2399,#1314,.T.);
#2943=EDGE_CURVE('',#2402,#2401,#1315,.T.);
#2944=EDGE_CURVE('',#2402,#2400,#1316,.T.);
#2945=EDGE_CURVE('',#2400,#2403,#2104,.T.);
#2946=EDGE_CURVE('',#2404,#2402,#2105,.T.);
#2947=EDGE_CURVE('',#2404,#2403,#1317,.T.);
#2948=EDGE_CURVE('',#2403,#2405,#1318,.T.);
#2949=EDGE_CURVE('',#2406,#2404,#1319,.T.);
#2950=EDGE_CURVE('',#2405,#2406,#1320,.T.);
#2951=EDGE_CURVE('',#2407,#2406,#1321,.T.);
#2952=EDGE_CURVE('',#2408,#2407,#1322,.T.);
#2953=EDGE_CURVE('',#2408,#2405,#1323,.T.);
#2954=EDGE_CURVE('',#2399,#2409,#1324,.T.);
#2955=EDGE_CURVE('',#2409,#2410,#1325,.T.);
#2956=EDGE_CURVE('',#2401,#2410,#1326,.T.);
#2957=EDGE_CURVE('',#2408,#2411,#1327,.T.);
#2958=EDGE_CURVE('',#2411,#2382,#1328,.T.);
#2959=EDGE_CURVE('',#2382,#2409,#1329,.T.);
#2960=EDGE_CURVE('',#2411,#2412,#1330,.T.);
#2961=EDGE_CURVE('',#2383,#2412,#1331,.T.);
#2962=EDGE_CURVE('',#2410,#2378,#1332,.T.);
#2963=EDGE_CURVE('',#2409,#2356,#2106,.T.);
#2964=EDGE_CURVE('',#2379,#2356,#1333,.T.);
#2965=EDGE_CURVE('',#2412,#2407,#1334,.T.);
#2966=EDGE_CURVE('',#2413,#2413,#2107,.T.);
#2967=EDGE_CURVE('',#2413,#2414,#1335,.T.);
#2968=EDGE_CURVE('',#2414,#2414,#2108,.T.);
#2969=EDGE_CURVE('',#2415,#2415,#2109,.T.);
#2970=EDGE_CURVE('',#2415,#2416,#1336,.T.);
#2971=EDGE_CURVE('',#2416,#2416,#2110,.T.);
#2972=EDGE_CURVE('',#2417,#2417,#2111,.T.);
#2973=EDGE_CURVE('',#2417,#2418,#1337,.T.);
#2974=EDGE_CURVE('',#2418,#2418,#2112,.T.);
#2975=EDGE_CURVE('',#2419,#2420,#1338,.T.);
#2976=EDGE_CURVE('',#2421,#2419,#1339,.T.);
#2977=EDGE_CURVE('',#2422,#2421,#1340,.T.);
#2978=EDGE_CURVE('',#2422,#2420,#1341,.T.);
#2979=EDGE_CURVE('',#2420,#2423,#1342,.T.);
#2980=EDGE_CURVE('',#2424,#2422,#1343,.T.);
#2981=EDGE_CURVE('',#2424,#2423,#1344,.T.);
#2982=EDGE_CURVE('',#2423,#2425,#1345,.T.);
#2983=EDGE_CURVE('',#2426,#2424,#1346,.T.);
#2984=EDGE_CURVE('',#2426,#2425,#1347,.T.);
#2985=EDGE_CURVE('',#2425,#2419,#1348,.T.);
#2986=EDGE_CURVE('',#2421,#2426,#1349,.T.);
#2987=EDGE_CURVE('',#2427,#2427,#2113,.T.);
#2988=EDGE_CURVE('',#2427,#2428,#1350,.T.);
#2989=EDGE_CURVE('',#2428,#2428,#2114,.T.);
#2990=EDGE_CURVE('',#2429,#2429,#2115,.T.);
#2991=EDGE_CURVE('',#2429,#2430,#1351,.T.);
#2992=EDGE_CURVE('',#2430,#2430,#2116,.T.);
#2993=EDGE_CURVE('',#2431,#2431,#2117,.T.);
#2994=EDGE_CURVE('',#2431,#2432,#1352,.T.);
#2995=EDGE_CURVE('',#2432,#2432,#2118,.T.);
#2996=EDGE_CURVE('',#2433,#2433,#2119,.T.);
#2997=EDGE_CURVE('',#2433,#2434,#1353,.T.);
#2998=EDGE_CURVE('',#2434,#2434,#2120,.T.);
#2999=EDGE_CURVE('',#2435,#2435,#2121,.T.);
#3000=EDGE_CURVE('',#2435,#2436,#1354,.T.);
#3001=EDGE_CURVE('',#2436,#2436,#2122,.T.);
#3002=EDGE_CURVE('',#2437,#2437,#2123,.T.);
#3003=EDGE_CURVE('',#2437,#2438,#1355,.T.);
#3004=EDGE_CURVE('',#2438,#2438,#2124,.T.);
#3005=EDGE_CURVE('',#2439,#2439,#2125,.T.);
#3006=EDGE_CURVE('',#2439,#2440,#1356,.T.);
#3007=EDGE_CURVE('',#2440,#2440,#2126,.T.);
#3008=EDGE_CURVE('',#2441,#2441,#2127,.T.);
#3009=EDGE_CURVE('',#2441,#2442,#1357,.T.);
#3010=EDGE_CURVE('',#2442,#2442,#2128,.T.);
#3011=EDGE_CURVE('',#2443,#2444,#1358,.T.);
#3012=EDGE_CURVE('',#2445,#2443,#142,.T.);
#3013=EDGE_CURVE('',#2445,#2446,#2129,.T.);
#3014=EDGE_CURVE('',#2447,#2446,#1359,.T.);
#3015=EDGE_CURVE('',#2447,#2444,#143,.T.);
#3016=EDGE_CURVE('',#2448,#2449,#1360,.T.);
#3017=EDGE_CURVE('',#2450,#2449,#1361,.T.);
#3018=EDGE_CURVE('',#2450,#2451,#1362,.T.);
#3019=EDGE_CURVE('',#2448,#2451,#1363,.T.);
#3020=EDGE_CURVE('',#2452,#2445,#144,.T.);
#3021=EDGE_CURVE('',#2449,#2443,#1364,.T.);
#3022=EDGE_CURVE('',#2449,#2452,#13,.T.);
#3023=EDGE_CURVE('',#2443,#2453,#1365,.T.);
#3024=EDGE_CURVE('',#2453,#2450,#1366,.T.);
#3025=EDGE_CURVE('',#2448,#2454,#14,.T.);
#3026=EDGE_CURVE('',#2455,#2454,#1367,.T.);
#3027=EDGE_CURVE('',#2452,#2455,#2130,.T.);
#3028=EDGE_CURVE('',#2456,#2453,#1368,.T.);
#3029=EDGE_CURVE('',#2451,#2456,#1369,.T.);
#3030=EDGE_CURVE('',#2444,#2456,#1370,.T.);
#3031=EDGE_CURVE('',#2448,#2444,#1371,.T.);
#3032=EDGE_CURVE('',#2454,#2447,#1372,.T.);
#3033=EDGE_CURVE('',#2446,#2455,#1373,.T.);
#3034=EDGE_CURVE('',#2457,#2458,#1374,.T.);
#3035=EDGE_CURVE('',#2459,#2458,#1375,.T.);
#3036=EDGE_CURVE('',#2459,#2460,#1376,.T.);
#3037=EDGE_CURVE('',#2460,#2457,#1377,.T.);
#3038=EDGE_CURVE('',#2461,#2462,#1378,.T.);
#3039=EDGE_CURVE('',#2463,#2461,#15,.T.);
#3040=EDGE_CURVE('',#2463,#2464,#2131,.T.);
#3041=EDGE_CURVE('',#2465,#2464,#1379,.T.);
#3042=EDGE_CURVE('',#2462,#2465,#16,.T.);
#3043=EDGE_CURVE('',#2461,#2466,#1380,.T.);
#3044=EDGE_CURVE('',#2466,#2459,#1381,.T.);
#3045=EDGE_CURVE('',#2461,#2458,#1382,.T.);
#3046=EDGE_CURVE('',#2467,#2463,#145,.T.);
#3047=EDGE_CURVE('',#2458,#2467,#146,.T.);
#3048=EDGE_CURVE('',#2468,#2467,#2132,.T.);
#3049=EDGE_CURVE('',#2464,#2468,#1383,.T.);
#3050=EDGE_CURVE('',#2457,#2469,#147,.T.);
#3051=EDGE_CURVE('',#2468,#2469,#1384,.T.);
#3052=EDGE_CURVE('',#2469,#2465,#1385,.T.);
#3053=EDGE_CURVE('',#2462,#2457,#1386,.T.);
#3054=EDGE_CURVE('',#2462,#2470,#1387,.T.);
#3055=EDGE_CURVE('',#2470,#2460,#1388,.T.);
#3056=EDGE_CURVE('',#2470,#2466,#1389,.T.);
#3057=EDGE_CURVE('',#2471,#2472,#1390,.T.);
#3058=EDGE_CURVE('',#2473,#2472,#1391,.T.);
#3059=EDGE_CURVE('',#2473,#2474,#1392,.T.);
#3060=EDGE_CURVE('',#2471,#2474,#1393,.T.);
#3061=EDGE_CURVE('',#2475,#2476,#1394,.T.);
#3062=EDGE_CURVE('',#2477,#2475,#17,.T.);
#3063=EDGE_CURVE('',#2477,#2478,#2133,.T.);
#3064=EDGE_CURVE('',#2479,#2478,#1395,.T.);
#3065=EDGE_CURVE('',#2476,#2479,#18,.T.);
#3066=EDGE_CURVE('',#2480,#2477,#148,.T.);
#3067=EDGE_CURVE('',#2475,#2472,#1396,.T.);
#3068=EDGE_CURVE('',#2472,#2480,#149,.T.);
#3069=EDGE_CURVE('',#2475,#2481,#1397,.T.);
#3070=EDGE_CURVE('',#2481,#2473,#1398,.T.);
#3071=EDGE_CURVE('',#2482,#2471,#150,.T.);
#3072=EDGE_CURVE('',#2483,#2482,#1399,.T.);
#3073=EDGE_CURVE('',#2483,#2480,#2134,.T.);
#3074=EDGE_CURVE('',#2484,#2481,#1400,.T.);
#3075=EDGE_CURVE('',#2474,#2484,#1401,.T.);
#3076=EDGE_CURVE('',#2482,#2479,#151,.T.);
#3077=EDGE_CURVE('',#2476,#2471,#1402,.T.);
#3078=EDGE_CURVE('',#2484,#2476,#1403,.T.);
#3079=EDGE_CURVE('',#2478,#2483,#1404,.T.);
#3080=EDGE_CURVE('',#2485,#2486,#1405,.T.);
#3081=EDGE_CURVE('',#2487,#2486,#1406,.T.);
#3082=EDGE_CURVE('',#2487,#2488,#1407,.T.);
#3083=EDGE_CURVE('',#2485,#2488,#1408,.T.);
#3084=EDGE_CURVE('',#2489,#2490,#1409,.T.);
#3085=EDGE_CURVE('',#2491,#2489,#19,.T.);
#3086=EDGE_CURVE('',#2492,#2491,#1410,.T.);
#3087=EDGE_CURVE('',#2490,#2492,#20,.T.);
#3088=EDGE_CURVE('',#2489,#2493,#1411,.T.);
#3089=EDGE_CURVE('',#2493,#2487,#1412,.T.);
#3090=EDGE_CURVE('',#2489,#2486,#1413,.T.);
#3091=EDGE_CURVE('',#2486,#2494,#152,.T.);
#3092=EDGE_CURVE('',#2491,#2494,#153,.T.);
#3093=EDGE_CURVE('',#2495,#2485,#154,.T.);
#3094=EDGE_CURVE('',#2494,#2495,#1414,.T.);
#3095=EDGE_CURVE('',#2496,#2493,#1415,.T.);
#3096=EDGE_CURVE('',#2488,#2496,#1416,.T.);
#3097=EDGE_CURVE('',#2495,#2492,#155,.T.);
#3098=EDGE_CURVE('',#2490,#2485,#1417,.T.);
#3099=EDGE_CURVE('',#2496,#2490,#1418,.T.);
#3100=EDGE_CURVE('',#2497,#2492,#1419,.T.);
#3101=EDGE_CURVE('',#2498,#2497,#1420,.T.);
#3102=EDGE_CURVE('',#2495,#2498,#1421,.T.);
#3103=EDGE_CURVE('',#2499,#2479,#1422,.T.);
#3104=EDGE_CURVE('',#2500,#2499,#1423,.T.);
#3105=EDGE_CURVE('',#2482,#2500,#1424,.T.);
#3106=EDGE_CURVE('',#2478,#2501,#1425,.T.);
#3107=EDGE_CURVE('',#2501,#2502,#1426,.T.);
#3108=EDGE_CURVE('',#2502,#2503,#1427,.T.);
#3109=EDGE_CURVE('',#2499,#2503,#1428,.T.);
#3110=EDGE_CURVE('',#2504,#2494,#1429,.T.);
#3111=EDGE_CURVE('',#2505,#2504,#1430,.T.);
#3112=EDGE_CURVE('',#2491,#2505,#1431,.T.);
#3113=EDGE_CURVE('',#2505,#2506,#1432,.T.);
#3114=EDGE_CURVE('',#2506,#2507,#1433,.T.);
#3115=EDGE_CURVE('',#2507,#2508,#1434,.T.);
#3116=EDGE_CURVE('',#2508,#2509,#1435,.T.);
#3117=EDGE_CURVE('',#2497,#2509,#1436,.T.);
#3118=EDGE_CURVE('',#2446,#2510,#1437,.T.);
#3119=EDGE_CURVE('',#2510,#2511,#1438,.T.);
#3120=EDGE_CURVE('',#2511,#2512,#1439,.T.);
#3121=EDGE_CURVE('',#2512,#2447,#1440,.T.);
#3122=EDGE_CURVE('',#2455,#2513,#1441,.T.);
#3123=EDGE_CURVE('',#2513,#2510,#1442,.T.);
#3124=EDGE_CURVE('',#2514,#2454,#1443,.T.);
#3125=EDGE_CURVE('',#2515,#2514,#1444,.T.);
#3126=EDGE_CURVE('',#2515,#2513,#1445,.T.);
#3127=EDGE_CURVE('',#2464,#2516,#1446,.T.);
#3128=EDGE_CURVE('',#2516,#2517,#1447,.T.);
#3129=EDGE_CURVE('',#2517,#2518,#1448,.T.);
#3130=EDGE_CURVE('',#2518,#2465,#1449,.T.);
#3131=EDGE_CURVE('',#2510,#2519,#2135,.T.);
#3132=EDGE_CURVE('',#2520,#2519,#1450,.T.);
#3133=EDGE_CURVE('',#2520,#2511,#2136,.T.);
#3134=EDGE_CURVE('',#2513,#2521,#2137,.T.);
#3135=EDGE_CURVE('',#2519,#2521,#1451,.T.);
#3136=EDGE_CURVE('',#2514,#2512,#1452,.T.);
#3137=EDGE_CURVE('',#2515,#2511,#1453,.T.);
#3138=EDGE_CURVE('',#2522,#2515,#2138,.T.);
#3139=EDGE_CURVE('',#2522,#2520,#1454,.T.);
#3140=EDGE_CURVE('',#2521,#2522,#1455,.T.);
#3141=EDGE_CURVE('',#2523,#2524,#1456,.T.);
#3142=EDGE_CURVE('',#2523,#2520,#2139,.T.);
#3143=EDGE_CURVE('',#2525,#2520,#1457,.T.);
#3144=EDGE_CURVE('',#2525,#2524,#2140,.T.);
#3145=EDGE_CURVE('',#2524,#2468,#1458,.T.);
#3146=EDGE_CURVE('',#2524,#2516,#1459,.T.);
#3147=EDGE_CURVE('',#2526,#2525,#1460,.T.);
#3148=EDGE_CURVE('',#2516,#2526,#2141,.T.);
#3149=EDGE_CURVE('',#2522,#2517,#2142,.T.);
#3150=EDGE_CURVE('',#2517,#2523,#1461,.T.);
#3151=EDGE_CURVE('',#2527,#2523,#1462,.T.);
#3152=EDGE_CURVE('',#2518,#2527,#1463,.T.);
#3153=EDGE_CURVE('',#2469,#2527,#1464,.T.);
#3154=EDGE_CURVE('',#2522,#2526,#1465,.T.);
#3155=EDGE_CURVE('',#2528,#2525,#2143,.T.);
#3156=EDGE_CURVE('',#2528,#2502,#1466,.T.);
#3157=EDGE_CURVE('',#2526,#2502,#2144,.T.);
#3158=EDGE_CURVE('',#2529,#2507,#1467,.T.);
#3159=EDGE_CURVE('',#2530,#2506,#1468,.T.);
#3160=EDGE_CURVE('',#2529,#2530,#1469,.T.);
#3161=EDGE_CURVE('',#2507,#2521,#2145,.T.);
#3162=EDGE_CURVE('',#2531,#2521,#1470,.T.);
#3163=EDGE_CURVE('',#2531,#2508,#2146,.T.);
#3164=EDGE_CURVE('',#2532,#2528,#1471,.T.);
#3165=EDGE_CURVE('',#2503,#2532,#1472,.T.);
#3166=EDGE_CURVE('',#2533,#2525,#1473,.T.);
#3167=EDGE_CURVE('',#2533,#2534,#2147,.T.);
#3168=EDGE_CURVE('',#2528,#2534,#1474,.T.);
#3169=EDGE_CURVE('',#2519,#2529,#2148,.T.);
#3170=EDGE_CURVE('',#2526,#2531,#1475,.T.);
#3171=EDGE_CURVE('',#2535,#2536,#1476,.T.);
#3172=EDGE_CURVE('',#2537,#2535,#1477,.T.);
#3173=EDGE_CURVE('',#2538,#2537,#1478,.T.);
#3174=EDGE_CURVE('',#2536,#2538,#1479,.T.);
#3175=EDGE_CURVE('',#2539,#2540,#1480,.T.);
#3176=EDGE_CURVE('',#2541,#2539,#1481,.T.);
#3177=EDGE_CURVE('',#2542,#2541,#1482,.T.);
#3178=EDGE_CURVE('',#2540,#2542,#1483,.T.);
#3179=EDGE_CURVE('',#2534,#2483,#1484,.T.);
#3180=EDGE_CURVE('',#2534,#2501,#1485,.T.);
#3181=EDGE_CURVE('',#2531,#2533,#1486,.T.);
#3182=EDGE_CURVE('',#2501,#2531,#2149,.T.);
#3183=EDGE_CURVE('',#2500,#2532,#1487,.T.);
#3184=EDGE_CURVE('',#2543,#2533,#2150,.T.);
#3185=EDGE_CURVE('',#2543,#2508,#1488,.T.);
#3186=EDGE_CURVE('',#2544,#2543,#1489,.T.);
#3187=EDGE_CURVE('',#2509,#2544,#1490,.T.);
#3188=EDGE_CURVE('',#2543,#2529,#1491,.T.);
#3189=EDGE_CURVE('',#2519,#2533,#1492,.T.);
#3190=EDGE_CURVE('',#2530,#2504,#1493,.T.);
#3191=EDGE_CURVE('',#2498,#2544,#1494,.T.);
#3192=EDGE_CURVE('',#2545,#2546,#1495,.T.);
#3193=EDGE_CURVE('',#2546,#2547,#1496,.T.);
#3194=EDGE_CURVE('',#2547,#2548,#1497,.T.);
#3195=EDGE_CURVE('',#2548,#2545,#1498,.T.);
#3196=EDGE_CURVE('',#2549,#2550,#1499,.T.);
#3197=EDGE_CURVE('',#2550,#2551,#1500,.T.);
#3198=EDGE_CURVE('',#2551,#2552,#1501,.T.);
#3199=EDGE_CURVE('',#2552,#2549,#1502,.T.);
#3200=EDGE_CURVE('',#2539,#2545,#1503,.T.);
#3201=EDGE_CURVE('',#2541,#2548,#1504,.T.);
#3202=EDGE_CURVE('',#2542,#2547,#1505,.T.);
#3203=EDGE_CURVE('',#2540,#2546,#1506,.T.);
#3204=EDGE_CURVE('',#2535,#2549,#1507,.T.);
#3205=EDGE_CURVE('',#2537,#2552,#1508,.T.);
#3206=EDGE_CURVE('',#2538,#2551,#1509,.T.);
#3207=EDGE_CURVE('',#2536,#2550,#1510,.T.);
#3208=EDGE_CURVE('',#2553,#2553,#2151,.T.);
#3209=EDGE_CURVE('',#2553,#2554,#1511,.T.);
#3210=EDGE_CURVE('',#2554,#2554,#2152,.T.);
#3211=EDGE_CURVE('',#2555,#2555,#2153,.T.);
#3212=EDGE_CURVE('',#2555,#2556,#1512,.T.);
#3213=EDGE_CURVE('',#2556,#2556,#2154,.T.);
#3214=EDGE_CURVE('',#2557,#2557,#2155,.T.);
#3215=EDGE_CURVE('',#2557,#2558,#1513,.T.);
#3216=EDGE_CURVE('',#2558,#2558,#2156,.T.);
#3217=EDGE_CURVE('',#2559,#2559,#2157,.T.);
#3218=EDGE_CURVE('',#2559,#2560,#1514,.T.);
#3219=EDGE_CURVE('',#2560,#2560,#2158,.T.);
#3220=EDGE_CURVE('',#2561,#2561,#2159,.T.);
#3221=EDGE_CURVE('',#2561,#2562,#1515,.T.);
#3222=EDGE_CURVE('',#2562,#2562,#2160,.T.);
#3223=EDGE_CURVE('',#2563,#2563,#2161,.T.);
#3224=EDGE_CURVE('',#2563,#2564,#1516,.T.);
#3225=EDGE_CURVE('',#2564,#2564,#2162,.T.);
#3226=EDGE_CURVE('',#2565,#2565,#2163,.T.);
#3227=EDGE_CURVE('',#2565,#2566,#1517,.T.);
#3228=EDGE_CURVE('',#2566,#2566,#2164,.T.);
#3229=EDGE_CURVE('',#2567,#2567,#2165,.T.);
#3230=EDGE_CURVE('',#2567,#2568,#1518,.T.);
#3231=EDGE_CURVE('',#2568,#2568,#2166,.T.);
#3232=EDGE_CURVE('',#2569,#2569,#2167,.T.);
#3233=EDGE_CURVE('',#2569,#2570,#1519,.T.);
#3234=EDGE_CURVE('',#2570,#2570,#2168,.T.);
#3235=EDGE_CURVE('',#2571,#2571,#2169,.T.);
#3236=EDGE_CURVE('',#2571,#2572,#1520,.T.);
#3237=EDGE_CURVE('',#2572,#2572,#2170,.T.);
#3238=EDGE_CURVE('',#2573,#2573,#2171,.T.);
#3239=EDGE_CURVE('',#2573,#2574,#1521,.T.);
#3240=EDGE_CURVE('',#2574,#2574,#2172,.T.);
#3241=EDGE_CURVE('',#2575,#2575,#2173,.T.);
#3242=EDGE_CURVE('',#2575,#2576,#1522,.T.);
#3243=EDGE_CURVE('',#2576,#2576,#2174,.T.);
#3244=EDGE_CURVE('',#2577,#2577,#2175,.T.);
#3245=EDGE_CURVE('',#2577,#2578,#1523,.T.);
#3246=EDGE_CURVE('',#2578,#2578,#2176,.T.);
#3247=EDGE_CURVE('',#2579,#2580,#2177,.T.);
#3248=EDGE_CURVE('',#2580,#2581,#1524,.T.);
#3249=EDGE_CURVE('',#2581,#2582,#2178,.T.);
#3250=EDGE_CURVE('',#2582,#2579,#1525,.T.);
#3251=EDGE_CURVE('',#2583,#2582,#1526,.T.);
#3252=EDGE_CURVE('',#2584,#2583,#1527,.T.);
#3253=EDGE_CURVE('',#2579,#2584,#1528,.T.);
#3254=EDGE_CURVE('',#2581,#2585,#1529,.T.);
#3255=EDGE_CURVE('',#2586,#2585,#2179,.T.);
#3256=EDGE_CURVE('',#2586,#2587,#1530,.T.);
#3257=EDGE_CURVE('',#2588,#2587,#2180,.T.);
#3258=EDGE_CURVE('',#2588,#2589,#1531,.T.);
#3259=EDGE_CURVE('',#2583,#2589,#2181,.T.);
#3260=EDGE_CURVE('',#2590,#2591,#2182,.T.);
#3261=EDGE_CURVE('',#2591,#2586,#1532,.T.);
#3262=EDGE_CURVE('',#2585,#2590,#1533,.T.);
#3263=EDGE_CURVE('',#2592,#2591,#1534,.T.);
#3264=EDGE_CURVE('',#2587,#2592,#1535,.T.);
#3265=EDGE_CURVE('',#2592,#2593,#2183,.T.);
#3266=EDGE_CURVE('',#2593,#2588,#1536,.T.);
#3267=EDGE_CURVE('',#2589,#2594,#1537,.T.);
#3268=EDGE_CURVE('',#2594,#2584,#2184,.T.);
#3269=EDGE_CURVE('',#2590,#2580,#1538,.T.);
#3270=EDGE_CURVE('',#2594,#2593,#1539,.T.);
#3271=ORIENTED_EDGE('',*,*,#2595,.F.);
#3272=ORIENTED_EDGE('',*,*,#2596,.T.);
#3273=ORIENTED_EDGE('',*,*,#2597,.T.);
#3274=ORIENTED_EDGE('',*,*,#2596,.F.);
#3275=ORIENTED_EDGE('',*,*,#2597,.F.);
#3276=ORIENTED_EDGE('',*,*,#2598,.T.);
#3277=ORIENTED_EDGE('',*,*,#2599,.F.);
#3278=ORIENTED_EDGE('',*,*,#2598,.F.);
#3279=ORIENTED_EDGE('',*,*,#2600,.F.);
#3280=ORIENTED_EDGE('',*,*,#2601,.T.);
#3281=ORIENTED_EDGE('',*,*,#2602,.T.);
#3282=ORIENTED_EDGE('',*,*,#2601,.F.);
#3283=ORIENTED_EDGE('',*,*,#2602,.F.);
#3284=ORIENTED_EDGE('',*,*,#2603,.T.);
#3285=ORIENTED_EDGE('',*,*,#2604,.F.);
#3286=ORIENTED_EDGE('',*,*,#2603,.F.);
#3287=ORIENTED_EDGE('',*,*,#2605,.F.);
#3288=ORIENTED_EDGE('',*,*,#2606,.F.);
#3289=ORIENTED_EDGE('',*,*,#2607,.F.);
#3290=ORIENTED_EDGE('',*,*,#2608,.F.);
#3291=ORIENTED_EDGE('',*,*,#2609,.T.);
#3292=ORIENTED_EDGE('',*,*,#2605,.T.);
#3293=ORIENTED_EDGE('',*,*,#2610,.T.);
#3294=ORIENTED_EDGE('',*,*,#2611,.F.);
#3295=ORIENTED_EDGE('',*,*,#2612,.F.);
#3296=ORIENTED_EDGE('',*,*,#2613,.F.);
#3297=ORIENTED_EDGE('',*,*,#2614,.T.);
#3298=ORIENTED_EDGE('',*,*,#2615,.F.);
#3299=ORIENTED_EDGE('',*,*,#2616,.F.);
#3300=ORIENTED_EDGE('',*,*,#2617,.F.);
#3301=ORIENTED_EDGE('',*,*,#2606,.T.);
#3302=ORIENTED_EDGE('',*,*,#2609,.F.);
#3303=ORIENTED_EDGE('',*,*,#2618,.F.);
#3304=ORIENTED_EDGE('',*,*,#2619,.F.);
#3305=ORIENTED_EDGE('',*,*,#2620,.F.);
#3306=ORIENTED_EDGE('',*,*,#2621,.F.);
#3307=ORIENTED_EDGE('',*,*,#2622,.F.);
#3308=ORIENTED_EDGE('',*,*,#2610,.F.);
#3309=ORIENTED_EDGE('',*,*,#2608,.T.);
#3310=ORIENTED_EDGE('',*,*,#2623,.F.);
#3311=ORIENTED_EDGE('',*,*,#2616,.T.);
#3312=ORIENTED_EDGE('',*,*,#2624,.T.);
#3313=ORIENTED_EDGE('',*,*,#2625,.T.);
#3314=ORIENTED_EDGE('',*,*,#2626,.T.);
#3315=ORIENTED_EDGE('',*,*,#2627,.T.);
#3316=ORIENTED_EDGE('',*,*,#2619,.T.);
#3317=ORIENTED_EDGE('',*,*,#2628,.F.);
#3318=ORIENTED_EDGE('',*,*,#2629,.T.);
#3319=ORIENTED_EDGE('',*,*,#2624,.F.);
#3320=ORIENTED_EDGE('',*,*,#2618,.T.);
#3321=ORIENTED_EDGE('',*,*,#2615,.T.);
#3322=ORIENTED_EDGE('',*,*,#2630,.T.);
#3323=ORIENTED_EDGE('',*,*,#2631,.T.);
#3324=ORIENTED_EDGE('',*,*,#2628,.T.);
#3325=ORIENTED_EDGE('',*,*,#2632,.F.);
#3326=ORIENTED_EDGE('',*,*,#2633,.T.);
#3327=ORIENTED_EDGE('',*,*,#2634,.F.);
#3328=ORIENTED_EDGE('',*,*,#2635,.T.);
#3329=ORIENTED_EDGE('',*,*,#2636,.T.);
#3330=ORIENTED_EDGE('',*,*,#2637,.T.);
#3331=ORIENTED_EDGE('',*,*,#2638,.T.);
#3332=ORIENTED_EDGE('',*,*,#2639,.F.);
#3333=ORIENTED_EDGE('',*,*,#2640,.F.);
#3334=ORIENTED_EDGE('',*,*,#2639,.T.);
#3335=ORIENTED_EDGE('',*,*,#2641,.T.);
#3336=ORIENTED_EDGE('',*,*,#2642,.F.);
#3337=ORIENTED_EDGE('',*,*,#2643,.F.);
#3338=ORIENTED_EDGE('',*,*,#2640,.T.);
#3339=ORIENTED_EDGE('',*,*,#2643,.T.);
#3340=ORIENTED_EDGE('',*,*,#2644,.F.);
#3341=ORIENTED_EDGE('',*,*,#2645,.F.);
#3342=ORIENTED_EDGE('',*,*,#2646,.T.);
#3343=ORIENTED_EDGE('',*,*,#2645,.T.);
#3344=ORIENTED_EDGE('',*,*,#2635,.F.);
#3345=ORIENTED_EDGE('',*,*,#2647,.F.);
#3346=ORIENTED_EDGE('',*,*,#2648,.F.);
#3347=ORIENTED_EDGE('',*,*,#2649,.F.);
#3348=ORIENTED_EDGE('',*,*,#2650,.F.);
#3349=ORIENTED_EDGE('',*,*,#2633,.F.);
#3350=ORIENTED_EDGE('',*,*,#2651,.F.);
#3351=ORIENTED_EDGE('',*,*,#2637,.F.);
#3352=ORIENTED_EDGE('',*,*,#2651,.T.);
#3353=ORIENTED_EDGE('',*,*,#2652,.F.);
#3354=ORIENTED_EDGE('',*,*,#2653,.F.);
#3355=ORIENTED_EDGE('',*,*,#2638,.F.);
#3356=ORIENTED_EDGE('',*,*,#2653,.T.);
#3357=ORIENTED_EDGE('',*,*,#2654,.F.);
#3358=ORIENTED_EDGE('',*,*,#2641,.F.);
#3359=ORIENTED_EDGE('',*,*,#2636,.F.);
#3360=ORIENTED_EDGE('',*,*,#2646,.F.);
#3361=ORIENTED_EDGE('',*,*,#2655,.F.);
#3362=ORIENTED_EDGE('',*,*,#2648,.T.);
#3363=ORIENTED_EDGE('',*,*,#2632,.T.);
#3364=ORIENTED_EDGE('',*,*,#2644,.T.);
#3365=ORIENTED_EDGE('',*,*,#2642,.T.);
#3366=ORIENTED_EDGE('',*,*,#2654,.T.);
#3367=ORIENTED_EDGE('',*,*,#2652,.T.);
#3368=ORIENTED_EDGE('',*,*,#2617,.T.);
#3369=ORIENTED_EDGE('',*,*,#2627,.F.);
#3370=ORIENTED_EDGE('',*,*,#2656,.T.);
#3371=ORIENTED_EDGE('',*,*,#2657,.F.);
#3372=ORIENTED_EDGE('',*,*,#2658,.T.);
#3373=ORIENTED_EDGE('',*,*,#2659,.F.);
#3374=ORIENTED_EDGE('',*,*,#2623,.T.);
#3375=ORIENTED_EDGE('',*,*,#2607,.T.);
#3376=ORIENTED_EDGE('',*,*,#2622,.T.);
#3377=ORIENTED_EDGE('',*,*,#2660,.T.);
#3378=ORIENTED_EDGE('',*,*,#2661,.F.);
#3379=ORIENTED_EDGE('',*,*,#2662,.F.);
#3380=ORIENTED_EDGE('',*,*,#2611,.T.);
#3381=ORIENTED_EDGE('',*,*,#2661,.T.);
#3382=ORIENTED_EDGE('',*,*,#2663,.T.);
#3383=ORIENTED_EDGE('',*,*,#2664,.F.);
#3384=ORIENTED_EDGE('',*,*,#2665,.F.);
#3385=ORIENTED_EDGE('',*,*,#2662,.T.);
#3386=ORIENTED_EDGE('',*,*,#2665,.T.);
#3387=ORIENTED_EDGE('',*,*,#2666,.F.);
#3388=ORIENTED_EDGE('',*,*,#2667,.F.);
#3389=ORIENTED_EDGE('',*,*,#2612,.T.);
#3390=ORIENTED_EDGE('',*,*,#2667,.T.);
#3391=ORIENTED_EDGE('',*,*,#2658,.F.);
#3392=ORIENTED_EDGE('',*,*,#2668,.F.);
#3393=ORIENTED_EDGE('',*,*,#2614,.F.);
#3394=ORIENTED_EDGE('',*,*,#2647,.T.);
#3395=ORIENTED_EDGE('',*,*,#2656,.F.);
#3396=ORIENTED_EDGE('',*,*,#2669,.F.);
#3397=ORIENTED_EDGE('',*,*,#2630,.F.);
#3398=ORIENTED_EDGE('',*,*,#2669,.T.);
#3399=ORIENTED_EDGE('',*,*,#2626,.F.);
#3400=ORIENTED_EDGE('',*,*,#2670,.F.);
#3401=ORIENTED_EDGE('',*,*,#2631,.F.);
#3402=ORIENTED_EDGE('',*,*,#2670,.T.);
#3403=ORIENTED_EDGE('',*,*,#2625,.F.);
#3404=ORIENTED_EDGE('',*,*,#2629,.F.);
#3405=ORIENTED_EDGE('',*,*,#2621,.T.);
#3406=ORIENTED_EDGE('',*,*,#2671,.F.);
#3407=ORIENTED_EDGE('',*,*,#2663,.F.);
#3408=ORIENTED_EDGE('',*,*,#2660,.F.);
#3409=ORIENTED_EDGE('',*,*,#2620,.T.);
#3410=ORIENTED_EDGE('',*,*,#2659,.T.);
#3411=ORIENTED_EDGE('',*,*,#2666,.T.);
#3412=ORIENTED_EDGE('',*,*,#2664,.T.);
#3413=ORIENTED_EDGE('',*,*,#2671,.T.);
#3414=ORIENTED_EDGE('',*,*,#2672,.F.);
#3415=ORIENTED_EDGE('',*,*,#2673,.T.);
#3416=ORIENTED_EDGE('',*,*,#2674,.F.);
#3417=ORIENTED_EDGE('',*,*,#2675,.T.);
#3418=ORIENTED_EDGE('',*,*,#2676,.T.);
#3419=ORIENTED_EDGE('',*,*,#2677,.T.);
#3420=ORIENTED_EDGE('',*,*,#2678,.T.);
#3421=ORIENTED_EDGE('',*,*,#2679,.T.);
#3422=ORIENTED_EDGE('',*,*,#2680,.F.);
#3423=ORIENTED_EDGE('',*,*,#2680,.T.);
#3424=ORIENTED_EDGE('',*,*,#2681,.T.);
#3425=ORIENTED_EDGE('',*,*,#2682,.F.);
#3426=ORIENTED_EDGE('',*,*,#2683,.F.);
#3427=ORIENTED_EDGE('',*,*,#2684,.T.);
#3428=ORIENTED_EDGE('',*,*,#2683,.T.);
#3429=ORIENTED_EDGE('',*,*,#2675,.F.);
#3430=ORIENTED_EDGE('',*,*,#2685,.F.);
#3431=ORIENTED_EDGE('',*,*,#2686,.F.);
#3432=ORIENTED_EDGE('',*,*,#2687,.F.);
#3433=ORIENTED_EDGE('',*,*,#2668,.T.);
#3434=ORIENTED_EDGE('',*,*,#2673,.F.);
#3435=ORIENTED_EDGE('',*,*,#2688,.F.);
#3436=ORIENTED_EDGE('',*,*,#2677,.F.);
#3437=ORIENTED_EDGE('',*,*,#2688,.T.);
#3438=ORIENTED_EDGE('',*,*,#2689,.F.);
#3439=ORIENTED_EDGE('',*,*,#2690,.F.);
#3440=ORIENTED_EDGE('',*,*,#2678,.F.);
#3441=ORIENTED_EDGE('',*,*,#2690,.T.);
#3442=ORIENTED_EDGE('',*,*,#2691,.F.);
#3443=ORIENTED_EDGE('',*,*,#2692,.F.);
#3444=ORIENTED_EDGE('',*,*,#2679,.F.);
#3445=ORIENTED_EDGE('',*,*,#2692,.T.);
#3446=ORIENTED_EDGE('',*,*,#2693,.F.);
#3447=ORIENTED_EDGE('',*,*,#2681,.F.);
#3448=ORIENTED_EDGE('',*,*,#2676,.F.);
#3449=ORIENTED_EDGE('',*,*,#2684,.F.);
#3450=ORIENTED_EDGE('',*,*,#2694,.F.);
#3451=ORIENTED_EDGE('',*,*,#2687,.T.);
#3452=ORIENTED_EDGE('',*,*,#2672,.T.);
#3453=ORIENTED_EDGE('',*,*,#2682,.T.);
#3454=ORIENTED_EDGE('',*,*,#2693,.T.);
#3455=ORIENTED_EDGE('',*,*,#2691,.T.);
#3456=ORIENTED_EDGE('',*,*,#2689,.T.);
#3457=ORIENTED_EDGE('',*,*,#2650,.T.);
#3458=ORIENTED_EDGE('',*,*,#2649,.T.);
#3459=ORIENTED_EDGE('',*,*,#2695,.F.);
#3460=ORIENTED_EDGE('',*,*,#2686,.T.);
#3461=ORIENTED_EDGE('',*,*,#2685,.T.);
#3462=ORIENTED_EDGE('',*,*,#2696,.F.);
#3463=ORIENTED_EDGE('',*,*,#2655,.T.);
#3464=ORIENTED_EDGE('',*,*,#2613,.T.);
#3465=ORIENTED_EDGE('',*,*,#2694,.T.);
#3466=ORIENTED_EDGE('',*,*,#2695,.T.);
#3467=ORIENTED_EDGE('',*,*,#2595,.T.);
#3468=ORIENTED_EDGE('',*,*,#2600,.T.);
#3469=ORIENTED_EDGE('',*,*,#2634,.T.);
#3470=ORIENTED_EDGE('',*,*,#2696,.T.);
#3471=ORIENTED_EDGE('',*,*,#2674,.T.);
#3472=ORIENTED_EDGE('',*,*,#2657,.T.);
#3473=ORIENTED_EDGE('',*,*,#2599,.T.);
#3474=ORIENTED_EDGE('',*,*,#2604,.T.);
#3475=ORIENTED_EDGE('',*,*,#2697,.T.);
#3476=ORIENTED_EDGE('',*,*,#2698,.F.);
#3477=ORIENTED_EDGE('',*,*,#2699,.T.);
#3478=ORIENTED_EDGE('',*,*,#2700,.T.);
#3479=ORIENTED_EDGE('',*,*,#2701,.F.);
#3480=ORIENTED_EDGE('',*,*,#2702,.F.);
#3481=ORIENTED_EDGE('',*,*,#2703,.T.);
#3482=ORIENTED_EDGE('',*,*,#2704,.F.);
#3483=ORIENTED_EDGE('',*,*,#2705,.T.);
#3484=ORIENTED_EDGE('',*,*,#2700,.F.);
#3485=ORIENTED_EDGE('',*,*,#2706,.F.);
#3486=ORIENTED_EDGE('',*,*,#2707,.T.);
#3487=ORIENTED_EDGE('',*,*,#2702,.T.);
#3488=ORIENTED_EDGE('',*,*,#2708,.T.);
#3489=ORIENTED_EDGE('',*,*,#2709,.F.);
#3490=ORIENTED_EDGE('',*,*,#2710,.T.);
#3491=ORIENTED_EDGE('',*,*,#2704,.T.);
#3492=ORIENTED_EDGE('',*,*,#2711,.T.);
#3493=ORIENTED_EDGE('',*,*,#2712,.T.);
#3494=ORIENTED_EDGE('',*,*,#2713,.T.);
#3495=ORIENTED_EDGE('',*,*,#2699,.F.);
#3496=ORIENTED_EDGE('',*,*,#2714,.F.);
#3497=ORIENTED_EDGE('',*,*,#2715,.F.);
#3498=ORIENTED_EDGE('',*,*,#2711,.F.);
#3499=ORIENTED_EDGE('',*,*,#2703,.F.);
#3500=ORIENTED_EDGE('',*,*,#2710,.F.);
#3501=ORIENTED_EDGE('',*,*,#2716,.F.);
#3502=ORIENTED_EDGE('',*,*,#2706,.T.);
#3503=ORIENTED_EDGE('',*,*,#2716,.T.);
#3504=ORIENTED_EDGE('',*,*,#2709,.T.);
#3505=ORIENTED_EDGE('',*,*,#2717,.T.);
#3506=ORIENTED_EDGE('',*,*,#2707,.F.);
#3507=ORIENTED_EDGE('',*,*,#2718,.F.);
#3508=ORIENTED_EDGE('',*,*,#2697,.F.);
#3509=ORIENTED_EDGE('',*,*,#2705,.F.);
#3510=ORIENTED_EDGE('',*,*,#2717,.F.);
#3511=ORIENTED_EDGE('',*,*,#2708,.F.);
#3512=ORIENTED_EDGE('',*,*,#2701,.T.);
#3513=ORIENTED_EDGE('',*,*,#2713,.F.);
#3514=ORIENTED_EDGE('',*,*,#2719,.F.);
#3515=ORIENTED_EDGE('',*,*,#2720,.F.);
#3516=ORIENTED_EDGE('',*,*,#2719,.T.);
#3517=ORIENTED_EDGE('',*,*,#2712,.F.);
#3518=ORIENTED_EDGE('',*,*,#2715,.T.);
#3519=ORIENTED_EDGE('',*,*,#2714,.T.);
#3520=ORIENTED_EDGE('',*,*,#2698,.T.);
#3521=ORIENTED_EDGE('',*,*,#2718,.T.);
#3522=ORIENTED_EDGE('',*,*,#2720,.T.);
#3523=ORIENTED_EDGE('',*,*,#2721,.F.);
#3524=ORIENTED_EDGE('',*,*,#2722,.F.);
#3525=ORIENTED_EDGE('',*,*,#2723,.F.);
#3526=ORIENTED_EDGE('',*,*,#2724,.F.);
#3527=ORIENTED_EDGE('',*,*,#2725,.F.);
#3528=ORIENTED_EDGE('',*,*,#2726,.T.);
#3529=ORIENTED_EDGE('',*,*,#2727,.F.);
#3530=ORIENTED_EDGE('',*,*,#2728,.T.);
#3531=ORIENTED_EDGE('',*,*,#2729,.F.);
#3532=ORIENTED_EDGE('',*,*,#2730,.F.);
#3533=ORIENTED_EDGE('',*,*,#2731,.F.);
#3534=ORIENTED_EDGE('',*,*,#2732,.F.);
#3535=ORIENTED_EDGE('',*,*,#2733,.F.);
#3536=ORIENTED_EDGE('',*,*,#2734,.F.);
#3537=ORIENTED_EDGE('',*,*,#2735,.F.);
#3538=ORIENTED_EDGE('',*,*,#2736,.F.);
#3539=ORIENTED_EDGE('',*,*,#2729,.T.);
#3540=ORIENTED_EDGE('',*,*,#2737,.F.);
#3541=ORIENTED_EDGE('',*,*,#2738,.T.);
#3542=ORIENTED_EDGE('',*,*,#2739,.F.);
#3543=ORIENTED_EDGE('',*,*,#2727,.T.);
#3544=ORIENTED_EDGE('',*,*,#2740,.F.);
#3545=ORIENTED_EDGE('',*,*,#2741,.T.);
#3546=ORIENTED_EDGE('',*,*,#2742,.F.);
#3547=ORIENTED_EDGE('',*,*,#2735,.T.);
#3548=ORIENTED_EDGE('',*,*,#2743,.F.);
#3549=ORIENTED_EDGE('',*,*,#2744,.T.);
#3550=ORIENTED_EDGE('',*,*,#2745,.T.);
#3551=ORIENTED_EDGE('',*,*,#2725,.T.);
#3552=ORIENTED_EDGE('',*,*,#2746,.F.);
#3553=ORIENTED_EDGE('',*,*,#2747,.F.);
#3554=ORIENTED_EDGE('',*,*,#2748,.F.);
#3555=ORIENTED_EDGE('',*,*,#2724,.T.);
#3556=ORIENTED_EDGE('',*,*,#2749,.T.);
#3557=ORIENTED_EDGE('',*,*,#2750,.T.);
#3558=ORIENTED_EDGE('',*,*,#2751,.T.);
#3559=ORIENTED_EDGE('',*,*,#2746,.T.);
#3560=ORIENTED_EDGE('',*,*,#2722,.T.);
#3561=ORIENTED_EDGE('',*,*,#2752,.T.);
#3562=ORIENTED_EDGE('',*,*,#2753,.T.);
#3563=ORIENTED_EDGE('',*,*,#2754,.T.);
#3564=ORIENTED_EDGE('',*,*,#2755,.F.);
#3565=ORIENTED_EDGE('',*,*,#2741,.F.);
#3566=ORIENTED_EDGE('',*,*,#2756,.F.);
#3567=ORIENTED_EDGE('',*,*,#2757,.F.);
#3568=ORIENTED_EDGE('',*,*,#2731,.T.);
#3569=ORIENTED_EDGE('',*,*,#2758,.F.);
#3570=ORIENTED_EDGE('',*,*,#2757,.T.);
#3571=ORIENTED_EDGE('',*,*,#2759,.F.);
#3572=ORIENTED_EDGE('',*,*,#2759,.T.);
#3573=ORIENTED_EDGE('',*,*,#2756,.T.);
#3574=ORIENTED_EDGE('',*,*,#2758,.T.);
#3575=ORIENTED_EDGE('',*,*,#2730,.T.);
#3576=ORIENTED_EDGE('',*,*,#2739,.T.);
#3577=ORIENTED_EDGE('',*,*,#2760,.T.);
#3578=ORIENTED_EDGE('',*,*,#2761,.T.);
#3579=ORIENTED_EDGE('',*,*,#2762,.T.);
#3580=ORIENTED_EDGE('',*,*,#2763,.T.);
#3581=ORIENTED_EDGE('',*,*,#2732,.T.);
#3582=ORIENTED_EDGE('',*,*,#2760,.F.);
#3583=ORIENTED_EDGE('',*,*,#2738,.F.);
#3584=ORIENTED_EDGE('',*,*,#2764,.F.);
#3585=ORIENTED_EDGE('',*,*,#2765,.F.);
#3586=ORIENTED_EDGE('',*,*,#2765,.T.);
#3587=ORIENTED_EDGE('',*,*,#2766,.F.);
#3588=ORIENTED_EDGE('',*,*,#2767,.F.);
#3589=ORIENTED_EDGE('',*,*,#2761,.F.);
#3590=ORIENTED_EDGE('',*,*,#2740,.T.);
#3591=ORIENTED_EDGE('',*,*,#2726,.F.);
#3592=ORIENTED_EDGE('',*,*,#2748,.T.);
#3593=ORIENTED_EDGE('',*,*,#2768,.F.);
#3594=ORIENTED_EDGE('',*,*,#2769,.F.);
#3595=ORIENTED_EDGE('',*,*,#2766,.T.);
#3596=ORIENTED_EDGE('',*,*,#2764,.T.);
#3597=ORIENTED_EDGE('',*,*,#2737,.T.);
#3598=ORIENTED_EDGE('',*,*,#2728,.F.);
#3599=ORIENTED_EDGE('',*,*,#2742,.T.);
#3600=ORIENTED_EDGE('',*,*,#2755,.T.);
#3601=ORIENTED_EDGE('',*,*,#2749,.F.);
#3602=ORIENTED_EDGE('',*,*,#2723,.T.);
#3603=ORIENTED_EDGE('',*,*,#2754,.F.);
#3604=ORIENTED_EDGE('',*,*,#2770,.T.);
#3605=ORIENTED_EDGE('',*,*,#2768,.T.);
#3606=ORIENTED_EDGE('',*,*,#2747,.T.);
#3607=ORIENTED_EDGE('',*,*,#2751,.F.);
#3608=ORIENTED_EDGE('',*,*,#2771,.F.);
#3609=ORIENTED_EDGE('',*,*,#2769,.T.);
#3610=ORIENTED_EDGE('',*,*,#2771,.T.);
#3611=ORIENTED_EDGE('',*,*,#2750,.F.);
#3612=ORIENTED_EDGE('',*,*,#2772,.F.);
#3613=ORIENTED_EDGE('',*,*,#2767,.T.);
#3614=ORIENTED_EDGE('',*,*,#2772,.T.);
#3615=ORIENTED_EDGE('',*,*,#2770,.F.);
#3616=ORIENTED_EDGE('',*,*,#2773,.F.);
#3617=ORIENTED_EDGE('',*,*,#2774,.F.);
#3618=ORIENTED_EDGE('',*,*,#2775,.T.);
#3619=ORIENTED_EDGE('',*,*,#2753,.F.);
#3620=ORIENTED_EDGE('',*,*,#2776,.T.);
#3621=ORIENTED_EDGE('',*,*,#2777,.T.);
#3622=ORIENTED_EDGE('',*,*,#2778,.T.);
#3623=ORIENTED_EDGE('',*,*,#2779,.T.);
#3624=ORIENTED_EDGE('',*,*,#2780,.T.);
#3625=ORIENTED_EDGE('',*,*,#2781,.F.);
#3626=ORIENTED_EDGE('',*,*,#2782,.F.);
#3627=ORIENTED_EDGE('',*,*,#2781,.T.);
#3628=ORIENTED_EDGE('',*,*,#2783,.T.);
#3629=ORIENTED_EDGE('',*,*,#2784,.F.);
#3630=ORIENTED_EDGE('',*,*,#2785,.F.);
#3631=ORIENTED_EDGE('',*,*,#2782,.T.);
#3632=ORIENTED_EDGE('',*,*,#2785,.T.);
#3633=ORIENTED_EDGE('',*,*,#2786,.F.);
#3634=ORIENTED_EDGE('',*,*,#2787,.F.);
#3635=ORIENTED_EDGE('',*,*,#2788,.T.);
#3636=ORIENTED_EDGE('',*,*,#2787,.T.);
#3637=ORIENTED_EDGE('',*,*,#2776,.F.);
#3638=ORIENTED_EDGE('',*,*,#2789,.F.);
#3639=ORIENTED_EDGE('',*,*,#2790,.F.);
#3640=ORIENTED_EDGE('',*,*,#2773,.T.);
#3641=ORIENTED_EDGE('',*,*,#2775,.F.);
#3642=ORIENTED_EDGE('',*,*,#2791,.F.);
#3643=ORIENTED_EDGE('',*,*,#2778,.F.);
#3644=ORIENTED_EDGE('',*,*,#2791,.T.);
#3645=ORIENTED_EDGE('',*,*,#2792,.F.);
#3646=ORIENTED_EDGE('',*,*,#2793,.F.);
#3647=ORIENTED_EDGE('',*,*,#2779,.F.);
#3648=ORIENTED_EDGE('',*,*,#2793,.T.);
#3649=ORIENTED_EDGE('',*,*,#2794,.F.);
#3650=ORIENTED_EDGE('',*,*,#2795,.F.);
#3651=ORIENTED_EDGE('',*,*,#2780,.F.);
#3652=ORIENTED_EDGE('',*,*,#2795,.T.);
#3653=ORIENTED_EDGE('',*,*,#2796,.F.);
#3654=ORIENTED_EDGE('',*,*,#2783,.F.);
#3655=ORIENTED_EDGE('',*,*,#2777,.F.);
#3656=ORIENTED_EDGE('',*,*,#2788,.F.);
#3657=ORIENTED_EDGE('',*,*,#2762,.F.);
#3658=ORIENTED_EDGE('',*,*,#2790,.T.);
#3659=ORIENTED_EDGE('',*,*,#2774,.T.);
#3660=ORIENTED_EDGE('',*,*,#2786,.T.);
#3661=ORIENTED_EDGE('',*,*,#2784,.T.);
#3662=ORIENTED_EDGE('',*,*,#2796,.T.);
#3663=ORIENTED_EDGE('',*,*,#2794,.T.);
#3664=ORIENTED_EDGE('',*,*,#2792,.T.);
#3665=ORIENTED_EDGE('',*,*,#2797,.F.);
#3666=ORIENTED_EDGE('',*,*,#2798,.T.);
#3667=ORIENTED_EDGE('',*,*,#2752,.F.);
#3668=ORIENTED_EDGE('',*,*,#2721,.T.);
#3669=ORIENTED_EDGE('',*,*,#2799,.T.);
#3670=ORIENTED_EDGE('',*,*,#2800,.T.);
#3671=ORIENTED_EDGE('',*,*,#2801,.T.);
#3672=ORIENTED_EDGE('',*,*,#2743,.T.);
#3673=ORIENTED_EDGE('',*,*,#2734,.T.);
#3674=ORIENTED_EDGE('',*,*,#2802,.F.);
#3675=ORIENTED_EDGE('',*,*,#2789,.T.);
#3676=ORIENTED_EDGE('',*,*,#2798,.F.);
#3677=ORIENTED_EDGE('',*,*,#2803,.F.);
#3678=ORIENTED_EDGE('',*,*,#2800,.F.);
#3679=ORIENTED_EDGE('',*,*,#2803,.T.);
#3680=ORIENTED_EDGE('',*,*,#2804,.F.);
#3681=ORIENTED_EDGE('',*,*,#2805,.F.);
#3682=ORIENTED_EDGE('',*,*,#2801,.F.);
#3683=ORIENTED_EDGE('',*,*,#2805,.T.);
#3684=ORIENTED_EDGE('',*,*,#2806,.F.);
#3685=ORIENTED_EDGE('',*,*,#2744,.F.);
#3686=ORIENTED_EDGE('',*,*,#2799,.F.);
#3687=ORIENTED_EDGE('',*,*,#2733,.T.);
#3688=ORIENTED_EDGE('',*,*,#2763,.F.);
#3689=ORIENTED_EDGE('',*,*,#2802,.T.);
#3690=ORIENTED_EDGE('',*,*,#2736,.T.);
#3691=ORIENTED_EDGE('',*,*,#2745,.F.);
#3692=ORIENTED_EDGE('',*,*,#2806,.T.);
#3693=ORIENTED_EDGE('',*,*,#2804,.T.);
#3694=ORIENTED_EDGE('',*,*,#2797,.T.);
#3695=ORIENTED_EDGE('',*,*,#2807,.T.);
#3696=ORIENTED_EDGE('',*,*,#2808,.T.);
#3697=ORIENTED_EDGE('',*,*,#2809,.T.);
#3698=ORIENTED_EDGE('',*,*,#2810,.T.);
#3699=ORIENTED_EDGE('',*,*,#2811,.T.);
#3700=ORIENTED_EDGE('',*,*,#2812,.T.);
#3701=ORIENTED_EDGE('',*,*,#2813,.T.);
#3702=ORIENTED_EDGE('',*,*,#2814,.T.);
#3703=ORIENTED_EDGE('',*,*,#2811,.F.);
#3704=ORIENTED_EDGE('',*,*,#2809,.F.);
#3705=ORIENTED_EDGE('',*,*,#2815,.T.);
#3706=ORIENTED_EDGE('',*,*,#2816,.T.);
#3707=ORIENTED_EDGE('',*,*,#2817,.T.);
#3708=ORIENTED_EDGE('',*,*,#2818,.T.);
#3709=ORIENTED_EDGE('',*,*,#2819,.T.);
#3710=ORIENTED_EDGE('',*,*,#2818,.F.);
#3711=ORIENTED_EDGE('',*,*,#2813,.F.);
#3712=ORIENTED_EDGE('',*,*,#2820,.T.);
#3713=ORIENTED_EDGE('',*,*,#2810,.F.);
#3714=ORIENTED_EDGE('',*,*,#2814,.F.);
#3715=ORIENTED_EDGE('',*,*,#2817,.F.);
#3716=ORIENTED_EDGE('',*,*,#2821,.F.);
#3717=ORIENTED_EDGE('',*,*,#2819,.F.);
#3718=ORIENTED_EDGE('',*,*,#2822,.F.);
#3719=ORIENTED_EDGE('',*,*,#2823,.F.);
#3720=ORIENTED_EDGE('',*,*,#2824,.F.);
#3721=ORIENTED_EDGE('',*,*,#2825,.F.);
#3722=ORIENTED_EDGE('',*,*,#2826,.F.);
#3723=ORIENTED_EDGE('',*,*,#2808,.F.);
#3724=ORIENTED_EDGE('',*,*,#2827,.F.);
#3725=ORIENTED_EDGE('',*,*,#2828,.T.);
#3726=ORIENTED_EDGE('',*,*,#2829,.F.);
#3727=ORIENTED_EDGE('',*,*,#2830,.F.);
#3728=ORIENTED_EDGE('',*,*,#2831,.F.);
#3729=ORIENTED_EDGE('',*,*,#2820,.F.);
#3730=ORIENTED_EDGE('',*,*,#2832,.T.);
#3731=ORIENTED_EDGE('',*,*,#2833,.F.);
#3732=ORIENTED_EDGE('',*,*,#2822,.T.);
#3733=ORIENTED_EDGE('',*,*,#2815,.F.);
#3734=ORIENTED_EDGE('',*,*,#2831,.T.);
#3735=ORIENTED_EDGE('',*,*,#2834,.F.);
#3736=ORIENTED_EDGE('',*,*,#2835,.T.);
#3737=ORIENTED_EDGE('',*,*,#2812,.F.);
#3738=ORIENTED_EDGE('',*,*,#2835,.F.);
#3739=ORIENTED_EDGE('',*,*,#2836,.F.);
#3740=ORIENTED_EDGE('',*,*,#2832,.F.);
#3741=ORIENTED_EDGE('',*,*,#2837,.T.);
#3742=ORIENTED_EDGE('',*,*,#2824,.T.);
#3743=ORIENTED_EDGE('',*,*,#2838,.T.);
#3744=ORIENTED_EDGE('',*,*,#2839,.T.);
#3745=ORIENTED_EDGE('',*,*,#2840,.T.);
#3746=ORIENTED_EDGE('',*,*,#2829,.T.);
#3747=ORIENTED_EDGE('',*,*,#2807,.F.);
#3748=ORIENTED_EDGE('',*,*,#2821,.T.);
#3749=ORIENTED_EDGE('',*,*,#2816,.F.);
#3750=ORIENTED_EDGE('',*,*,#2826,.T.);
#3751=ORIENTED_EDGE('',*,*,#2841,.T.);
#3752=ORIENTED_EDGE('',*,*,#2842,.T.);
#3753=ORIENTED_EDGE('',*,*,#2843,.T.);
#3754=ORIENTED_EDGE('',*,*,#2844,.T.);
#3755=ORIENTED_EDGE('',*,*,#2845,.T.);
#3756=ORIENTED_EDGE('',*,*,#2827,.T.);
#3757=ORIENTED_EDGE('',*,*,#2823,.T.);
#3758=ORIENTED_EDGE('',*,*,#2846,.T.);
#3759=ORIENTED_EDGE('',*,*,#2847,.T.);
#3760=ORIENTED_EDGE('',*,*,#2838,.F.);
#3761=ORIENTED_EDGE('',*,*,#2848,.T.);
#3762=ORIENTED_EDGE('',*,*,#2836,.T.);
#3763=ORIENTED_EDGE('',*,*,#2849,.T.);
#3764=ORIENTED_EDGE('',*,*,#2850,.T.);
#3765=ORIENTED_EDGE('',*,*,#2848,.F.);
#3766=ORIENTED_EDGE('',*,*,#2846,.F.);
#3767=ORIENTED_EDGE('',*,*,#2833,.T.);
#3768=ORIENTED_EDGE('',*,*,#2851,.T.);
#3769=ORIENTED_EDGE('',*,*,#2852,.T.);
#3770=ORIENTED_EDGE('',*,*,#2830,.T.);
#3771=ORIENTED_EDGE('',*,*,#2840,.F.);
#3772=ORIENTED_EDGE('',*,*,#2852,.F.);
#3773=ORIENTED_EDGE('',*,*,#2849,.F.);
#3774=ORIENTED_EDGE('',*,*,#2834,.T.);
#3775=ORIENTED_EDGE('',*,*,#2847,.F.);
#3776=ORIENTED_EDGE('',*,*,#2850,.F.);
#3777=ORIENTED_EDGE('',*,*,#2851,.F.);
#3778=ORIENTED_EDGE('',*,*,#2839,.F.);
#3779=ORIENTED_EDGE('',*,*,#2843,.F.);
#3780=ORIENTED_EDGE('',*,*,#2853,.T.);
#3781=ORIENTED_EDGE('',*,*,#2854,.T.);
#3782=ORIENTED_EDGE('',*,*,#2855,.F.);
#3783=ORIENTED_EDGE('',*,*,#2842,.F.);
#3784=ORIENTED_EDGE('',*,*,#2856,.T.);
#3785=ORIENTED_EDGE('',*,*,#2857,.T.);
#3786=ORIENTED_EDGE('',*,*,#2853,.F.);
#3787=ORIENTED_EDGE('',*,*,#2858,.T.);
#3788=ORIENTED_EDGE('',*,*,#2859,.T.);
#3789=ORIENTED_EDGE('',*,*,#2856,.F.);
#3790=ORIENTED_EDGE('',*,*,#2841,.F.);
#3791=ORIENTED_EDGE('',*,*,#2825,.T.);
#3792=ORIENTED_EDGE('',*,*,#2837,.F.);
#3793=ORIENTED_EDGE('',*,*,#2828,.F.);
#3794=ORIENTED_EDGE('',*,*,#2845,.F.);
#3795=ORIENTED_EDGE('',*,*,#2844,.F.);
#3796=ORIENTED_EDGE('',*,*,#2855,.T.);
#3797=ORIENTED_EDGE('',*,*,#2860,.T.);
#3798=ORIENTED_EDGE('',*,*,#2858,.F.);
#3799=ORIENTED_EDGE('',*,*,#2860,.F.);
#3800=ORIENTED_EDGE('',*,*,#2854,.F.);
#3801=ORIENTED_EDGE('',*,*,#2857,.F.);
#3802=ORIENTED_EDGE('',*,*,#2859,.F.);
#3803=ORIENTED_EDGE('',*,*,#2861,.T.);
#3804=ORIENTED_EDGE('',*,*,#2862,.F.);
#3805=ORIENTED_EDGE('',*,*,#2863,.T.);
#3806=ORIENTED_EDGE('',*,*,#2864,.T.);
#3807=ORIENTED_EDGE('',*,*,#2865,.F.);
#3808=ORIENTED_EDGE('',*,*,#2866,.F.);
#3809=ORIENTED_EDGE('',*,*,#2867,.F.);
#3810=ORIENTED_EDGE('',*,*,#2868,.F.);
#3811=ORIENTED_EDGE('',*,*,#2869,.T.);
#3812=ORIENTED_EDGE('',*,*,#2870,.F.);
#3813=ORIENTED_EDGE('',*,*,#2871,.F.);
#3814=ORIENTED_EDGE('',*,*,#2864,.F.);
#3815=ORIENTED_EDGE('',*,*,#2872,.F.);
#3816=ORIENTED_EDGE('',*,*,#2873,.T.);
#3817=ORIENTED_EDGE('',*,*,#2874,.F.);
#3818=ORIENTED_EDGE('',*,*,#2875,.T.);
#3819=ORIENTED_EDGE('',*,*,#2876,.T.);
#3820=ORIENTED_EDGE('',*,*,#2877,.T.);
#3821=ORIENTED_EDGE('',*,*,#2878,.T.);
#3822=ORIENTED_EDGE('',*,*,#2879,.T.);
#3823=ORIENTED_EDGE('',*,*,#2880,.T.);
#3824=ORIENTED_EDGE('',*,*,#2881,.T.);
#3825=ORIENTED_EDGE('',*,*,#2882,.T.);
#3826=ORIENTED_EDGE('',*,*,#2883,.T.);
#3827=ORIENTED_EDGE('',*,*,#2884,.T.);
#3828=ORIENTED_EDGE('',*,*,#2885,.T.);
#3829=ORIENTED_EDGE('',*,*,#2886,.T.);
#3830=ORIENTED_EDGE('',*,*,#2887,.T.);
#3831=ORIENTED_EDGE('',*,*,#2888,.T.);
#3832=ORIENTED_EDGE('',*,*,#2889,.T.);
#3833=ORIENTED_EDGE('',*,*,#2890,.F.);
#3834=ORIENTED_EDGE('',*,*,#2891,.F.);
#3835=ORIENTED_EDGE('',*,*,#2875,.F.);
#3836=ORIENTED_EDGE('',*,*,#2892,.F.);
#3837=ORIENTED_EDGE('',*,*,#2893,.T.);
#3838=ORIENTED_EDGE('',*,*,#2861,.F.);
#3839=ORIENTED_EDGE('',*,*,#2871,.T.);
#3840=ORIENTED_EDGE('',*,*,#2894,.T.);
#3841=ORIENTED_EDGE('',*,*,#2895,.T.);
#3842=ORIENTED_EDGE('',*,*,#2892,.T.);
#3843=ORIENTED_EDGE('',*,*,#2870,.T.);
#3844=ORIENTED_EDGE('',*,*,#2896,.F.);
#3845=ORIENTED_EDGE('',*,*,#2897,.F.);
#3846=ORIENTED_EDGE('',*,*,#2894,.F.);
#3847=ORIENTED_EDGE('',*,*,#2869,.F.);
#3848=ORIENTED_EDGE('',*,*,#2898,.T.);
#3849=ORIENTED_EDGE('',*,*,#2899,.T.);
#3850=ORIENTED_EDGE('',*,*,#2896,.T.);
#3851=ORIENTED_EDGE('',*,*,#2868,.T.);
#3852=ORIENTED_EDGE('',*,*,#2900,.T.);
#3853=ORIENTED_EDGE('',*,*,#2901,.T.);
#3854=ORIENTED_EDGE('',*,*,#2902,.T.);
#3855=ORIENTED_EDGE('',*,*,#2903,.T.);
#3856=ORIENTED_EDGE('',*,*,#2902,.F.);
#3857=ORIENTED_EDGE('',*,*,#2904,.F.);
#3858=ORIENTED_EDGE('',*,*,#2905,.F.);
#3859=ORIENTED_EDGE('',*,*,#2906,.F.);
#3860=ORIENTED_EDGE('',*,*,#2907,.F.);
#3861=ORIENTED_EDGE('',*,*,#2901,.F.);
#3862=ORIENTED_EDGE('',*,*,#2908,.T.);
#3863=ORIENTED_EDGE('',*,*,#2862,.T.);
#3864=ORIENTED_EDGE('',*,*,#2893,.F.);
#3865=ORIENTED_EDGE('',*,*,#2895,.F.);
#3866=ORIENTED_EDGE('',*,*,#2897,.T.);
#3867=ORIENTED_EDGE('',*,*,#2899,.F.);
#3868=ORIENTED_EDGE('',*,*,#2909,.F.);
#3869=ORIENTED_EDGE('',*,*,#2910,.T.);
#3870=ORIENTED_EDGE('',*,*,#2911,.F.);
#3871=ORIENTED_EDGE('',*,*,#2890,.T.);
#3872=ORIENTED_EDGE('',*,*,#2912,.T.);
#3873=ORIENTED_EDGE('',*,*,#2913,.T.);
#3874=ORIENTED_EDGE('',*,*,#2914,.T.);
#3875=ORIENTED_EDGE('',*,*,#2915,.T.);
#3876=ORIENTED_EDGE('',*,*,#2916,.T.);
#3877=ORIENTED_EDGE('',*,*,#2917,.T.);
#3878=ORIENTED_EDGE('',*,*,#2918,.T.);
#3879=ORIENTED_EDGE('',*,*,#2919,.T.);
#3880=ORIENTED_EDGE('',*,*,#2920,.T.);
#3881=ORIENTED_EDGE('',*,*,#2921,.T.);
#3882=ORIENTED_EDGE('',*,*,#2922,.T.);
#3883=ORIENTED_EDGE('',*,*,#2923,.T.);
#3884=ORIENTED_EDGE('',*,*,#2924,.T.);
#3885=ORIENTED_EDGE('',*,*,#2925,.T.);
#3886=ORIENTED_EDGE('',*,*,#2891,.T.);
#3887=ORIENTED_EDGE('',*,*,#2911,.T.);
#3888=ORIENTED_EDGE('',*,*,#2926,.T.);
#3889=ORIENTED_EDGE('',*,*,#2865,.T.);
#3890=ORIENTED_EDGE('',*,*,#2887,.F.);
#3891=ORIENTED_EDGE('',*,*,#2927,.T.);
#3892=ORIENTED_EDGE('',*,*,#2925,.F.);
#3893=ORIENTED_EDGE('',*,*,#2927,.F.);
#3894=ORIENTED_EDGE('',*,*,#2928,.F.);
#3895=ORIENTED_EDGE('',*,*,#2909,.T.);
#3896=ORIENTED_EDGE('',*,*,#2898,.F.);
#3897=ORIENTED_EDGE('',*,*,#2867,.T.);
#3898=ORIENTED_EDGE('',*,*,#2876,.F.);
#3899=ORIENTED_EDGE('',*,*,#2929,.T.);
#3900=ORIENTED_EDGE('',*,*,#2914,.F.);
#3901=ORIENTED_EDGE('',*,*,#2929,.F.);
#3902=ORIENTED_EDGE('',*,*,#2877,.F.);
#3903=ORIENTED_EDGE('',*,*,#2930,.T.);
#3904=ORIENTED_EDGE('',*,*,#2915,.F.);
#3905=ORIENTED_EDGE('',*,*,#2930,.F.);
#3906=ORIENTED_EDGE('',*,*,#2878,.F.);
#3907=ORIENTED_EDGE('',*,*,#2931,.T.);
#3908=ORIENTED_EDGE('',*,*,#2916,.F.);
#3909=ORIENTED_EDGE('',*,*,#2931,.F.);
#3910=ORIENTED_EDGE('',*,*,#2879,.F.);
#3911=ORIENTED_EDGE('',*,*,#2932,.T.);
#3912=ORIENTED_EDGE('',*,*,#2917,.F.);
#3913=ORIENTED_EDGE('',*,*,#2932,.F.);
#3914=ORIENTED_EDGE('',*,*,#2888,.F.);
#3915=ORIENTED_EDGE('',*,*,#2933,.T.);
#3916=ORIENTED_EDGE('',*,*,#2923,.F.);
#3917=ORIENTED_EDGE('',*,*,#2933,.F.);
#3918=ORIENTED_EDGE('',*,*,#2882,.F.);
#3919=ORIENTED_EDGE('',*,*,#2934,.T.);
#3920=ORIENTED_EDGE('',*,*,#2918,.F.);
#3921=ORIENTED_EDGE('',*,*,#2934,.F.);
#3922=ORIENTED_EDGE('',*,*,#2883,.F.);
#3923=ORIENTED_EDGE('',*,*,#2935,.T.);
#3924=ORIENTED_EDGE('',*,*,#2919,.F.);
#3925=ORIENTED_EDGE('',*,*,#2935,.F.);
#3926=ORIENTED_EDGE('',*,*,#2884,.F.);
#3927=ORIENTED_EDGE('',*,*,#2936,.T.);
#3928=ORIENTED_EDGE('',*,*,#2920,.F.);
#3929=ORIENTED_EDGE('',*,*,#2936,.F.);
#3930=ORIENTED_EDGE('',*,*,#2885,.F.);
#3931=ORIENTED_EDGE('',*,*,#2937,.T.);
#3932=ORIENTED_EDGE('',*,*,#2921,.F.);
#3933=ORIENTED_EDGE('',*,*,#2937,.F.);
#3934=ORIENTED_EDGE('',*,*,#2886,.F.);
#3935=ORIENTED_EDGE('',*,*,#2938,.T.);
#3936=ORIENTED_EDGE('',*,*,#2922,.F.);
#3937=ORIENTED_EDGE('',*,*,#2938,.F.);
#3938=ORIENTED_EDGE('',*,*,#2880,.F.);
#3939=ORIENTED_EDGE('',*,*,#2939,.T.);
#3940=ORIENTED_EDGE('',*,*,#2924,.F.);
#3941=ORIENTED_EDGE('',*,*,#2939,.F.);
#3942=ORIENTED_EDGE('',*,*,#2881,.F.);
#3943=ORIENTED_EDGE('',*,*,#2940,.T.);
#3944=ORIENTED_EDGE('',*,*,#2913,.F.);
#3945=ORIENTED_EDGE('',*,*,#2940,.F.);
#3946=ORIENTED_EDGE('',*,*,#2926,.F.);
#3947=ORIENTED_EDGE('',*,*,#2910,.F.);
#3948=ORIENTED_EDGE('',*,*,#2928,.T.);
#3949=ORIENTED_EDGE('',*,*,#2866,.T.);
#3950=ORIENTED_EDGE('',*,*,#2941,.F.);
#3951=ORIENTED_EDGE('',*,*,#2942,.F.);
#3952=ORIENTED_EDGE('',*,*,#2943,.F.);
#3953=ORIENTED_EDGE('',*,*,#2944,.T.);
#3954=ORIENTED_EDGE('',*,*,#2945,.F.);
#3955=ORIENTED_EDGE('',*,*,#2944,.F.);
#3956=ORIENTED_EDGE('',*,*,#2946,.F.);
#3957=ORIENTED_EDGE('',*,*,#2947,.T.);
#3958=ORIENTED_EDGE('',*,*,#2948,.F.);
#3959=ORIENTED_EDGE('',*,*,#2947,.F.);
#3960=ORIENTED_EDGE('',*,*,#2949,.F.);
#3961=ORIENTED_EDGE('',*,*,#2950,.F.);
#3962=ORIENTED_EDGE('',*,*,#2950,.T.);
#3963=ORIENTED_EDGE('',*,*,#2951,.F.);
#3964=ORIENTED_EDGE('',*,*,#2952,.F.);
#3965=ORIENTED_EDGE('',*,*,#2953,.T.);
#3966=ORIENTED_EDGE('',*,*,#2942,.T.);
#3967=ORIENTED_EDGE('',*,*,#2954,.T.);
#3968=ORIENTED_EDGE('',*,*,#2955,.T.);
#3969=ORIENTED_EDGE('',*,*,#2956,.F.);
#3970=ORIENTED_EDGE('',*,*,#2941,.T.);
#3971=ORIENTED_EDGE('',*,*,#2945,.T.);
#3972=ORIENTED_EDGE('',*,*,#2948,.T.);
#3973=ORIENTED_EDGE('',*,*,#2953,.F.);
#3974=ORIENTED_EDGE('',*,*,#2957,.T.);
#3975=ORIENTED_EDGE('',*,*,#2958,.T.);
#3976=ORIENTED_EDGE('',*,*,#2959,.T.);
#3977=ORIENTED_EDGE('',*,*,#2954,.F.);
#3978=ORIENTED_EDGE('',*,*,#2906,.T.);
#3979=ORIENTED_EDGE('',*,*,#2958,.F.);
#3980=ORIENTED_EDGE('',*,*,#2960,.T.);
#3981=ORIENTED_EDGE('',*,*,#2961,.F.);
#3982=ORIENTED_EDGE('',*,*,#2900,.F.);
#3983=ORIENTED_EDGE('',*,*,#2962,.F.);
#3984=ORIENTED_EDGE('',*,*,#2955,.F.);
#3985=ORIENTED_EDGE('',*,*,#2963,.T.);
#3986=ORIENTED_EDGE('',*,*,#2964,.F.);
#3987=ORIENTED_EDGE('',*,*,#2957,.F.);
#3988=ORIENTED_EDGE('',*,*,#2952,.T.);
#3989=ORIENTED_EDGE('',*,*,#2965,.F.);
#3990=ORIENTED_EDGE('',*,*,#2960,.F.);
#3991=ORIENTED_EDGE('',*,*,#2959,.F.);
#3992=ORIENTED_EDGE('',*,*,#2905,.T.);
#3993=ORIENTED_EDGE('',*,*,#2873,.F.);
#3994=ORIENTED_EDGE('',*,*,#2963,.F.);
#3995=ORIENTED_EDGE('',*,*,#2903,.F.);
#3996=ORIENTED_EDGE('',*,*,#2907,.T.);
#3997=ORIENTED_EDGE('',*,*,#2961,.T.);
#3998=ORIENTED_EDGE('',*,*,#2965,.T.);
#3999=ORIENTED_EDGE('',*,*,#2951,.T.);
#4000=ORIENTED_EDGE('',*,*,#2949,.T.);
#4001=ORIENTED_EDGE('',*,*,#2946,.T.);
#4002=ORIENTED_EDGE('',*,*,#2943,.T.);
#4003=ORIENTED_EDGE('',*,*,#2956,.T.);
#4004=ORIENTED_EDGE('',*,*,#2962,.T.);
#4005=ORIENTED_EDGE('',*,*,#2889,.F.);
#4006=ORIENTED_EDGE('',*,*,#2874,.T.);
#4007=ORIENTED_EDGE('',*,*,#2904,.T.);
#4008=ORIENTED_EDGE('',*,*,#2912,.F.);
#4009=ORIENTED_EDGE('',*,*,#2964,.T.);
#4010=ORIENTED_EDGE('',*,*,#2872,.T.);
#4011=ORIENTED_EDGE('',*,*,#2863,.F.);
#4012=ORIENTED_EDGE('',*,*,#2908,.F.);
#4013=ORIENTED_EDGE('',*,*,#2966,.F.);
#4014=ORIENTED_EDGE('',*,*,#2967,.T.);
#4015=ORIENTED_EDGE('',*,*,#2968,.F.);
#4016=ORIENTED_EDGE('',*,*,#2967,.F.);
#4017=ORIENTED_EDGE('',*,*,#2969,.F.);
#4018=ORIENTED_EDGE('',*,*,#2970,.T.);
#4019=ORIENTED_EDGE('',*,*,#2971,.F.);
#4020=ORIENTED_EDGE('',*,*,#2970,.F.);
#4021=ORIENTED_EDGE('',*,*,#2972,.F.);
#4022=ORIENTED_EDGE('',*,*,#2973,.T.);
#4023=ORIENTED_EDGE('',*,*,#2974,.F.);
#4024=ORIENTED_EDGE('',*,*,#2973,.F.);
#4025=ORIENTED_EDGE('',*,*,#2975,.F.);
#4026=ORIENTED_EDGE('',*,*,#2976,.F.);
#4027=ORIENTED_EDGE('',*,*,#2977,.F.);
#4028=ORIENTED_EDGE('',*,*,#2978,.T.);
#4029=ORIENTED_EDGE('',*,*,#2979,.F.);
#4030=ORIENTED_EDGE('',*,*,#2978,.F.);
#4031=ORIENTED_EDGE('',*,*,#2980,.F.);
#4032=ORIENTED_EDGE('',*,*,#2981,.T.);
#4033=ORIENTED_EDGE('',*,*,#2982,.F.);
#4034=ORIENTED_EDGE('',*,*,#2981,.F.);
#4035=ORIENTED_EDGE('',*,*,#2983,.F.);
#4036=ORIENTED_EDGE('',*,*,#2984,.T.);
#4037=ORIENTED_EDGE('',*,*,#2985,.F.);
#4038=ORIENTED_EDGE('',*,*,#2984,.F.);
#4039=ORIENTED_EDGE('',*,*,#2986,.F.);
#4040=ORIENTED_EDGE('',*,*,#2976,.T.);
#4041=ORIENTED_EDGE('',*,*,#2987,.F.);
#4042=ORIENTED_EDGE('',*,*,#2988,.T.);
#4043=ORIENTED_EDGE('',*,*,#2989,.F.);
#4044=ORIENTED_EDGE('',*,*,#2988,.F.);
#4045=ORIENTED_EDGE('',*,*,#2990,.F.);
#4046=ORIENTED_EDGE('',*,*,#2991,.T.);
#4047=ORIENTED_EDGE('',*,*,#2992,.F.);
#4048=ORIENTED_EDGE('',*,*,#2991,.F.);
#4049=ORIENTED_EDGE('',*,*,#2993,.F.);
#4050=ORIENTED_EDGE('',*,*,#2994,.T.);
#4051=ORIENTED_EDGE('',*,*,#2995,.F.);
#4052=ORIENTED_EDGE('',*,*,#2994,.F.);
#4053=ORIENTED_EDGE('',*,*,#2996,.F.);
#4054=ORIENTED_EDGE('',*,*,#2997,.T.);
#4055=ORIENTED_EDGE('',*,*,#2998,.F.);
#4056=ORIENTED_EDGE('',*,*,#2997,.F.);
#4057=ORIENTED_EDGE('',*,*,#2999,.F.);
#4058=ORIENTED_EDGE('',*,*,#3000,.T.);
#4059=ORIENTED_EDGE('',*,*,#3001,.F.);
#4060=ORIENTED_EDGE('',*,*,#3000,.F.);
#4061=ORIENTED_EDGE('',*,*,#3002,.F.);
#4062=ORIENTED_EDGE('',*,*,#3003,.T.);
#4063=ORIENTED_EDGE('',*,*,#3004,.F.);
#4064=ORIENTED_EDGE('',*,*,#3003,.F.);
#4065=ORIENTED_EDGE('',*,*,#3005,.F.);
#4066=ORIENTED_EDGE('',*,*,#3006,.T.);
#4067=ORIENTED_EDGE('',*,*,#3007,.F.);
#4068=ORIENTED_EDGE('',*,*,#3006,.F.);
#4069=ORIENTED_EDGE('',*,*,#3008,.F.);
#4070=ORIENTED_EDGE('',*,*,#3009,.T.);
#4071=ORIENTED_EDGE('',*,*,#3010,.F.);
#4072=ORIENTED_EDGE('',*,*,#3009,.F.);
#4073=ORIENTED_EDGE('',*,*,#3011,.F.);
#4074=ORIENTED_EDGE('',*,*,#3012,.F.);
#4075=ORIENTED_EDGE('',*,*,#3013,.T.);
#4076=ORIENTED_EDGE('',*,*,#3014,.F.);
#4077=ORIENTED_EDGE('',*,*,#3015,.T.);
#4078=ORIENTED_EDGE('',*,*,#3016,.T.);
#4079=ORIENTED_EDGE('',*,*,#3017,.F.);
#4080=ORIENTED_EDGE('',*,*,#3018,.T.);
#4081=ORIENTED_EDGE('',*,*,#3019,.F.);
#4082=ORIENTED_EDGE('',*,*,#3001,.T.);
#4083=ORIENTED_EDGE('',*,*,#3010,.T.);
#4084=ORIENTED_EDGE('',*,*,#3020,.T.);
#4085=ORIENTED_EDGE('',*,*,#3012,.T.);
#4086=ORIENTED_EDGE('',*,*,#3021,.F.);
#4087=ORIENTED_EDGE('',*,*,#3022,.T.);
#4088=ORIENTED_EDGE('',*,*,#3017,.T.);
#4089=ORIENTED_EDGE('',*,*,#3021,.T.);
#4090=ORIENTED_EDGE('',*,*,#3023,.T.);
#4091=ORIENTED_EDGE('',*,*,#3024,.T.);
#4092=ORIENTED_EDGE('',*,*,#3016,.F.);
#4093=ORIENTED_EDGE('',*,*,#3025,.T.);
#4094=ORIENTED_EDGE('',*,*,#3026,.F.);
#4095=ORIENTED_EDGE('',*,*,#3027,.F.);
#4096=ORIENTED_EDGE('',*,*,#3022,.F.);
#4097=ORIENTED_EDGE('',*,*,#3024,.F.);
#4098=ORIENTED_EDGE('',*,*,#3028,.F.);
#4099=ORIENTED_EDGE('',*,*,#3029,.F.);
#4100=ORIENTED_EDGE('',*,*,#3018,.F.);
#4101=ORIENTED_EDGE('',*,*,#3019,.T.);
#4102=ORIENTED_EDGE('',*,*,#3029,.T.);
#4103=ORIENTED_EDGE('',*,*,#3030,.F.);
#4104=ORIENTED_EDGE('',*,*,#3031,.F.);
#4105=ORIENTED_EDGE('',*,*,#3025,.F.);
#4106=ORIENTED_EDGE('',*,*,#3031,.T.);
#4107=ORIENTED_EDGE('',*,*,#3015,.F.);
#4108=ORIENTED_EDGE('',*,*,#3032,.F.);
#4109=ORIENTED_EDGE('',*,*,#3020,.F.);
#4110=ORIENTED_EDGE('',*,*,#3027,.T.);
#4111=ORIENTED_EDGE('',*,*,#3033,.F.);
#4112=ORIENTED_EDGE('',*,*,#3013,.F.);
#4113=ORIENTED_EDGE('',*,*,#3011,.T.);
#4114=ORIENTED_EDGE('',*,*,#3030,.T.);
#4115=ORIENTED_EDGE('',*,*,#3028,.T.);
#4116=ORIENTED_EDGE('',*,*,#3023,.F.);
#4117=ORIENTED_EDGE('',*,*,#2999,.T.);
#4118=ORIENTED_EDGE('',*,*,#3008,.T.);
#4119=ORIENTED_EDGE('',*,*,#3034,.T.);
#4120=ORIENTED_EDGE('',*,*,#3035,.F.);
#4121=ORIENTED_EDGE('',*,*,#3036,.T.);
#4122=ORIENTED_EDGE('',*,*,#3037,.T.);
#4123=ORIENTED_EDGE('',*,*,#2987,.T.);
#4124=ORIENTED_EDGE('',*,*,#2993,.T.);
#4125=ORIENTED_EDGE('',*,*,#3038,.F.);
#4126=ORIENTED_EDGE('',*,*,#3039,.F.);
#4127=ORIENTED_EDGE('',*,*,#3040,.T.);
#4128=ORIENTED_EDGE('',*,*,#3041,.F.);
#4129=ORIENTED_EDGE('',*,*,#3042,.F.);
#4130=ORIENTED_EDGE('',*,*,#3043,.T.);
#4131=ORIENTED_EDGE('',*,*,#3044,.T.);
#4132=ORIENTED_EDGE('',*,*,#3035,.T.);
#4133=ORIENTED_EDGE('',*,*,#3045,.F.);
#4134=ORIENTED_EDGE('',*,*,#3046,.T.);
#4135=ORIENTED_EDGE('',*,*,#3039,.T.);
#4136=ORIENTED_EDGE('',*,*,#3045,.T.);
#4137=ORIENTED_EDGE('',*,*,#3047,.T.);
#4138=ORIENTED_EDGE('',*,*,#3046,.F.);
#4139=ORIENTED_EDGE('',*,*,#3048,.F.);
#4140=ORIENTED_EDGE('',*,*,#3049,.F.);
#4141=ORIENTED_EDGE('',*,*,#3040,.F.);
#4142=ORIENTED_EDGE('',*,*,#3034,.F.);
#4143=ORIENTED_EDGE('',*,*,#3050,.T.);
#4144=ORIENTED_EDGE('',*,*,#3051,.F.);
#4145=ORIENTED_EDGE('',*,*,#3048,.T.);
#4146=ORIENTED_EDGE('',*,*,#3047,.F.);
#4147=ORIENTED_EDGE('',*,*,#3042,.T.);
#4148=ORIENTED_EDGE('',*,*,#3052,.F.);
#4149=ORIENTED_EDGE('',*,*,#3050,.F.);
#4150=ORIENTED_EDGE('',*,*,#3053,.F.);
#4151=ORIENTED_EDGE('',*,*,#3054,.F.);
#4152=ORIENTED_EDGE('',*,*,#3053,.T.);
#4153=ORIENTED_EDGE('',*,*,#3037,.F.);
#4154=ORIENTED_EDGE('',*,*,#3055,.F.);
#4155=ORIENTED_EDGE('',*,*,#3044,.F.);
#4156=ORIENTED_EDGE('',*,*,#3056,.F.);
#4157=ORIENTED_EDGE('',*,*,#3055,.T.);
#4158=ORIENTED_EDGE('',*,*,#3036,.F.);
#4159=ORIENTED_EDGE('',*,*,#3038,.T.);
#4160=ORIENTED_EDGE('',*,*,#3054,.T.);
#4161=ORIENTED_EDGE('',*,*,#3056,.T.);
#4162=ORIENTED_EDGE('',*,*,#3043,.F.);
#4163=ORIENTED_EDGE('',*,*,#2989,.T.);
#4164=ORIENTED_EDGE('',*,*,#2995,.T.);
#4165=ORIENTED_EDGE('',*,*,#3057,.T.);
#4166=ORIENTED_EDGE('',*,*,#3058,.F.);
#4167=ORIENTED_EDGE('',*,*,#3059,.T.);
#4168=ORIENTED_EDGE('',*,*,#3060,.F.);
#4169=ORIENTED_EDGE('',*,*,#3002,.T.);
#4170=ORIENTED_EDGE('',*,*,#3005,.T.);
#4171=ORIENTED_EDGE('',*,*,#3061,.F.);
#4172=ORIENTED_EDGE('',*,*,#3062,.F.);
#4173=ORIENTED_EDGE('',*,*,#3063,.T.);
#4174=ORIENTED_EDGE('',*,*,#3064,.F.);
#4175=ORIENTED_EDGE('',*,*,#3065,.F.);
#4176=ORIENTED_EDGE('',*,*,#3066,.T.);
#4177=ORIENTED_EDGE('',*,*,#3062,.T.);
#4178=ORIENTED_EDGE('',*,*,#3067,.T.);
#4179=ORIENTED_EDGE('',*,*,#3068,.T.);
#4180=ORIENTED_EDGE('',*,*,#3069,.T.);
#4181=ORIENTED_EDGE('',*,*,#3070,.T.);
#4182=ORIENTED_EDGE('',*,*,#3058,.T.);
#4183=ORIENTED_EDGE('',*,*,#3067,.F.);
#4184=ORIENTED_EDGE('',*,*,#3057,.F.);
#4185=ORIENTED_EDGE('',*,*,#3071,.F.);
#4186=ORIENTED_EDGE('',*,*,#3072,.F.);
#4187=ORIENTED_EDGE('',*,*,#3073,.T.);
#4188=ORIENTED_EDGE('',*,*,#3068,.F.);
#4189=ORIENTED_EDGE('',*,*,#3070,.F.);
#4190=ORIENTED_EDGE('',*,*,#3074,.F.);
#4191=ORIENTED_EDGE('',*,*,#3075,.F.);
#4192=ORIENTED_EDGE('',*,*,#3059,.F.);
#4193=ORIENTED_EDGE('',*,*,#3065,.T.);
#4194=ORIENTED_EDGE('',*,*,#3076,.F.);
#4195=ORIENTED_EDGE('',*,*,#3071,.T.);
#4196=ORIENTED_EDGE('',*,*,#3077,.F.);
#4197=ORIENTED_EDGE('',*,*,#3078,.T.);
#4198=ORIENTED_EDGE('',*,*,#3077,.T.);
#4199=ORIENTED_EDGE('',*,*,#3060,.T.);
#4200=ORIENTED_EDGE('',*,*,#3075,.T.);
#4201=ORIENTED_EDGE('',*,*,#3061,.T.);
#4202=ORIENTED_EDGE('',*,*,#3078,.F.);
#4203=ORIENTED_EDGE('',*,*,#3074,.T.);
#4204=ORIENTED_EDGE('',*,*,#3069,.F.);
#4205=ORIENTED_EDGE('',*,*,#3004,.T.);
#4206=ORIENTED_EDGE('',*,*,#3007,.T.);
#4207=ORIENTED_EDGE('',*,*,#3066,.F.);
#4208=ORIENTED_EDGE('',*,*,#3073,.F.);
#4209=ORIENTED_EDGE('',*,*,#3079,.F.);
#4210=ORIENTED_EDGE('',*,*,#3063,.F.);
#4211=ORIENTED_EDGE('',*,*,#3080,.T.);
#4212=ORIENTED_EDGE('',*,*,#3081,.F.);
#4213=ORIENTED_EDGE('',*,*,#3082,.T.);
#4214=ORIENTED_EDGE('',*,*,#3083,.F.);
#4215=ORIENTED_EDGE('',*,*,#2990,.T.);
#4216=ORIENTED_EDGE('',*,*,#2996,.T.);
#4217=ORIENTED_EDGE('',*,*,#3084,.F.);
#4218=ORIENTED_EDGE('',*,*,#3085,.F.);
#4219=ORIENTED_EDGE('',*,*,#3086,.F.);
#4220=ORIENTED_EDGE('',*,*,#3087,.F.);
#4221=ORIENTED_EDGE('',*,*,#3088,.T.);
#4222=ORIENTED_EDGE('',*,*,#3089,.T.);
#4223=ORIENTED_EDGE('',*,*,#3081,.T.);
#4224=ORIENTED_EDGE('',*,*,#3090,.F.);
#4225=ORIENTED_EDGE('',*,*,#3085,.T.);
#4226=ORIENTED_EDGE('',*,*,#3090,.T.);
#4227=ORIENTED_EDGE('',*,*,#3091,.T.);
#4228=ORIENTED_EDGE('',*,*,#3092,.F.);
#4229=ORIENTED_EDGE('',*,*,#3080,.F.);
#4230=ORIENTED_EDGE('',*,*,#3093,.F.);
#4231=ORIENTED_EDGE('',*,*,#3094,.F.);
#4232=ORIENTED_EDGE('',*,*,#3091,.F.);
#4233=ORIENTED_EDGE('',*,*,#3089,.F.);
#4234=ORIENTED_EDGE('',*,*,#3095,.F.);
#4235=ORIENTED_EDGE('',*,*,#3096,.F.);
#4236=ORIENTED_EDGE('',*,*,#3082,.F.);
#4237=ORIENTED_EDGE('',*,*,#3087,.T.);
#4238=ORIENTED_EDGE('',*,*,#3097,.F.);
#4239=ORIENTED_EDGE('',*,*,#3093,.T.);
#4240=ORIENTED_EDGE('',*,*,#3098,.F.);
#4241=ORIENTED_EDGE('',*,*,#3099,.T.);
#4242=ORIENTED_EDGE('',*,*,#3098,.T.);
#4243=ORIENTED_EDGE('',*,*,#3083,.T.);
#4244=ORIENTED_EDGE('',*,*,#3096,.T.);
#4245=ORIENTED_EDGE('',*,*,#3084,.T.);
#4246=ORIENTED_EDGE('',*,*,#3099,.F.);
#4247=ORIENTED_EDGE('',*,*,#3095,.T.);
#4248=ORIENTED_EDGE('',*,*,#3088,.F.);
#4249=ORIENTED_EDGE('',*,*,#2992,.T.);
#4250=ORIENTED_EDGE('',*,*,#2998,.T.);
#4251=ORIENTED_EDGE('',*,*,#3097,.T.);
#4252=ORIENTED_EDGE('',*,*,#3100,.F.);
#4253=ORIENTED_EDGE('',*,*,#3101,.F.);
#4254=ORIENTED_EDGE('',*,*,#3102,.F.);
#4255=ORIENTED_EDGE('',*,*,#3076,.T.);
#4256=ORIENTED_EDGE('',*,*,#3103,.F.);
#4257=ORIENTED_EDGE('',*,*,#3104,.F.);
#4258=ORIENTED_EDGE('',*,*,#3105,.F.);
#4259=ORIENTED_EDGE('',*,*,#3103,.T.);
#4260=ORIENTED_EDGE('',*,*,#3064,.T.);
#4261=ORIENTED_EDGE('',*,*,#3106,.T.);
#4262=ORIENTED_EDGE('',*,*,#3107,.T.);
#4263=ORIENTED_EDGE('',*,*,#3108,.T.);
#4264=ORIENTED_EDGE('',*,*,#3109,.F.);
#4265=ORIENTED_EDGE('',*,*,#3092,.T.);
#4266=ORIENTED_EDGE('',*,*,#3110,.F.);
#4267=ORIENTED_EDGE('',*,*,#3111,.F.);
#4268=ORIENTED_EDGE('',*,*,#3112,.F.);
#4269=ORIENTED_EDGE('',*,*,#3100,.T.);
#4270=ORIENTED_EDGE('',*,*,#3086,.T.);
#4271=ORIENTED_EDGE('',*,*,#3112,.T.);
#4272=ORIENTED_EDGE('',*,*,#3113,.T.);
#4273=ORIENTED_EDGE('',*,*,#3114,.T.);
#4274=ORIENTED_EDGE('',*,*,#3115,.T.);
#4275=ORIENTED_EDGE('',*,*,#3116,.T.);
#4276=ORIENTED_EDGE('',*,*,#3117,.F.);
#4277=ORIENTED_EDGE('',*,*,#3014,.T.);
#4278=ORIENTED_EDGE('',*,*,#3118,.T.);
#4279=ORIENTED_EDGE('',*,*,#3119,.T.);
#4280=ORIENTED_EDGE('',*,*,#3120,.T.);
#4281=ORIENTED_EDGE('',*,*,#3121,.T.);
#4282=ORIENTED_EDGE('',*,*,#2983,.T.);
#4283=ORIENTED_EDGE('',*,*,#2980,.T.);
#4284=ORIENTED_EDGE('',*,*,#2977,.T.);
#4285=ORIENTED_EDGE('',*,*,#2986,.T.);
#4286=ORIENTED_EDGE('',*,*,#3033,.T.);
#4287=ORIENTED_EDGE('',*,*,#3122,.T.);
#4288=ORIENTED_EDGE('',*,*,#3123,.T.);
#4289=ORIENTED_EDGE('',*,*,#3118,.F.);
#4290=ORIENTED_EDGE('',*,*,#3026,.T.);
#4291=ORIENTED_EDGE('',*,*,#3124,.F.);
#4292=ORIENTED_EDGE('',*,*,#3125,.F.);
#4293=ORIENTED_EDGE('',*,*,#3126,.T.);
#4294=ORIENTED_EDGE('',*,*,#3122,.F.);
#4295=ORIENTED_EDGE('',*,*,#2982,.T.);
#4296=ORIENTED_EDGE('',*,*,#2985,.T.);
#4297=ORIENTED_EDGE('',*,*,#2975,.T.);
#4298=ORIENTED_EDGE('',*,*,#2979,.T.);
#4299=ORIENTED_EDGE('',*,*,#3041,.T.);
#4300=ORIENTED_EDGE('',*,*,#3127,.T.);
#4301=ORIENTED_EDGE('',*,*,#3128,.T.);
#4302=ORIENTED_EDGE('',*,*,#3129,.T.);
#4303=ORIENTED_EDGE('',*,*,#3130,.T.);
#4304=ORIENTED_EDGE('',*,*,#2974,.T.);
#4305=ORIENTED_EDGE('',*,*,#3119,.F.);
#4306=ORIENTED_EDGE('',*,*,#3131,.T.);
#4307=ORIENTED_EDGE('',*,*,#3132,.F.);
#4308=ORIENTED_EDGE('',*,*,#3133,.T.);
#4309=ORIENTED_EDGE('',*,*,#3123,.F.);
#4310=ORIENTED_EDGE('',*,*,#3134,.T.);
#4311=ORIENTED_EDGE('',*,*,#3135,.F.);
#4312=ORIENTED_EDGE('',*,*,#3131,.F.);
#4313=ORIENTED_EDGE('',*,*,#3032,.T.);
#4314=ORIENTED_EDGE('',*,*,#3121,.F.);
#4315=ORIENTED_EDGE('',*,*,#3136,.F.);
#4316=ORIENTED_EDGE('',*,*,#3124,.T.);
#4317=ORIENTED_EDGE('',*,*,#3125,.T.);
#4318=ORIENTED_EDGE('',*,*,#3136,.T.);
#4319=ORIENTED_EDGE('',*,*,#3120,.F.);
#4320=ORIENTED_EDGE('',*,*,#3137,.F.);
#4321=ORIENTED_EDGE('',*,*,#3138,.T.);
#4322=ORIENTED_EDGE('',*,*,#3137,.T.);
#4323=ORIENTED_EDGE('',*,*,#3133,.F.);
#4324=ORIENTED_EDGE('',*,*,#3139,.F.);
#4325=ORIENTED_EDGE('',*,*,#3126,.F.);
#4326=ORIENTED_EDGE('',*,*,#3138,.F.);
#4327=ORIENTED_EDGE('',*,*,#3140,.F.);
#4328=ORIENTED_EDGE('',*,*,#3134,.F.);
#4329=ORIENTED_EDGE('',*,*,#3141,.F.);
#4330=ORIENTED_EDGE('',*,*,#3142,.T.);
#4331=ORIENTED_EDGE('',*,*,#3143,.F.);
#4332=ORIENTED_EDGE('',*,*,#3144,.T.);
#4333=ORIENTED_EDGE('',*,*,#3049,.T.);
#4334=ORIENTED_EDGE('',*,*,#3145,.F.);
#4335=ORIENTED_EDGE('',*,*,#3146,.T.);
#4336=ORIENTED_EDGE('',*,*,#3127,.F.);
#4337=ORIENTED_EDGE('',*,*,#3146,.F.);
#4338=ORIENTED_EDGE('',*,*,#3144,.F.);
#4339=ORIENTED_EDGE('',*,*,#3147,.F.);
#4340=ORIENTED_EDGE('',*,*,#3148,.F.);
#4341=ORIENTED_EDGE('',*,*,#3149,.F.);
#4342=ORIENTED_EDGE('',*,*,#3139,.T.);
#4343=ORIENTED_EDGE('',*,*,#3142,.F.);
#4344=ORIENTED_EDGE('',*,*,#3150,.F.);
#4345=ORIENTED_EDGE('',*,*,#3129,.F.);
#4346=ORIENTED_EDGE('',*,*,#3150,.T.);
#4347=ORIENTED_EDGE('',*,*,#3151,.F.);
#4348=ORIENTED_EDGE('',*,*,#3152,.F.);
#4349=ORIENTED_EDGE('',*,*,#3052,.T.);
#4350=ORIENTED_EDGE('',*,*,#3130,.F.);
#4351=ORIENTED_EDGE('',*,*,#3152,.T.);
#4352=ORIENTED_EDGE('',*,*,#3153,.F.);
#4353=ORIENTED_EDGE('',*,*,#3128,.F.);
#4354=ORIENTED_EDGE('',*,*,#3148,.T.);
#4355=ORIENTED_EDGE('',*,*,#3154,.F.);
#4356=ORIENTED_EDGE('',*,*,#3149,.T.);
#4357=ORIENTED_EDGE('',*,*,#3051,.T.);
#4358=ORIENTED_EDGE('',*,*,#3153,.T.);
#4359=ORIENTED_EDGE('',*,*,#3151,.T.);
#4360=ORIENTED_EDGE('',*,*,#3141,.T.);
#4361=ORIENTED_EDGE('',*,*,#3145,.T.);
#4362=ORIENTED_EDGE('',*,*,#2972,.T.);
#4363=ORIENTED_EDGE('',*,*,#3147,.T.);
#4364=ORIENTED_EDGE('',*,*,#3155,.F.);
#4365=ORIENTED_EDGE('',*,*,#3156,.T.);
#4366=ORIENTED_EDGE('',*,*,#3157,.F.);
#4367=ORIENTED_EDGE('',*,*,#3158,.T.);
#4368=ORIENTED_EDGE('',*,*,#3114,.F.);
#4369=ORIENTED_EDGE('',*,*,#3159,.F.);
#4370=ORIENTED_EDGE('',*,*,#3160,.F.);
#4371=ORIENTED_EDGE('',*,*,#3161,.T.);
#4372=ORIENTED_EDGE('',*,*,#3162,.F.);
#4373=ORIENTED_EDGE('',*,*,#3163,.T.);
#4374=ORIENTED_EDGE('',*,*,#3115,.F.);
#4375=ORIENTED_EDGE('',*,*,#3156,.F.);
#4376=ORIENTED_EDGE('',*,*,#3164,.F.);
#4377=ORIENTED_EDGE('',*,*,#3165,.F.);
#4378=ORIENTED_EDGE('',*,*,#3108,.F.);
#4379=ORIENTED_EDGE('',*,*,#3155,.T.);
#4380=ORIENTED_EDGE('',*,*,#3166,.F.);
#4381=ORIENTED_EDGE('',*,*,#3167,.T.);
#4382=ORIENTED_EDGE('',*,*,#3168,.F.);
#4383=ORIENTED_EDGE('',*,*,#3135,.T.);
#4384=ORIENTED_EDGE('',*,*,#3161,.F.);
#4385=ORIENTED_EDGE('',*,*,#3158,.F.);
#4386=ORIENTED_EDGE('',*,*,#3169,.F.);
#4387=ORIENTED_EDGE('',*,*,#3140,.T.);
#4388=ORIENTED_EDGE('',*,*,#3154,.T.);
#4389=ORIENTED_EDGE('',*,*,#3170,.T.);
#4390=ORIENTED_EDGE('',*,*,#3162,.T.);
#4391=ORIENTED_EDGE('',*,*,#2968,.T.);
#4392=ORIENTED_EDGE('',*,*,#2971,.T.);
#4393=ORIENTED_EDGE('',*,*,#3171,.F.);
#4394=ORIENTED_EDGE('',*,*,#3172,.F.);
#4395=ORIENTED_EDGE('',*,*,#3173,.F.);
#4396=ORIENTED_EDGE('',*,*,#3174,.F.);
#4397=ORIENTED_EDGE('',*,*,#3175,.F.);
#4398=ORIENTED_EDGE('',*,*,#3176,.F.);
#4399=ORIENTED_EDGE('',*,*,#3177,.F.);
#4400=ORIENTED_EDGE('',*,*,#3178,.F.);
#4401=ORIENTED_EDGE('',*,*,#3079,.T.);
#4402=ORIENTED_EDGE('',*,*,#3179,.F.);
#4403=ORIENTED_EDGE('',*,*,#3180,.T.);
#4404=ORIENTED_EDGE('',*,*,#3106,.F.);
#4405=ORIENTED_EDGE('',*,*,#3180,.F.);
#4406=ORIENTED_EDGE('',*,*,#3167,.F.);
#4407=ORIENTED_EDGE('',*,*,#3181,.F.);
#4408=ORIENTED_EDGE('',*,*,#3182,.F.);
#4409=ORIENTED_EDGE('',*,*,#3104,.T.);
#4410=ORIENTED_EDGE('',*,*,#3109,.T.);
#4411=ORIENTED_EDGE('',*,*,#3165,.T.);
#4412=ORIENTED_EDGE('',*,*,#3183,.F.);
#4413=ORIENTED_EDGE('',*,*,#3157,.T.);
#4414=ORIENTED_EDGE('',*,*,#3107,.F.);
#4415=ORIENTED_EDGE('',*,*,#3182,.T.);
#4416=ORIENTED_EDGE('',*,*,#3170,.F.);
#4417=ORIENTED_EDGE('',*,*,#3072,.T.);
#4418=ORIENTED_EDGE('',*,*,#3105,.T.);
#4419=ORIENTED_EDGE('',*,*,#3183,.T.);
#4420=ORIENTED_EDGE('',*,*,#3164,.T.);
#4421=ORIENTED_EDGE('',*,*,#3168,.T.);
#4422=ORIENTED_EDGE('',*,*,#3179,.T.);
#4423=ORIENTED_EDGE('',*,*,#3181,.T.);
#4424=ORIENTED_EDGE('',*,*,#3184,.F.);
#4425=ORIENTED_EDGE('',*,*,#3185,.T.);
#4426=ORIENTED_EDGE('',*,*,#3163,.F.);
#4427=ORIENTED_EDGE('',*,*,#3185,.F.);
#4428=ORIENTED_EDGE('',*,*,#3186,.F.);
#4429=ORIENTED_EDGE('',*,*,#3187,.F.);
#4430=ORIENTED_EDGE('',*,*,#3116,.F.);
#4431=ORIENTED_EDGE('',*,*,#3169,.T.);
#4432=ORIENTED_EDGE('',*,*,#3188,.F.);
#4433=ORIENTED_EDGE('',*,*,#3184,.T.);
#4434=ORIENTED_EDGE('',*,*,#3189,.F.);
#4435=ORIENTED_EDGE('',*,*,#3111,.T.);
#4436=ORIENTED_EDGE('',*,*,#3190,.F.);
#4437=ORIENTED_EDGE('',*,*,#3159,.T.);
#4438=ORIENTED_EDGE('',*,*,#3113,.F.);
#4439=ORIENTED_EDGE('',*,*,#3101,.T.);
#4440=ORIENTED_EDGE('',*,*,#3117,.T.);
#4441=ORIENTED_EDGE('',*,*,#3187,.T.);
#4442=ORIENTED_EDGE('',*,*,#3191,.F.);
#4443=ORIENTED_EDGE('',*,*,#3110,.T.);
#4444=ORIENTED_EDGE('',*,*,#3094,.T.);
#4445=ORIENTED_EDGE('',*,*,#3102,.T.);
#4446=ORIENTED_EDGE('',*,*,#3191,.T.);
#4447=ORIENTED_EDGE('',*,*,#3186,.T.);
#4448=ORIENTED_EDGE('',*,*,#3188,.T.);
#4449=ORIENTED_EDGE('',*,*,#3160,.T.);
#4450=ORIENTED_EDGE('',*,*,#3190,.T.);
#4451=ORIENTED_EDGE('',*,*,#3132,.T.);
#4452=ORIENTED_EDGE('',*,*,#3189,.T.);
#4453=ORIENTED_EDGE('',*,*,#3166,.T.);
#4454=ORIENTED_EDGE('',*,*,#3143,.T.);
#4455=ORIENTED_EDGE('',*,*,#2966,.T.);
#4456=ORIENTED_EDGE('',*,*,#2969,.T.);
#4457=ORIENTED_EDGE('',*,*,#3192,.T.);
#4458=ORIENTED_EDGE('',*,*,#3193,.T.);
#4459=ORIENTED_EDGE('',*,*,#3194,.T.);
#4460=ORIENTED_EDGE('',*,*,#3195,.T.);
#4461=ORIENTED_EDGE('',*,*,#3196,.T.);
#4462=ORIENTED_EDGE('',*,*,#3197,.T.);
#4463=ORIENTED_EDGE('',*,*,#3198,.T.);
#4464=ORIENTED_EDGE('',*,*,#3199,.T.);
#4465=ORIENTED_EDGE('',*,*,#3176,.T.);
#4466=ORIENTED_EDGE('',*,*,#3200,.T.);
#4467=ORIENTED_EDGE('',*,*,#3195,.F.);
#4468=ORIENTED_EDGE('',*,*,#3201,.F.);
#4469=ORIENTED_EDGE('',*,*,#3177,.T.);
#4470=ORIENTED_EDGE('',*,*,#3201,.T.);
#4471=ORIENTED_EDGE('',*,*,#3194,.F.);
#4472=ORIENTED_EDGE('',*,*,#3202,.F.);
#4473=ORIENTED_EDGE('',*,*,#3178,.T.);
#4474=ORIENTED_EDGE('',*,*,#3202,.T.);
#4475=ORIENTED_EDGE('',*,*,#3193,.F.);
#4476=ORIENTED_EDGE('',*,*,#3203,.F.);
#4477=ORIENTED_EDGE('',*,*,#3175,.T.);
#4478=ORIENTED_EDGE('',*,*,#3203,.T.);
#4479=ORIENTED_EDGE('',*,*,#3192,.F.);
#4480=ORIENTED_EDGE('',*,*,#3200,.F.);
#4481=ORIENTED_EDGE('',*,*,#3172,.T.);
#4482=ORIENTED_EDGE('',*,*,#3204,.T.);
#4483=ORIENTED_EDGE('',*,*,#3199,.F.);
#4484=ORIENTED_EDGE('',*,*,#3205,.F.);
#4485=ORIENTED_EDGE('',*,*,#3173,.T.);
#4486=ORIENTED_EDGE('',*,*,#3205,.T.);
#4487=ORIENTED_EDGE('',*,*,#3198,.F.);
#4488=ORIENTED_EDGE('',*,*,#3206,.F.);
#4489=ORIENTED_EDGE('',*,*,#3174,.T.);
#4490=ORIENTED_EDGE('',*,*,#3206,.T.);
#4491=ORIENTED_EDGE('',*,*,#3197,.F.);
#4492=ORIENTED_EDGE('',*,*,#3207,.F.);
#4493=ORIENTED_EDGE('',*,*,#3171,.T.);
#4494=ORIENTED_EDGE('',*,*,#3207,.T.);
#4495=ORIENTED_EDGE('',*,*,#3196,.F.);
#4496=ORIENTED_EDGE('',*,*,#3204,.F.);
#4497=ORIENTED_EDGE('',*,*,#3208,.F.);
#4498=ORIENTED_EDGE('',*,*,#3209,.T.);
#4499=ORIENTED_EDGE('',*,*,#3210,.F.);
#4500=ORIENTED_EDGE('',*,*,#3209,.F.);
#4501=ORIENTED_EDGE('',*,*,#3211,.F.);
#4502=ORIENTED_EDGE('',*,*,#3212,.T.);
#4503=ORIENTED_EDGE('',*,*,#3213,.F.);
#4504=ORIENTED_EDGE('',*,*,#3212,.F.);
#4505=ORIENTED_EDGE('',*,*,#3214,.F.);
#4506=ORIENTED_EDGE('',*,*,#3215,.T.);
#4507=ORIENTED_EDGE('',*,*,#3216,.F.);
#4508=ORIENTED_EDGE('',*,*,#3215,.F.);
#4509=ORIENTED_EDGE('',*,*,#3217,.F.);
#4510=ORIENTED_EDGE('',*,*,#3218,.T.);
#4511=ORIENTED_EDGE('',*,*,#3219,.F.);
#4512=ORIENTED_EDGE('',*,*,#3218,.F.);
#4513=ORIENTED_EDGE('',*,*,#3220,.F.);
#4514=ORIENTED_EDGE('',*,*,#3221,.T.);
#4515=ORIENTED_EDGE('',*,*,#3222,.F.);
#4516=ORIENTED_EDGE('',*,*,#3221,.F.);
#4517=ORIENTED_EDGE('',*,*,#3223,.F.);
#4518=ORIENTED_EDGE('',*,*,#3224,.T.);
#4519=ORIENTED_EDGE('',*,*,#3225,.F.);
#4520=ORIENTED_EDGE('',*,*,#3224,.F.);
#4521=ORIENTED_EDGE('',*,*,#3226,.F.);
#4522=ORIENTED_EDGE('',*,*,#3227,.T.);
#4523=ORIENTED_EDGE('',*,*,#3228,.F.);
#4524=ORIENTED_EDGE('',*,*,#3227,.F.);
#4525=ORIENTED_EDGE('',*,*,#3229,.F.);
#4526=ORIENTED_EDGE('',*,*,#3230,.T.);
#4527=ORIENTED_EDGE('',*,*,#3231,.F.);
#4528=ORIENTED_EDGE('',*,*,#3230,.F.);
#4529=ORIENTED_EDGE('',*,*,#3232,.F.);
#4530=ORIENTED_EDGE('',*,*,#3233,.T.);
#4531=ORIENTED_EDGE('',*,*,#3234,.F.);
#4532=ORIENTED_EDGE('',*,*,#3233,.F.);
#4533=ORIENTED_EDGE('',*,*,#3235,.F.);
#4534=ORIENTED_EDGE('',*,*,#3236,.T.);
#4535=ORIENTED_EDGE('',*,*,#3237,.F.);
#4536=ORIENTED_EDGE('',*,*,#3236,.F.);
#4537=ORIENTED_EDGE('',*,*,#3238,.F.);
#4538=ORIENTED_EDGE('',*,*,#3239,.T.);
#4539=ORIENTED_EDGE('',*,*,#3240,.F.);
#4540=ORIENTED_EDGE('',*,*,#3239,.F.);
#4541=ORIENTED_EDGE('',*,*,#3241,.F.);
#4542=ORIENTED_EDGE('',*,*,#3242,.T.);
#4543=ORIENTED_EDGE('',*,*,#3243,.F.);
#4544=ORIENTED_EDGE('',*,*,#3242,.F.);
#4545=ORIENTED_EDGE('',*,*,#3244,.F.);
#4546=ORIENTED_EDGE('',*,*,#3245,.T.);
#4547=ORIENTED_EDGE('',*,*,#3246,.F.);
#4548=ORIENTED_EDGE('',*,*,#3245,.F.);
#4549=ORIENTED_EDGE('',*,*,#3247,.T.);
#4550=ORIENTED_EDGE('',*,*,#3248,.T.);
#4551=ORIENTED_EDGE('',*,*,#3249,.T.);
#4552=ORIENTED_EDGE('',*,*,#3250,.T.);
#4553=ORIENTED_EDGE('',*,*,#3250,.F.);
#4554=ORIENTED_EDGE('',*,*,#3251,.F.);
#4555=ORIENTED_EDGE('',*,*,#3252,.F.);
#4556=ORIENTED_EDGE('',*,*,#3253,.F.);
#4557=ORIENTED_EDGE('',*,*,#3249,.F.);
#4558=ORIENTED_EDGE('',*,*,#3254,.T.);
#4559=ORIENTED_EDGE('',*,*,#3255,.F.);
#4560=ORIENTED_EDGE('',*,*,#3256,.T.);
#4561=ORIENTED_EDGE('',*,*,#3257,.F.);
#4562=ORIENTED_EDGE('',*,*,#3258,.T.);
#4563=ORIENTED_EDGE('',*,*,#3259,.F.);
#4564=ORIENTED_EDGE('',*,*,#3251,.T.);
#4565=ORIENTED_EDGE('',*,*,#3225,.T.);
#4566=ORIENTED_EDGE('',*,*,#3228,.T.);
#4567=ORIENTED_EDGE('',*,*,#3231,.T.);
#4568=ORIENTED_EDGE('',*,*,#3234,.T.);
#4569=ORIENTED_EDGE('',*,*,#3237,.T.);
#4570=ORIENTED_EDGE('',*,*,#3240,.T.);
#4571=ORIENTED_EDGE('',*,*,#3243,.T.);
#4572=ORIENTED_EDGE('',*,*,#3246,.T.);
#4573=ORIENTED_EDGE('',*,*,#3222,.T.);
#4574=ORIENTED_EDGE('',*,*,#3219,.T.);
#4575=ORIENTED_EDGE('',*,*,#3216,.T.);
#4576=ORIENTED_EDGE('',*,*,#3213,.T.);
#4577=ORIENTED_EDGE('',*,*,#3210,.T.);
#4578=ORIENTED_EDGE('',*,*,#3260,.T.);
#4579=ORIENTED_EDGE('',*,*,#3261,.T.);
#4580=ORIENTED_EDGE('',*,*,#3255,.T.);
#4581=ORIENTED_EDGE('',*,*,#3262,.T.);
#4582=ORIENTED_EDGE('',*,*,#3261,.F.);
#4583=ORIENTED_EDGE('',*,*,#3263,.F.);
#4584=ORIENTED_EDGE('',*,*,#3264,.F.);
#4585=ORIENTED_EDGE('',*,*,#3256,.F.);
#4586=ORIENTED_EDGE('',*,*,#3257,.T.);
#4587=ORIENTED_EDGE('',*,*,#3264,.T.);
#4588=ORIENTED_EDGE('',*,*,#3265,.T.);
#4589=ORIENTED_EDGE('',*,*,#3266,.T.);
#4590=ORIENTED_EDGE('',*,*,#3259,.T.);
#4591=ORIENTED_EDGE('',*,*,#3267,.T.);
#4592=ORIENTED_EDGE('',*,*,#3268,.T.);
#4593=ORIENTED_EDGE('',*,*,#3252,.T.);
#4594=ORIENTED_EDGE('',*,*,#3248,.F.);
#4595=ORIENTED_EDGE('',*,*,#3269,.F.);
#4596=ORIENTED_EDGE('',*,*,#3262,.F.);
#4597=ORIENTED_EDGE('',*,*,#3254,.F.);
#4598=ORIENTED_EDGE('',*,*,#3266,.F.);
#4599=ORIENTED_EDGE('',*,*,#3270,.F.);
#4600=ORIENTED_EDGE('',*,*,#3267,.F.);
#4601=ORIENTED_EDGE('',*,*,#3258,.F.);
#4602=ORIENTED_EDGE('',*,*,#3247,.F.);
#4603=ORIENTED_EDGE('',*,*,#3253,.T.);
#4604=ORIENTED_EDGE('',*,*,#3268,.F.);
#4605=ORIENTED_EDGE('',*,*,#3270,.T.);
#4606=ORIENTED_EDGE('',*,*,#3265,.F.);
#4607=ORIENTED_EDGE('',*,*,#3263,.T.);
#4608=ORIENTED_EDGE('',*,*,#3260,.F.);
#4609=ORIENTED_EDGE('',*,*,#3269,.T.);
#4610=ORIENTED_EDGE('',*,*,#3223,.T.);
#4611=ORIENTED_EDGE('',*,*,#3226,.T.);
#4612=ORIENTED_EDGE('',*,*,#3229,.T.);
#4613=ORIENTED_EDGE('',*,*,#3232,.T.);
#4614=ORIENTED_EDGE('',*,*,#3235,.T.);
#4615=ORIENTED_EDGE('',*,*,#3238,.T.);
#4616=ORIENTED_EDGE('',*,*,#3241,.T.);
#4617=ORIENTED_EDGE('',*,*,#3244,.T.);
#4618=ORIENTED_EDGE('',*,*,#3220,.T.);
#4619=ORIENTED_EDGE('',*,*,#3217,.T.);
#4620=ORIENTED_EDGE('',*,*,#3214,.T.);
#4621=ORIENTED_EDGE('',*,*,#3211,.T.);
#4622=ORIENTED_EDGE('',*,*,#3208,.T.);
#4623=CONICAL_SURFACE('',#4929,1.75,0.785398163397448);
#4624=CONICAL_SURFACE('',#4934,1.75,0.785398163397448);
#4625=CONICAL_SURFACE('',#5014,1.,1.02974425867665);
#4626=CONICAL_SURFACE('',#5015,1.,1.02974425867665);
#4627=CONICAL_SURFACE('',#5019,1.,1.02974425867665);
#4628=CONICAL_SURFACE('',#5173,8.59999999999999,0.174532925199433);
#4629=ADVANCED_FACE('',(#416),#4623,.F.);
#4630=ADVANCED_FACE('',(#417),#330,.F.);
#4631=ADVANCED_FACE('',(#418),#4624,.F.);
#4632=ADVANCED_FACE('',(#419),#331,.F.);
#4633=ADVANCED_FACE('',(#420),#156,.F.);
#4634=ADVANCED_FACE('',(#421),#332,.F.);
#4635=ADVANCED_FACE('',(#422),#157,.F.);
#4636=ADVANCED_FACE('',(#423),#158,.F.);
#4637=ADVANCED_FACE('',(#424),#159,.T.);
#4638=ADVANCED_FACE('',(#425),#160,.T.);
#4639=ADVANCED_FACE('',(#426),#161,.T.);
#4640=ADVANCED_FACE('',(#427),#333,.T.);
#4641=ADVANCED_FACE('',(#428),#162,.T.);
#4642=ADVANCED_FACE('',(#429),#163,.T.);
#4643=ADVANCED_FACE('',(#430),#164,.T.);
#4644=ADVANCED_FACE('',(#431),#165,.T.);
#4645=ADVANCED_FACE('',(#432),#127,.T.);
#4646=ADVANCED_FACE('',(#433),#166,.T.);
#4647=ADVANCED_FACE('',(#434),#167,.T.);
#4648=ADVANCED_FACE('',(#435),#334,.F.);
#4649=ADVANCED_FACE('',(#436),#168,.T.);
#4650=ADVANCED_FACE('',(#437),#335,.T.);
#4651=ADVANCED_FACE('',(#438),#169,.T.);
#4652=ADVANCED_FACE('',(#439),#170,.T.);
#4653=ADVANCED_FACE('',(#440),#171,.T.);
#4654=ADVANCED_FACE('',(#441),#172,.T.);
#4655=ADVANCED_FACE('',(#442),#173,.T.);
#4656=ADVANCED_FACE('',(#443),#174,.T.);
#4657=ADVANCED_FACE('',(#444),#175,.T.);
#4658=ADVANCED_FACE('',(#445),#176,.T.);
#4659=ADVANCED_FACE('',(#446),#177,.T.);
#4660=ADVANCED_FACE('',(#447),#336,.T.);
#4661=ADVANCED_FACE('',(#448),#178,.T.);
#4662=ADVANCED_FACE('',(#449),#179,.T.);
#4663=ADVANCED_FACE('',(#450),#128,.T.);
#4664=ADVANCED_FACE('',(#451),#180,.T.);
#4665=ADVANCED_FACE('',(#452),#181,.T.);
#4666=ADVANCED_FACE('',(#453),#182,.T.);
#4667=ADVANCED_FACE('',(#454),#183,.T.);
#4668=ADVANCED_FACE('',(#455),#337,.F.);
#4669=ADVANCED_FACE('',(#456),#184,.T.);
#4670=ADVANCED_FACE('',(#457),#185,.T.);
#4671=ADVANCED_FACE('',(#458,#43,#44),#186,.T.);
#4672=ADVANCED_FACE('',(#459,#45,#46),#187,.F.);
#4673=ADVANCED_FACE('',(#460),#188,.T.);
#4674=ADVANCED_FACE('',(#461),#189,.F.);
#4675=ADVANCED_FACE('',(#462),#190,.T.);
#4676=ADVANCED_FACE('',(#463),#191,.T.);
#4677=ADVANCED_FACE('',(#464),#192,.T.);
#4678=ADVANCED_FACE('',(#465),#193,.F.);
#4679=ADVANCED_FACE('',(#466),#194,.T.);
#4680=ADVANCED_FACE('',(#467),#195,.T.);
#4681=ADVANCED_FACE('',(#468),#196,.T.);
#4682=ADVANCED_FACE('',(#469),#197,.T.);
#4683=ADVANCED_FACE('',(#470),#198,.F.);
#4684=ADVANCED_FACE('',(#471),#338,.F.);
#4685=ADVANCED_FACE('',(#472),#339,.F.);
#4686=ADVANCED_FACE('',(#473),#199,.T.);
#4687=ADVANCED_FACE('',(#474),#200,.T.);
#4688=ADVANCED_FACE('',(#475),#201,.T.);
#4689=ADVANCED_FACE('',(#476),#202,.F.);
#4690=ADVANCED_FACE('',(#477),#4625,.F.);
#4691=ADVANCED_FACE('',(#478),#4626,.F.);
#4692=ADVANCED_FACE('',(#479),#340,.F.);
#4693=ADVANCED_FACE('',(#480),#203,.T.);
#4694=ADVANCED_FACE('',(#481),#4627,.F.);
#4695=ADVANCED_FACE('',(#482),#341,.F.);
#4696=ADVANCED_FACE('',(#483),#204,.T.);
#4697=ADVANCED_FACE('',(#484),#342,.T.);
#4698=ADVANCED_FACE('',(#485),#205,.T.);
#4699=ADVANCED_FACE('',(#486),#206,.T.);
#4700=ADVANCED_FACE('',(#487),#207,.T.);
#4701=ADVANCED_FACE('',(#488),#343,.T.);
#4702=ADVANCED_FACE('',(#489),#208,.F.);
#4703=ADVANCED_FACE('',(#490),#209,.T.);
#4704=ADVANCED_FACE('',(#491),#210,.T.);
#4705=ADVANCED_FACE('',(#492),#211,.T.);
#4706=ADVANCED_FACE('',(#493),#212,.T.);
#4707=ADVANCED_FACE('',(#494),#213,.T.);
#4708=ADVANCED_FACE('',(#495),#214,.T.);
#4709=ADVANCED_FACE('',(#496),#215,.T.);
#4710=ADVANCED_FACE('',(#497),#344,.F.);
#4711=ADVANCED_FACE('',(#498),#216,.T.);
#4712=ADVANCED_FACE('',(#499),#345,.T.);
#4713=ADVANCED_FACE('',(#500),#217,.T.);
#4714=ADVANCED_FACE('',(#501),#218,.T.);
#4715=ADVANCED_FACE('',(#502),#219,.T.);
#4716=ADVANCED_FACE('',(#503),#220,.T.);
#4717=ADVANCED_FACE('',(#504),#346,.F.);
#4718=ADVANCED_FACE('',(#505),#221,.T.);
#4719=ADVANCED_FACE('',(#506),#347,.T.);
#4720=ADVANCED_FACE('',(#507),#348,.T.);
#4721=ADVANCED_FACE('',(#508),#21,.T.);
#4722=ADVANCED_FACE('',(#509),#349,.T.);
#4723=ADVANCED_FACE('',(#510),#22,.T.);
#4724=ADVANCED_FACE('',(#511),#222,.T.);
#4725=ADVANCED_FACE('',(#512),#223,.T.);
#4726=ADVANCED_FACE('',(#513),#224,.T.);
#4727=ADVANCED_FACE('',(#514),#350,.T.);
#4728=ADVANCED_FACE('',(#515),#351,.T.);
#4729=ADVANCED_FACE('',(#516),#225,.T.);
#4730=ADVANCED_FACE('',(#517),#226,.T.);
#4731=ADVANCED_FACE('',(#518),#227,.F.);
#4732=ADVANCED_FACE('',(#519),#352,.T.);
#4733=ADVANCED_FACE('',(#520),#353,.T.);
#4734=ADVANCED_FACE('',(#521),#23,.T.);
#4735=ADVANCED_FACE('',(#522),#354,.T.);
#4736=ADVANCED_FACE('',(#523),#24,.T.);
#4737=ADVANCED_FACE('',(#524),#228,.T.);
#4738=ADVANCED_FACE('',(#525),#229,.F.);
#4739=ADVANCED_FACE('',(#526),#230,.F.);
#4740=ADVANCED_FACE('',(#527),#231,.F.);
#4741=ADVANCED_FACE('',(#528),#232,.F.);
#4742=ADVANCED_FACE('',(#529),#233,.F.);
#4743=ADVANCED_FACE('',(#530),#234,.T.);
#4744=ADVANCED_FACE('',(#531,#47,#48,#49,#50,#51,#52,#53,#54,#55,#56,#57,
#58,#59),#235,.T.);
#4745=ADVANCED_FACE('',(#532),#236,.T.);
#4746=ADVANCED_FACE('',(#533),#237,.T.);
#4747=ADVANCED_FACE('',(#534),#355,.T.);
#4748=ADVANCED_FACE('',(#535),#238,.F.);
#4749=ADVANCED_FACE('',(#536),#356,.T.);
#4750=ADVANCED_FACE('',(#537),#357,.T.);
#4751=ADVANCED_FACE('',(#538),#239,.T.);
#4752=ADVANCED_FACE('',(#539,#60,#61,#62,#63,#64,#65,#66,#67,#68,#69,#70,
#71,#72),#240,.T.);
#4753=ADVANCED_FACE('',(#540),#241,.T.);
#4754=ADVANCED_FACE('',(#541),#358,.F.);
#4755=ADVANCED_FACE('',(#542),#242,.T.);
#4756=ADVANCED_FACE('',(#543),#359,.F.);
#4757=ADVANCED_FACE('',(#544),#360,.F.);
#4758=ADVANCED_FACE('',(#545),#361,.F.);
#4759=ADVANCED_FACE('',(#546),#362,.F.);
#4760=ADVANCED_FACE('',(#547),#363,.F.);
#4761=ADVANCED_FACE('',(#548),#364,.F.);
#4762=ADVANCED_FACE('',(#549),#365,.F.);
#4763=ADVANCED_FACE('',(#550),#366,.F.);
#4764=ADVANCED_FACE('',(#551),#367,.F.);
#4765=ADVANCED_FACE('',(#552),#368,.F.);
#4766=ADVANCED_FACE('',(#553),#369,.F.);
#4767=ADVANCED_FACE('',(#554),#370,.F.);
#4768=ADVANCED_FACE('',(#555),#243,.T.);
#4769=ADVANCED_FACE('',(#556),#244,.F.);
#4770=ADVANCED_FACE('',(#557),#371,.F.);
#4771=ADVANCED_FACE('',(#558),#245,.F.);
#4772=ADVANCED_FACE('',(#559),#246,.T.);
#4773=ADVANCED_FACE('',(#560),#247,.T.);
#4774=ADVANCED_FACE('',(#561),#248,.F.);
#4775=ADVANCED_FACE('',(#562),#249,.T.);
#4776=ADVANCED_FACE('',(#563),#250,.T.);
#4777=ADVANCED_FACE('',(#564),#251,.T.);
#4778=ADVANCED_FACE('',(#565),#372,.F.);
#4779=ADVANCED_FACE('',(#566),#252,.T.);
#4780=ADVANCED_FACE('',(#567),#253,.T.);
#4781=ADVANCED_FACE('',(#568),#254,.T.);
#4782=ADVANCED_FACE('',(#569),#373,.F.);
#4783=ADVANCED_FACE('',(#570),#374,.F.);
#4784=ADVANCED_FACE('',(#571),#4628,.F.);
#4785=ADVANCED_FACE('',(#572),#255,.F.);
#4786=ADVANCED_FACE('',(#573),#256,.F.);
#4787=ADVANCED_FACE('',(#574),#257,.F.);
#4788=ADVANCED_FACE('',(#575),#258,.F.);
#4789=ADVANCED_FACE('',(#576),#375,.F.);
#4790=ADVANCED_FACE('',(#577),#376,.F.);
#4791=ADVANCED_FACE('',(#578),#377,.F.);
#4792=ADVANCED_FACE('',(#579),#378,.F.);
#4793=ADVANCED_FACE('',(#580),#379,.F.);
#4794=ADVANCED_FACE('',(#581),#380,.F.);
#4795=ADVANCED_FACE('',(#582),#381,.F.);
#4796=ADVANCED_FACE('',(#583),#382,.F.);
#4797=ADVANCED_FACE('',(#584),#383,.T.);
#4798=ADVANCED_FACE('',(#585,#73,#74),#259,.T.);
#4799=ADVANCED_FACE('',(#586),#129,.T.);
#4800=ADVANCED_FACE('',(#587),#260,.T.);
#4801=ADVANCED_FACE('',(#588),#384,.F.);
#4802=ADVANCED_FACE('',(#589),#261,.T.);
#4803=ADVANCED_FACE('',(#590),#262,.T.);
#4804=ADVANCED_FACE('',(#591),#130,.T.);
#4805=ADVANCED_FACE('',(#592),#263,.T.);
#4806=ADVANCED_FACE('',(#593,#75,#76),#264,.F.);
#4807=ADVANCED_FACE('',(#594,#77,#78),#265,.T.);
#4808=ADVANCED_FACE('',(#595),#385,.F.);
#4809=ADVANCED_FACE('',(#596),#266,.T.);
#4810=ADVANCED_FACE('',(#597),#131,.T.);
#4811=ADVANCED_FACE('',(#598),#267,.T.);
#4812=ADVANCED_FACE('',(#599),#386,.T.);
#4813=ADVANCED_FACE('',(#600),#132,.T.);
#4814=ADVANCED_FACE('',(#601),#268,.T.);
#4815=ADVANCED_FACE('',(#602),#269,.T.);
#4816=ADVANCED_FACE('',(#603,#79,#80),#270,.F.);
#4817=ADVANCED_FACE('',(#604,#81,#82),#271,.T.);
#4818=ADVANCED_FACE('',(#605),#387,.F.);
#4819=ADVANCED_FACE('',(#606),#133,.T.);
#4820=ADVANCED_FACE('',(#607),#272,.T.);
#4821=ADVANCED_FACE('',(#608),#388,.T.);
#4822=ADVANCED_FACE('',(#609),#273,.T.);
#4823=ADVANCED_FACE('',(#610),#134,.T.);
#4824=ADVANCED_FACE('',(#611),#274,.T.);
#4825=ADVANCED_FACE('',(#612,#83,#84),#275,.T.);
#4826=ADVANCED_FACE('',(#613),#276,.T.);
#4827=ADVANCED_FACE('',(#614,#85,#86),#277,.T.);
#4828=ADVANCED_FACE('',(#615),#389,.F.);
#4829=ADVANCED_FACE('',(#616),#278,.T.);
#4830=ADVANCED_FACE('',(#617),#135,.T.);
#4831=ADVANCED_FACE('',(#618),#390,.T.);
#4832=ADVANCED_FACE('',(#619),#279,.T.);
#4833=ADVANCED_FACE('',(#620),#136,.T.);
#4834=ADVANCED_FACE('',(#621),#280,.T.);
#4835=ADVANCED_FACE('',(#622,#87,#88),#281,.F.);
#4836=ADVANCED_FACE('',(#623),#282,.F.);
#4837=ADVANCED_FACE('',(#624),#283,.F.);
#4838=ADVANCED_FACE('',(#625),#284,.T.);
#4839=ADVANCED_FACE('',(#626),#285,.F.);
#4840=ADVANCED_FACE('',(#627),#286,.T.);
#4841=ADVANCED_FACE('',(#628,#89),#287,.T.);
#4842=ADVANCED_FACE('',(#629),#288,.T.);
#4843=ADVANCED_FACE('',(#630,#90),#289,.F.);
#4844=ADVANCED_FACE('',(#631,#91),#290,.T.);
#4845=ADVANCED_FACE('',(#632),#391,.T.);
#4846=ADVANCED_FACE('',(#633),#291,.T.);
#4847=ADVANCED_FACE('',(#634),#292,.T.);
#4848=ADVANCED_FACE('',(#635),#293,.T.);
#4849=ADVANCED_FACE('',(#636),#294,.T.);
#4850=ADVANCED_FACE('',(#637),#392,.F.);
#4851=ADVANCED_FACE('',(#638),#393,.T.);
#4852=ADVANCED_FACE('',(#639),#295,.T.);
#4853=ADVANCED_FACE('',(#640),#296,.T.);
#4854=ADVANCED_FACE('',(#641),#297,.T.);
#4855=ADVANCED_FACE('',(#642),#298,.T.);
#4856=ADVANCED_FACE('',(#643),#299,.T.);
#4857=ADVANCED_FACE('',(#644),#394,.F.);
#4858=ADVANCED_FACE('',(#645,#92),#300,.T.);
#4859=ADVANCED_FACE('',(#646),#301,.F.);
#4860=ADVANCED_FACE('',(#647),#302,.F.);
#4861=ADVANCED_FACE('',(#648),#395,.F.);
#4862=ADVANCED_FACE('',(#649),#303,.F.);
#4863=ADVANCED_FACE('',(#650),#396,.T.);
#4864=ADVANCED_FACE('',(#651),#304,.F.);
#4865=ADVANCED_FACE('',(#652,#93,#94,#95,#96),#305,.F.);
#4866=ADVANCED_FACE('',(#653),#306,.T.);
#4867=ADVANCED_FACE('',(#654),#307,.T.);
#4868=ADVANCED_FACE('',(#655),#308,.T.);
#4869=ADVANCED_FACE('',(#656),#397,.F.);
#4870=ADVANCED_FACE('',(#657),#309,.T.);
#4871=ADVANCED_FACE('',(#658),#310,.F.);
#4872=ADVANCED_FACE('',(#659),#311,.F.);
#4873=ADVANCED_FACE('',(#660),#398,.T.);
#4874=ADVANCED_FACE('',(#661),#312,.T.);
#4875=ADVANCED_FACE('',(#662),#313,.T.);
#4876=ADVANCED_FACE('',(#663),#314,.T.);
#4877=ADVANCED_FACE('',(#664,#97,#98,#99,#100),#315,.T.);
#4878=ADVANCED_FACE('',(#665),#316,.T.);
#4879=ADVANCED_FACE('',(#666),#317,.T.);
#4880=ADVANCED_FACE('',(#667),#318,.T.);
#4881=ADVANCED_FACE('',(#668),#319,.T.);
#4882=ADVANCED_FACE('',(#669),#320,.T.);
#4883=ADVANCED_FACE('',(#670),#321,.T.);
#4884=ADVANCED_FACE('',(#671),#322,.T.);
#4885=ADVANCED_FACE('',(#672),#323,.T.);
#4886=ADVANCED_FACE('',(#673),#399,.F.);
#4887=ADVANCED_FACE('',(#674),#400,.F.);
#4888=ADVANCED_FACE('',(#675),#401,.F.);
#4889=ADVANCED_FACE('',(#676),#402,.F.);
#4890=ADVANCED_FACE('',(#677),#403,.F.);
#4891=ADVANCED_FACE('',(#678),#404,.F.);
#4892=ADVANCED_FACE('',(#679),#405,.F.);
#4893=ADVANCED_FACE('',(#680),#406,.F.);
#4894=ADVANCED_FACE('',(#681),#407,.F.);
#4895=ADVANCED_FACE('',(#682),#408,.F.);
#4896=ADVANCED_FACE('',(#683),#409,.F.);
#4897=ADVANCED_FACE('',(#684),#410,.F.);
#4898=ADVANCED_FACE('',(#685),#411,.F.);
#4899=ADVANCED_FACE('',(#686),#412,.T.);
#4900=ADVANCED_FACE('',(#687),#324,.F.);
#4901=ADVANCED_FACE('',(#688,#101,#102,#103,#104,#105,#106,#107,#108,#109,
#110,#111,#112,#113),#325,.T.);
#4902=ADVANCED_FACE('',(#689),#413,.T.);
#4903=ADVANCED_FACE('',(#690),#326,.F.);
#4904=ADVANCED_FACE('',(#691),#414,.T.);
#4905=ADVANCED_FACE('',(#692),#415,.T.);
#4906=ADVANCED_FACE('',(#693),#327,.F.);
#4907=ADVANCED_FACE('',(#694),#328,.F.);
#4908=ADVANCED_FACE('',(#695,#114,#115,#116,#117,#118,#119,#120,#121,#122,
#123,#124,#125,#126),#329,.F.);
#4909=CLOSED_SHELL('',(#4629,#4630,#4631,#4632,#4633,#4634,#4635,#4636,
#4637,#4638,#4639,#4640,#4641,#4642,#4643,#4644,#4645,#4646,#4647,#4648,
#4649,#4650,#4651,#4652,#4653,#4654,#4655,#4656,#4657,#4658,#4659,#4660,
#4661,#4662,#4663,#4664,#4665,#4666,#4667,#4668,#4669,#4670,#4671,#4672));
#4910=CLOSED_SHELL('',(#4673,#4674,#4675,#4676,#4677,#4678,#4679,#4680,
#4681,#4682));
#4911=CLOSED_SHELL('',(#4683,#4684,#4685,#4686,#4687,#4688,#4689,#4690,
#4691,#4692,#4693,#4694,#4695,#4696,#4697,#4698,#4699,#4700,#4701,#4702,
#4703,#4704,#4705,#4706,#4707,#4708,#4709,#4710,#4711,#4712,#4713,#4714,
#4715,#4716,#4717,#4718));
#4912=CLOSED_SHELL('',(#4719,#4720,#4721,#4722,#4723,#4724,#4725,#4726,
#4727,#4728,#4729,#4730,#4731,#4732,#4733,#4734,#4735,#4736,#4737,#4738,
#4739,#4740,#4741,#4742));
#4913=CLOSED_SHELL('',(#4743,#4744,#4745,#4746,#4747,#4748,#4749,#4750,
#4751,#4752,#4753,#4754,#4755,#4756,#4757,#4758,#4759,#4760,#4761,#4762,
#4763,#4764,#4765,#4766,#4767,#4768,#4769,#4770,#4771,#4772,#4773,#4774,
#4775,#4776,#4777,#4778,#4779,#4780,#4781));
#4914=CLOSED_SHELL('',(#4782,#4783,#4784,#4785,#4786,#4787,#4788,#4789,
#4790,#4791,#4792,#4793,#4794,#4795,#4796,#4797,#4798,#4799,#4800,#4801,
#4802,#4803,#4804,#4805,#4806,#4807,#4808,#4809,#4810,#4811,#4812,#4813,
#4814,#4815,#4816,#4817,#4818,#4819,#4820,#4821,#4822,#4823,#4824,#4825,
#4826,#4827,#4828,#4829,#4830,#4831,#4832,#4833,#4834,#4835,#4836,#4837,
#4838,#4839,#4840,#4841,#4842,#4843,#4844,#4845,#4846,#4847,#4848,#4849,
#4850,#4851,#4852,#4853,#4854,#4855,#4856,#4857,#4858,#4859,#4860,#4861,
#4862,#4863,#4864,#4865,#4866,#4867,#4868,#4869,#4870,#4871,#4872,#4873,
#4874,#4875,#4876,#4877,#4878,#4879,#4880,#4881,#4882,#4883,#4884,#4885));
#4915=CLOSED_SHELL('',(#4886,#4887,#4888,#4889,#4890,#4891,#4892,#4893,
#4894,#4895,#4896,#4897,#4898,#4899,#4900,#4901,#4902,#4903,#4904,#4905,
#4906,#4907,#4908));
#4916=DERIVED_UNIT_ELEMENT(#4918,1.);
#4917=DERIVED_UNIT_ELEMENT(#8414,-3.);
#4918=(
MASS_UNIT()
NAMED_UNIT(*)
SI_UNIT(.KILO.,.GRAM.)
);
#4919=DERIVED_UNIT((#4916,#4917));
#4920=MEASURE_REPRESENTATION_ITEM('density measure',
POSITIVE_RATIO_MEASURE(7850.),#4919);
#4921=PROPERTY_DEFINITION_REPRESENTATION(#4926,#4923);
#4922=PROPERTY_DEFINITION_REPRESENTATION(#4927,#4924);
#4923=REPRESENTATION('material name',(#4925),#8411);
#4924=REPRESENTATION('density',(#4920),#8411);
#4925=DESCRIPTIVE_REPRESENTATION_ITEM('Steel','Steel');
#4926=PROPERTY_DEFINITION('material property','material name',#8421);
#4927=PROPERTY_DEFINITION('material property','density of part',#8421);
#4928=AXIS2_PLACEMENT_3D('',#6740,#5372,#5373);
#4929=AXIS2_PLACEMENT_3D('',#6741,#5374,#5375);
#4930=AXIS2_PLACEMENT_3D('',#6743,#5376,#5377);
#4931=AXIS2_PLACEMENT_3D('',#6746,#5379,#5380);
#4932=AXIS2_PLACEMENT_3D('',#6747,#5381,#5382);
#4933=AXIS2_PLACEMENT_3D('',#6750,#5384,#5385);
#4934=AXIS2_PLACEMENT_3D('',#6751,#5386,#5387);
#4935=AXIS2_PLACEMENT_3D('',#6753,#5388,#5389);
#4936=AXIS2_PLACEMENT_3D('',#6756,#5391,#5392);
#4937=AXIS2_PLACEMENT_3D('',#6757,#5393,#5394);
#4938=AXIS2_PLACEMENT_3D('',#6760,#5396,#5397);
#4939=AXIS2_PLACEMENT_3D('',#6761,#5398,#5399);
#4940=AXIS2_PLACEMENT_3D('',#6770,#5404,#5405);
#4941=AXIS2_PLACEMENT_3D('',#6772,#5406,#5407);
#4942=AXIS2_PLACEMENT_3D('',#6774,#5408,#5409);
#4943=AXIS2_PLACEMENT_3D('',#6778,#5411,#5412);
#4944=AXIS2_PLACEMENT_3D('',#6782,#5414,#5415);
#4945=AXIS2_PLACEMENT_3D('',#6784,#5417,#5418);
#4946=AXIS2_PLACEMENT_3D('',#6788,#5420,#5421);
#4947=AXIS2_PLACEMENT_3D('',#6792,#5424,#5425);
#4948=AXIS2_PLACEMENT_3D('',#6799,#5429,#5430);
#4949=AXIS2_PLACEMENT_3D('',#6800,#5431,#5432);
#4950=AXIS2_PLACEMENT_3D('',#6808,#5437,#5438);
#4951=AXIS2_PLACEMENT_3D('',#6812,#5441,#5442);
#4952=AXIS2_PLACEMENT_3D('',#6816,#5445,#5446);
#4953=AXIS2_PLACEMENT_3D('',#6830,#5449,#5450);
#4954=AXIS2_PLACEMENT_3D('',#6831,#5451,#5452);
#4955=AXIS2_PLACEMENT_3D('',#6842,#5458,#5459);
#4956=AXIS2_PLACEMENT_3D('',#6848,#5463,#5464);
#4957=AXIS2_PLACEMENT_3D('',#6851,#5467,#5468);
#4958=AXIS2_PLACEMENT_3D('',#6852,#5469,#5470);
#4959=AXIS2_PLACEMENT_3D('',#6886,#5475,#5476);
#4960=AXIS2_PLACEMENT_3D('',#6890,#5479,#5480);
#4961=AXIS2_PLACEMENT_3D('',#6892,#5482,#5483);
#4962=AXIS2_PLACEMENT_3D('',#6894,#5485,#5486);
#4963=AXIS2_PLACEMENT_3D('',#6895,#5487,#5488);
#4964=AXIS2_PLACEMENT_3D('',#6896,#5489,#5490);
#4965=AXIS2_PLACEMENT_3D('',#6900,#5492,#5493);
#4966=AXIS2_PLACEMENT_3D('',#6902,#5495,#5496);
#4967=AXIS2_PLACEMENT_3D('',#6908,#5500,#5501);
#4968=AXIS2_PLACEMENT_3D('',#6914,#5505,#5506);
#4969=AXIS2_PLACEMENT_3D('',#6917,#5509,#5510);
#4970=AXIS2_PLACEMENT_3D('',#6919,#5512,#5513);
#4971=AXIS2_PLACEMENT_3D('',#6921,#5515,#5516);
#4972=AXIS2_PLACEMENT_3D('',#6923,#5518,#5519);
#4973=AXIS2_PLACEMENT_3D('',#6924,#5520,#5521);
#4974=AXIS2_PLACEMENT_3D('',#6926,#5523,#5524);
#4975=AXIS2_PLACEMENT_3D('',#6927,#5525,#5526);
#4976=AXIS2_PLACEMENT_3D('',#6931,#5528,#5529);
#4977=AXIS2_PLACEMENT_3D('',#6941,#5531,#5532);
#4978=AXIS2_PLACEMENT_3D('',#6952,#5538,#5539);
#4979=AXIS2_PLACEMENT_3D('',#6988,#5545,#5546);
#4980=AXIS2_PLACEMENT_3D('',#6989,#5547,#5548);
#4981=AXIS2_PLACEMENT_3D('',#6991,#5550,#5551);
#4982=AXIS2_PLACEMENT_3D('',#6995,#5554,#5555);
#4983=AXIS2_PLACEMENT_3D('',#6999,#5558,#5559);
#4984=AXIS2_PLACEMENT_3D('',#7001,#5561,#5562);
#4985=AXIS2_PLACEMENT_3D('',#7003,#5564,#5565);
#4986=AXIS2_PLACEMENT_3D('',#7004,#5566,#5567);
#4987=AXIS2_PLACEMENT_3D('',#7007,#5570,#5571);
#4988=AXIS2_PLACEMENT_3D('',#7008,#5572,#5573);
#4989=AXIS2_PLACEMENT_3D('',#7009,#5574,#5575);
#4990=AXIS2_PLACEMENT_3D('',#7018,#5580,#5581);
#4991=AXIS2_PLACEMENT_3D('',#7027,#5586,#5587);
#4992=AXIS2_PLACEMENT_3D('',#7033,#5591,#5592);
#4993=AXIS2_PLACEMENT_3D('',#7039,#5596,#5597);
#4994=AXIS2_PLACEMENT_3D('',#7045,#5601,#5602);
#4995=AXIS2_PLACEMENT_3D('',#7050,#5606,#5607);
#4996=AXIS2_PLACEMENT_3D('',#7052,#5609,#5610);
#4997=AXIS2_PLACEMENT_3D('',#7056,#5613,#5614);
#4998=AXIS2_PLACEMENT_3D('',#7058,#5616,#5617);
#4999=AXIS2_PLACEMENT_3D('',#7059,#5618,#5619);
#5000=AXIS2_PLACEMENT_3D('',#7062,#5620,#5621);
#5001=AXIS2_PLACEMENT_3D('',#7066,#5623,#5624);
#5002=AXIS2_PLACEMENT_3D('',#7074,#5628,#5629);
#5003=AXIS2_PLACEMENT_3D('',#7078,#5631,#5632);
#5004=AXIS2_PLACEMENT_3D('',#7082,#5634,#5635);
#5005=AXIS2_PLACEMENT_3D('',#7086,#5637,#5638);
#5006=AXIS2_PLACEMENT_3D('',#7092,#5642,#5643);
#5007=AXIS2_PLACEMENT_3D('',#7096,#5645,#5646);
#5008=AXIS2_PLACEMENT_3D('',#7098,#5648,#5649);
#5009=AXIS2_PLACEMENT_3D('',#7102,#5651,#5652);
#5010=AXIS2_PLACEMENT_3D('',#7104,#5654,#5655);
#5011=AXIS2_PLACEMENT_3D('',#7110,#5659,#5660);
#5012=AXIS2_PLACEMENT_3D('',#7116,#5664,#5665);
#5013=AXIS2_PLACEMENT_3D('',#7122,#5669,#5670);
#5014=AXIS2_PLACEMENT_3D('',#7128,#5674,#5675);
#5015=AXIS2_PLACEMENT_3D('',#7132,#5676,#5677);
#5016=AXIS2_PLACEMENT_3D('',#7138,#5678,#5679);
#5017=AXIS2_PLACEMENT_3D('',#7139,#5680,#5681);
#5018=AXIS2_PLACEMENT_3D('',#7142,#5684,#5685);
#5019=AXIS2_PLACEMENT_3D('',#7152,#5689,#5690);
#5020=AXIS2_PLACEMENT_3D('',#7172,#5691,#5692);
#5021=AXIS2_PLACEMENT_3D('',#7175,#5694,#5695);
#5022=AXIS2_PLACEMENT_3D('',#7176,#5696,#5697);
#5023=AXIS2_PLACEMENT_3D('',#7180,#5700,#5701);
#5024=AXIS2_PLACEMENT_3D('',#7181,#5702,#5703);
#5025=AXIS2_PLACEMENT_3D('',#7182,#5704,#5705);
#5026=AXIS2_PLACEMENT_3D('',#7184,#5707,#5708);
#5027=AXIS2_PLACEMENT_3D('',#7186,#5710,#5711);
#5028=AXIS2_PLACEMENT_3D('',#7188,#5713,#5714);
#5029=AXIS2_PLACEMENT_3D('',#7192,#5716,#5717);
#5030=AXIS2_PLACEMENT_3D('',#7193,#5718,#5719);
#5031=AXIS2_PLACEMENT_3D('',#7194,#5720,#5721);
#5032=AXIS2_PLACEMENT_3D('',#7207,#5728,#5729);
#5033=AXIS2_PLACEMENT_3D('',#7213,#5733,#5734);
#5034=AXIS2_PLACEMENT_3D('',#7216,#5737,#5738);
#5035=AXIS2_PLACEMENT_3D('',#7217,#5739,#5740);
#5036=AXIS2_PLACEMENT_3D('',#7219,#5742,#5743);
#5037=AXIS2_PLACEMENT_3D('',#7220,#5744,#5745);
#5038=AXIS2_PLACEMENT_3D('',#7222,#5747,#5748);
#5039=AXIS2_PLACEMENT_3D('',#7226,#5751,#5752);
#5040=AXIS2_PLACEMENT_3D('',#7230,#5755,#5756);
#5041=AXIS2_PLACEMENT_3D('',#7232,#5758,#5759);
#5042=AXIS2_PLACEMENT_3D('',#7233,#5760,#5761);
#5043=AXIS2_PLACEMENT_3D('',#7234,#5762,#5763);
#5044=AXIS2_PLACEMENT_3D('',#7237,#5765,#5766);
#5045=AXIS2_PLACEMENT_3D('',#7238,#5767,#5768);
#5046=AXIS2_PLACEMENT_3D('',#7244,#5772,#5773);
#5047=AXIS2_PLACEMENT_3D('',#7245,#5774,#5775);
#5048=AXIS2_PLACEMENT_3D('',#7247,#5777,#5778);
#5049=AXIS2_PLACEMENT_3D('',#7251,#5781,#5782);
#5050=AXIS2_PLACEMENT_3D('',#7253,#5784,#5785);
#5051=AXIS2_PLACEMENT_3D('',#7254,#5786,#5787);
#5052=AXIS2_PLACEMENT_3D('',#7255,#5788,#5789);
#5053=AXIS2_PLACEMENT_3D('',#7258,#5790,#5791);
#5054=AXIS2_PLACEMENT_3D('',#7262,#5793,#5794);
#5055=AXIS2_PLACEMENT_3D('',#7264,#5796,#5797);
#5056=AXIS2_PLACEMENT_3D('',#7266,#5798,#5799);
#5057=AXIS2_PLACEMENT_3D('',#7270,#5801,#5802);
#5058=AXIS2_PLACEMENT_3D('',#7272,#5804,#5805);
#5059=AXIS2_PLACEMENT_3D('',#7273,#5806,#5807);
#5060=AXIS2_PLACEMENT_3D('',#7274,#5808,#5809);
#5061=AXIS2_PLACEMENT_3D('',#7277,#5810,#5811);
#5062=AXIS2_PLACEMENT_3D('',#7280,#5813,#5814);
#5063=AXIS2_PLACEMENT_3D('',#7282,#5816,#5817);
#5064=AXIS2_PLACEMENT_3D('',#7283,#5818,#5819);
#5065=AXIS2_PLACEMENT_3D('',#7284,#5820,#5821);
#5066=AXIS2_PLACEMENT_3D('',#7286,#5823,#5824);
#5067=AXIS2_PLACEMENT_3D('',#7296,#5830,#5831);
#5068=AXIS2_PLACEMENT_3D('',#7306,#5837,#5838);
#5069=AXIS2_PLACEMENT_3D('',#7309,#5840,#5841);
#5070=AXIS2_PLACEMENT_3D('',#7310,#5842,#5843);
#5071=AXIS2_PLACEMENT_3D('',#7312,#5844,#5845);
#5072=AXIS2_PLACEMENT_3D('',#7314,#5847,#5848);
#5073=AXIS2_PLACEMENT_3D('',#7316,#5850,#5851);
#5074=AXIS2_PLACEMENT_3D('',#7319,#5853,#5854);
#5075=AXIS2_PLACEMENT_3D('',#7322,#5856,#5857);
#5076=AXIS2_PLACEMENT_3D('',#7323,#5858,#5859);
#5077=AXIS2_PLACEMENT_3D('',#7333,#5865,#5866);
#5078=AXIS2_PLACEMENT_3D('',#7335,#5867,#5868);
#5079=AXIS2_PLACEMENT_3D('',#7337,#5870,#5871);
#5080=AXIS2_PLACEMENT_3D('',#7338,#5872,#5873);
#5081=AXIS2_PLACEMENT_3D('',#7340,#5874,#5875);
#5082=AXIS2_PLACEMENT_3D('',#7342,#5877,#5878);
#5083=AXIS2_PLACEMENT_3D('',#7343,#5879,#5880);
#5084=AXIS2_PLACEMENT_3D('',#7345,#5882,#5883);
#5085=AXIS2_PLACEMENT_3D('',#7346,#5884,#5885);
#5086=AXIS2_PLACEMENT_3D('',#7347,#5886,#5887);
#5087=AXIS2_PLACEMENT_3D('',#7348,#5888,#5889);
#5088=AXIS2_PLACEMENT_3D('',#7354,#5893,#5894);
#5089=AXIS2_PLACEMENT_3D('',#7358,#5897,#5898);
#5090=AXIS2_PLACEMENT_3D('',#7362,#5901,#5902);
#5091=AXIS2_PLACEMENT_3D('',#7364,#5904,#5905);
#5092=AXIS2_PLACEMENT_3D('',#7365,#5906,#5907);
#5093=AXIS2_PLACEMENT_3D('',#7374,#5912,#5913);
#5094=AXIS2_PLACEMENT_3D('',#7383,#5917,#5918);
#5095=AXIS2_PLACEMENT_3D('',#7387,#5920,#5921);
#5096=AXIS2_PLACEMENT_3D('',#7397,#5927,#5928);
#5097=AXIS2_PLACEMENT_3D('',#7399,#5929,#5930);
#5098=AXIS2_PLACEMENT_3D('',#7401,#5931,#5932);
#5099=AXIS2_PLACEMENT_3D('',#7403,#5933,#5934);
#5100=AXIS2_PLACEMENT_3D('',#7405,#5935,#5936);
#5101=AXIS2_PLACEMENT_3D('',#7407,#5937,#5938);
#5102=AXIS2_PLACEMENT_3D('',#7409,#5939,#5940);
#5103=AXIS2_PLACEMENT_3D('',#7411,#5941,#5942);
#5104=AXIS2_PLACEMENT_3D('',#7413,#5943,#5944);
#5105=AXIS2_PLACEMENT_3D('',#7415,#5945,#5946);
#5106=AXIS2_PLACEMENT_3D('',#7417,#5947,#5948);
#5107=AXIS2_PLACEMENT_3D('',#7419,#5949,#5950);
#5108=AXIS2_PLACEMENT_3D('',#7421,#5951,#5952);
#5109=AXIS2_PLACEMENT_3D('',#7422,#5953,#5954);
#5110=AXIS2_PLACEMENT_3D('',#7428,#5958,#5959);
#5111=AXIS2_PLACEMENT_3D('',#7432,#5962,#5963);
#5112=AXIS2_PLACEMENT_3D('',#7435,#5965,#5966);
#5113=AXIS2_PLACEMENT_3D('',#7436,#5967,#5968);
#5114=AXIS2_PLACEMENT_3D('',#7440,#5971,#5972);
#5115=AXIS2_PLACEMENT_3D('',#7443,#5974,#5975);
#5116=AXIS2_PLACEMENT_3D('',#7444,#5976,#5977);
#5117=AXIS2_PLACEMENT_3D('',#7447,#5978,#5979);
#5118=AXIS2_PLACEMENT_3D('',#7451,#5981,#5982);
#5119=AXIS2_PLACEMENT_3D('',#7453,#5984,#5985);
#5120=AXIS2_PLACEMENT_3D('',#7456,#5987,#5988);
#5121=AXIS2_PLACEMENT_3D('',#7460,#5991,#5992);
#5122=AXIS2_PLACEMENT_3D('',#7469,#5998,#5999);
#5123=AXIS2_PLACEMENT_3D('',#7471,#6000,#6001);
#5124=AXIS2_PLACEMENT_3D('',#7473,#6002,#6003);
#5125=AXIS2_PLACEMENT_3D('',#7475,#6004,#6005);
#5126=AXIS2_PLACEMENT_3D('',#7477,#6006,#6007);
#5127=AXIS2_PLACEMENT_3D('',#7479,#6008,#6009);
#5128=AXIS2_PLACEMENT_3D('',#7481,#6010,#6011);
#5129=AXIS2_PLACEMENT_3D('',#7483,#6012,#6013);
#5130=AXIS2_PLACEMENT_3D('',#7485,#6014,#6015);
#5131=AXIS2_PLACEMENT_3D('',#7487,#6016,#6017);
#5132=AXIS2_PLACEMENT_3D('',#7489,#6018,#6019);
#5133=AXIS2_PLACEMENT_3D('',#7491,#6020,#6021);
#5134=AXIS2_PLACEMENT_3D('',#7493,#6022,#6023);
#5135=AXIS2_PLACEMENT_3D('',#7494,#6024,#6025);
#5136=AXIS2_PLACEMENT_3D('',#7496,#6027,#6028);
#5137=AXIS2_PLACEMENT_3D('',#7498,#6030,#6031);
#5138=AXIS2_PLACEMENT_3D('',#7500,#6033,#6034);
#5139=AXIS2_PLACEMENT_3D('',#7502,#6036,#6037);
#5140=AXIS2_PLACEMENT_3D('',#7504,#6039,#6040);
#5141=AXIS2_PLACEMENT_3D('',#7506,#6042,#6043);
#5142=AXIS2_PLACEMENT_3D('',#7508,#6045,#6046);
#5143=AXIS2_PLACEMENT_3D('',#7510,#6048,#6049);
#5144=AXIS2_PLACEMENT_3D('',#7512,#6051,#6052);
#5145=AXIS2_PLACEMENT_3D('',#7514,#6054,#6055);
#5146=AXIS2_PLACEMENT_3D('',#7516,#6057,#6058);
#5147=AXIS2_PLACEMENT_3D('',#7518,#6060,#6061);
#5148=AXIS2_PLACEMENT_3D('',#7520,#6063,#6064);
#5149=AXIS2_PLACEMENT_3D('',#7522,#6066,#6067);
#5150=AXIS2_PLACEMENT_3D('',#7524,#6069,#6070);
#5151=AXIS2_PLACEMENT_3D('',#7525,#6071,#6072);
#5152=AXIS2_PLACEMENT_3D('',#7534,#6077,#6078);
#5153=AXIS2_PLACEMENT_3D('',#7536,#6079,#6080);
#5154=AXIS2_PLACEMENT_3D('',#7538,#6081,#6082);
#5155=AXIS2_PLACEMENT_3D('',#7540,#6084,#6085);
#5156=AXIS2_PLACEMENT_3D('',#7546,#6089,#6090);
#5157=AXIS2_PLACEMENT_3D('',#7552,#6094,#6095);
#5158=AXIS2_PLACEMENT_3D('',#7558,#6099,#6100);
#5159=AXIS2_PLACEMENT_3D('',#7563,#6104,#6105);
#5160=AXIS2_PLACEMENT_3D('',#7567,#6108,#6109);
#5161=AXIS2_PLACEMENT_3D('',#7569,#6111,#6112);
#5162=AXIS2_PLACEMENT_3D('',#7571,#6114,#6115);
#5163=AXIS2_PLACEMENT_3D('',#7573,#6117,#6118);
#5164=AXIS2_PLACEMENT_3D('',#7574,#6119,#6120);
#5165=AXIS2_PLACEMENT_3D('',#7575,#6121,#6122);
#5166=AXIS2_PLACEMENT_3D('',#7576,#6123,#6124);
#5167=AXIS2_PLACEMENT_3D('',#7577,#6125,#6126);
#5168=AXIS2_PLACEMENT_3D('',#7579,#6127,#6128);
#5169=AXIS2_PLACEMENT_3D('',#7582,#6130,#6131);
#5170=AXIS2_PLACEMENT_3D('',#7583,#6132,#6133);
#5171=AXIS2_PLACEMENT_3D('',#7585,#6134,#6135);
#5172=AXIS2_PLACEMENT_3D('',#7588,#6137,#6138);
#5173=AXIS2_PLACEMENT_3D('',#7589,#6139,#6140);
#5174=AXIS2_PLACEMENT_3D('',#7591,#6141,#6142);
#5175=AXIS2_PLACEMENT_3D('',#7594,#6144,#6145);
#5176=AXIS2_PLACEMENT_3D('',#7595,#6146,#6147);
#5177=AXIS2_PLACEMENT_3D('',#7604,#6152,#6153);
#5178=AXIS2_PLACEMENT_3D('',#7610,#6157,#6158);
#5179=AXIS2_PLACEMENT_3D('',#7616,#6162,#6163);
#5180=AXIS2_PLACEMENT_3D('',#7619,#6166,#6167);
#5181=AXIS2_PLACEMENT_3D('',#7621,#6168,#6169);
#5182=AXIS2_PLACEMENT_3D('',#7624,#6171,#6172);
#5183=AXIS2_PLACEMENT_3D('',#7625,#6173,#6174);
#5184=AXIS2_PLACEMENT_3D('',#7627,#6175,#6176);
#5185=AXIS2_PLACEMENT_3D('',#7630,#6178,#6179);
#5186=AXIS2_PLACEMENT_3D('',#7631,#6180,#6181);
#5187=AXIS2_PLACEMENT_3D('',#7633,#6182,#6183);
#5188=AXIS2_PLACEMENT_3D('',#7636,#6185,#6186);
#5189=AXIS2_PLACEMENT_3D('',#7637,#6187,#6188);
#5190=AXIS2_PLACEMENT_3D('',#7639,#6189,#6190);
#5191=AXIS2_PLACEMENT_3D('',#7642,#6192,#6193);
#5192=AXIS2_PLACEMENT_3D('',#7643,#6194,#6195);
#5193=AXIS2_PLACEMENT_3D('',#7645,#6196,#6197);
#5194=AXIS2_PLACEMENT_3D('',#7648,#6199,#6200);
#5195=AXIS2_PLACEMENT_3D('',#7649,#6201,#6202);
#5196=AXIS2_PLACEMENT_3D('',#7651,#6203,#6204);
#5197=AXIS2_PLACEMENT_3D('',#7654,#6206,#6207);
#5198=AXIS2_PLACEMENT_3D('',#7655,#6208,#6209);
#5199=AXIS2_PLACEMENT_3D('',#7657,#6210,#6211);
#5200=AXIS2_PLACEMENT_3D('',#7660,#6213,#6214);
#5201=AXIS2_PLACEMENT_3D('',#7661,#6215,#6216);
#5202=AXIS2_PLACEMENT_3D('',#7663,#6217,#6218);
#5203=AXIS2_PLACEMENT_3D('',#7666,#6220,#6221);
#5204=AXIS2_PLACEMENT_3D('',#7667,#6222,#6223);
#5205=AXIS2_PLACEMENT_3D('',#7677,#6225,#6226);
#5206=AXIS2_PLACEMENT_3D('',#7685,#6228,#6229);
#5207=AXIS2_PLACEMENT_3D('',#7718,#6235,#6236);
#5208=AXIS2_PLACEMENT_3D('',#7719,#6237,#6238);
#5209=AXIS2_PLACEMENT_3D('',#7723,#6241,#6242);
#5210=AXIS2_PLACEMENT_3D('',#7725,#6243,#6244);
#5211=AXIS2_PLACEMENT_3D('',#7728,#6246,#6247);
#5212=AXIS2_PLACEMENT_3D('',#7729,#6248,#6249);
#5213=AXIS2_PLACEMENT_3D('',#7733,#6252,#6253);
#5214=AXIS2_PLACEMENT_3D('',#7757,#6257,#6258);
#5215=AXIS2_PLACEMENT_3D('',#7759,#6260,#6261);
#5216=AXIS2_PLACEMENT_3D('',#7760,#6262,#6263);
#5217=AXIS2_PLACEMENT_3D('',#7769,#6268,#6269);
#5218=AXIS2_PLACEMENT_3D('',#7774,#6271,#6272);
#5219=AXIS2_PLACEMENT_3D('',#7776,#6273,#6274);
#5220=AXIS2_PLACEMENT_3D('',#7779,#6276,#6277);
#5221=AXIS2_PLACEMENT_3D('',#7780,#6278,#6279);
#5222=AXIS2_PLACEMENT_3D('',#7812,#6283,#6284);
#5223=AXIS2_PLACEMENT_3D('',#7814,#6285,#6286);
#5224=AXIS2_PLACEMENT_3D('',#7816,#6288,#6289);
#5225=AXIS2_PLACEMENT_3D('',#7851,#6293,#6294);
#5226=AXIS2_PLACEMENT_3D('',#7855,#6297,#6298);
#5227=AXIS2_PLACEMENT_3D('',#7857,#6300,#6301);
#5228=AXIS2_PLACEMENT_3D('',#7858,#6302,#6303);
#5229=AXIS2_PLACEMENT_3D('',#7867,#6308,#6309);
#5230=AXIS2_PLACEMENT_3D('',#7872,#6311,#6312);
#5231=AXIS2_PLACEMENT_3D('',#7874,#6313,#6314);
#5232=AXIS2_PLACEMENT_3D('',#7877,#6316,#6317);
#5233=AXIS2_PLACEMENT_3D('',#7906,#6319,#6320);
#5234=AXIS2_PLACEMENT_3D('',#7910,#6323,#6324);
#5235=AXIS2_PLACEMENT_3D('',#7924,#6326,#6327);
#5236=AXIS2_PLACEMENT_3D('',#7925,#6328,#6329);
#5237=AXIS2_PLACEMENT_3D('',#7958,#6333,#6334);
#5238=AXIS2_PLACEMENT_3D('',#7960,#6336,#6337);
#5239=AXIS2_PLACEMENT_3D('',#7961,#6338,#6339);
#5240=AXIS2_PLACEMENT_3D('',#7963,#6341,#6342);
#5241=AXIS2_PLACEMENT_3D('',#7972,#6347,#6348);
#5242=AXIS2_PLACEMENT_3D('',#7977,#6350,#6351);
#5243=AXIS2_PLACEMENT_3D('',#7980,#6353,#6354);
#5244=AXIS2_PLACEMENT_3D('',#7981,#6355,#6356);
#5245=AXIS2_PLACEMENT_3D('',#8018,#6360,#6361);
#5246=AXIS2_PLACEMENT_3D('',#8031,#6363,#6364);
#5247=AXIS2_PLACEMENT_3D('',#8064,#6368,#6369);
#5248=AXIS2_PLACEMENT_3D('',#8066,#6371,#6372);
#5249=AXIS2_PLACEMENT_3D('',#8067,#6373,#6374);
#5250=AXIS2_PLACEMENT_3D('',#8073,#6378,#6379);
#5251=AXIS2_PLACEMENT_3D('',#8079,#6383,#6384);
#5252=AXIS2_PLACEMENT_3D('',#8087,#6389,#6390);
#5253=AXIS2_PLACEMENT_3D('',#8093,#6394,#6395);
#5254=AXIS2_PLACEMENT_3D('',#8103,#6401,#6402);
#5255=AXIS2_PLACEMENT_3D('',#8111,#6407,#6408);
#5256=AXIS2_PLACEMENT_3D('',#8115,#6411,#6412);
#5257=AXIS2_PLACEMENT_3D('',#8121,#6416,#6417);
#5258=AXIS2_PLACEMENT_3D('',#8129,#6422,#6423);
#5259=AXIS2_PLACEMENT_3D('',#8131,#6424,#6425);
#5260=AXIS2_PLACEMENT_3D('',#8134,#6427,#6428);
#5261=AXIS2_PLACEMENT_3D('',#8135,#6429,#6430);
#5262=AXIS2_PLACEMENT_3D('',#8137,#6431,#6432);
#5263=AXIS2_PLACEMENT_3D('',#8139,#6434,#6435);
#5264=AXIS2_PLACEMENT_3D('',#8141,#6437,#6438);
#5265=AXIS2_PLACEMENT_3D('',#8143,#6440,#6441);
#5266=AXIS2_PLACEMENT_3D('',#8145,#6442,#6443);
#5267=AXIS2_PLACEMENT_3D('',#8147,#6445,#6446);
#5268=AXIS2_PLACEMENT_3D('',#8149,#6448,#6449);
#5269=AXIS2_PLACEMENT_3D('',#8153,#6451,#6452);
#5270=AXIS2_PLACEMENT_3D('',#8156,#6454,#6455);
#5271=AXIS2_PLACEMENT_3D('',#8157,#6456,#6457);
#5272=AXIS2_PLACEMENT_3D('',#8160,#6460,#6461);
#5273=AXIS2_PLACEMENT_3D('',#8163,#6463,#6464);
#5274=AXIS2_PLACEMENT_3D('',#8164,#6465,#6466);
#5275=AXIS2_PLACEMENT_3D('',#8165,#6467,#6468);
#5276=AXIS2_PLACEMENT_3D('',#8167,#6470,#6471);
#5277=AXIS2_PLACEMENT_3D('',#8171,#6474,#6475);
#5278=AXIS2_PLACEMENT_3D('',#8173,#6477,#6478);
#5279=AXIS2_PLACEMENT_3D('',#8175,#6480,#6481);
#5280=AXIS2_PLACEMENT_3D('',#8176,#6482,#6483);
#5281=AXIS2_PLACEMENT_3D('',#8178,#6484,#6485);
#5282=AXIS2_PLACEMENT_3D('',#8180,#6487,#6488);
#5283=AXIS2_PLACEMENT_3D('',#8181,#6489,#6490);
#5284=AXIS2_PLACEMENT_3D('',#8187,#6494,#6495);
#5285=AXIS2_PLACEMENT_3D('',#8188,#6496,#6497);
#5286=AXIS2_PLACEMENT_3D('',#8191,#6499,#6500);
#5287=AXIS2_PLACEMENT_3D('',#8192,#6501,#6502);
#5288=AXIS2_PLACEMENT_3D('',#8196,#6505,#6506);
#5289=AXIS2_PLACEMENT_3D('',#8200,#6508,#6509);
#5290=AXIS2_PLACEMENT_3D('',#8202,#6511,#6512);
#5291=AXIS2_PLACEMENT_3D('',#8203,#6513,#6514);
#5292=AXIS2_PLACEMENT_3D('',#8204,#6515,#6516);
#5293=AXIS2_PLACEMENT_3D('',#8222,#6526,#6527);
#5294=AXIS2_PLACEMENT_3D('',#8225,#6530,#6531);
#5295=AXIS2_PLACEMENT_3D('',#8227,#6533,#6534);
#5296=AXIS2_PLACEMENT_3D('',#8228,#6535,#6536);
#5297=AXIS2_PLACEMENT_3D('',#8230,#6538,#6539);
#5298=AXIS2_PLACEMENT_3D('',#8231,#6540,#6541);
#5299=AXIS2_PLACEMENT_3D('',#8232,#6542,#6543);
#5300=AXIS2_PLACEMENT_3D('',#8234,#6544,#6545);
#5301=AXIS2_PLACEMENT_3D('',#8236,#6547,#6548);
#5302=AXIS2_PLACEMENT_3D('',#8240,#6551,#6552);
#5303=AXIS2_PLACEMENT_3D('',#8243,#6555,#6556);
#5304=AXIS2_PLACEMENT_3D('',#8245,#6558,#6559);
#5305=AXIS2_PLACEMENT_3D('',#8247,#6561,#6562);
#5306=AXIS2_PLACEMENT_3D('',#8248,#6563,#6564);
#5307=AXIS2_PLACEMENT_3D('',#8265,#6573,#6574);
#5308=AXIS2_PLACEMENT_3D('',#8268,#6577,#6578);
#5309=AXIS2_PLACEMENT_3D('',#8270,#6580,#6581);
#5310=AXIS2_PLACEMENT_3D('',#8272,#6583,#6584);
#5311=AXIS2_PLACEMENT_3D('',#8273,#6585,#6586);
#5312=AXIS2_PLACEMENT_3D('',#8276,#6589,#6590);
#5313=AXIS2_PLACEMENT_3D('',#8278,#6592,#6593);
#5314=AXIS2_PLACEMENT_3D('',#8280,#6595,#6596);
#5315=AXIS2_PLACEMENT_3D('',#8281,#6597,#6598);
#5316=AXIS2_PLACEMENT_3D('',#8283,#6599,#6600);
#5317=AXIS2_PLACEMENT_3D('',#8286,#6602,#6603);
#5318=AXIS2_PLACEMENT_3D('',#8287,#6604,#6605);
#5319=AXIS2_PLACEMENT_3D('',#8289,#6606,#6607);
#5320=AXIS2_PLACEMENT_3D('',#8292,#6609,#6610);
#5321=AXIS2_PLACEMENT_3D('',#8293,#6611,#6612);
#5322=AXIS2_PLACEMENT_3D('',#8295,#6613,#6614);
#5323=AXIS2_PLACEMENT_3D('',#8298,#6616,#6617);
#5324=AXIS2_PLACEMENT_3D('',#8299,#6618,#6619);
#5325=AXIS2_PLACEMENT_3D('',#8301,#6620,#6621);
#5326=AXIS2_PLACEMENT_3D('',#8304,#6623,#6624);
#5327=AXIS2_PLACEMENT_3D('',#8305,#6625,#6626);
#5328=AXIS2_PLACEMENT_3D('',#8307,#6627,#6628);
#5329=AXIS2_PLACEMENT_3D('',#8310,#6630,#6631);
#5330=AXIS2_PLACEMENT_3D('',#8311,#6632,#6633);
#5331=AXIS2_PLACEMENT_3D('',#8313,#6634,#6635);
#5332=AXIS2_PLACEMENT_3D('',#8316,#6637,#6638);
#5333=AXIS2_PLACEMENT_3D('',#8317,#6639,#6640);
#5334=AXIS2_PLACEMENT_3D('',#8319,#6641,#6642);
#5335=AXIS2_PLACEMENT_3D('',#8322,#6644,#6645);
#5336=AXIS2_PLACEMENT_3D('',#8323,#6646,#6647);
#5337=AXIS2_PLACEMENT_3D('',#8325,#6648,#6649);
#5338=AXIS2_PLACEMENT_3D('',#8328,#6651,#6652);
#5339=AXIS2_PLACEMENT_3D('',#8329,#6653,#6654);
#5340=AXIS2_PLACEMENT_3D('',#8331,#6655,#6656);
#5341=AXIS2_PLACEMENT_3D('',#8334,#6658,#6659);
#5342=AXIS2_PLACEMENT_3D('',#8335,#6660,#6661);
#5343=AXIS2_PLACEMENT_3D('',#8337,#6662,#6663);
#5344=AXIS2_PLACEMENT_3D('',#8340,#6665,#6666);
#5345=AXIS2_PLACEMENT_3D('',#8341,#6667,#6668);
#5346=AXIS2_PLACEMENT_3D('',#8343,#6669,#6670);
#5347=AXIS2_PLACEMENT_3D('',#8346,#6672,#6673);
#5348=AXIS2_PLACEMENT_3D('',#8347,#6674,#6675);
#5349=AXIS2_PLACEMENT_3D('',#8349,#6676,#6677);
#5350=AXIS2_PLACEMENT_3D('',#8352,#6679,#6680);
#5351=AXIS2_PLACEMENT_3D('',#8353,#6681,#6682);
#5352=AXIS2_PLACEMENT_3D('',#8355,#6683,#6684);
#5353=AXIS2_PLACEMENT_3D('',#8358,#6686,#6687);
#5354=AXIS2_PLACEMENT_3D('',#8359,#6688,#6689);
#5355=AXIS2_PLACEMENT_3D('',#8362,#6690,#6691);
#5356=AXIS2_PLACEMENT_3D('',#8366,#6693,#6694);
#5357=AXIS2_PLACEMENT_3D('',#8368,#6696,#6697);
#5358=AXIS2_PLACEMENT_3D('',#8374,#6701,#6702);
#5359=AXIS2_PLACEMENT_3D('',#8378,#6704,#6705);
#5360=AXIS2_PLACEMENT_3D('',#8382,#6707,#6708);
#5361=AXIS2_PLACEMENT_3D('',#8385,#6710,#6711);
#5362=AXIS2_PLACEMENT_3D('',#8386,#6712,#6713);
#5363=AXIS2_PLACEMENT_3D('',#8389,#6714,#6715);
#5364=AXIS2_PLACEMENT_3D('',#8392,#6718,#6719);
#5365=AXIS2_PLACEMENT_3D('',#8396,#6722,#6723);
#5366=AXIS2_PLACEMENT_3D('',#8398,#6724,#6725);
#5367=AXIS2_PLACEMENT_3D('',#8400,#6727,#6728);
#5368=AXIS2_PLACEMENT_3D('',#8403,#6730,#6731);
#5369=AXIS2_PLACEMENT_3D('',#8404,#6732,#6733);
#5370=AXIS2_PLACEMENT_3D('',#8406,#6735,#6736);
#5371=AXIS2_PLACEMENT_3D('',#8408,#6738,#6739);
#5372=DIRECTION('axis',(0.,0.,1.));
#5373=DIRECTION('refdir',(1.,0.,0.));
#5374=DIRECTION('center_axis',(0.,0.,1.));
#5375=DIRECTION('ref_axis',(1.,0.,0.));
#5376=DIRECTION('center_axis',(0.,0.,-1.));
#5377=DIRECTION('ref_axis',(1.,0.,0.));
#5378=DIRECTION('',(0.707106781186547,-8.65956056235493E-17,-0.707106781186548));
#5379=DIRECTION('center_axis',(0.,0.,-1.));
#5380=DIRECTION('ref_axis',(1.,0.,0.));
#5381=DIRECTION('center_axis',(0.,0.,-1.));
#5382=DIRECTION('ref_axis',(1.,0.,0.));
#5383=DIRECTION('',(0.,0.,-1.));
#5384=DIRECTION('center_axis',(0.,0.,1.));
#5385=DIRECTION('ref_axis',(1.,0.,0.));
#5386=DIRECTION('center_axis',(0.,0.,1.));
#5387=DIRECTION('ref_axis',(1.,0.,0.));
#5388=DIRECTION('center_axis',(0.,0.,-1.));
#5389=DIRECTION('ref_axis',(1.,0.,0.));
#5390=DIRECTION('',(0.707106781186547,-8.65956056235493E-17,-0.707106781186548));
#5391=DIRECTION('center_axis',(0.,0.,-1.));
#5392=DIRECTION('ref_axis',(1.,0.,0.));
#5393=DIRECTION('center_axis',(0.,0.,-1.));
#5394=DIRECTION('ref_axis',(1.,0.,0.));
#5395=DIRECTION('',(0.,0.,-1.));
#5396=DIRECTION('center_axis',(0.,0.,1.));
#5397=DIRECTION('ref_axis',(1.,0.,0.));
#5398=DIRECTION('center_axis',(1.,0.,0.));
#5399=DIRECTION('ref_axis',(0.,0.,-1.));
#5400=DIRECTION('',(0.,-1.,0.));
#5401=DIRECTION('',(0.,0.,1.));
#5402=DIRECTION('',(0.,1.,0.));
#5403=DIRECTION('',(0.,0.,-1.));
#5404=DIRECTION('center_axis',(0.,1.,0.));
#5405=DIRECTION('ref_axis',(0.,0.,-1.));
#5406=DIRECTION('center_axis',(0.,-1.,0.));
#5407=DIRECTION('ref_axis',(0.,0.,-1.));
#5408=DIRECTION('center_axis',(0.,1.,0.));
#5409=DIRECTION('ref_axis',(0.,0.,-1.));
#5410=DIRECTION('',(7.77287036168162E-31,1.,-1.33314403883136E-45));
#5411=DIRECTION('center_axis',(0.,1.,0.));
#5412=DIRECTION('ref_axis',(-1.77635683940025E-13,0.,-1.));
#5413=DIRECTION('',(0.,-1.,0.));
#5414=DIRECTION('center_axis',(0.,1.,0.));
#5415=DIRECTION('ref_axis',(0.,0.,-1.));
#5416=DIRECTION('',(7.77287036168162E-31,1.,-1.33314403883136E-45));
#5417=DIRECTION('center_axis',(0.,1.,0.));
#5418=DIRECTION('ref_axis',(0.,0.,-1.));
#5419=DIRECTION('',(1.71512449944288E-15,0.,1.));
#5420=DIRECTION('center_axis',(0.,1.,0.));
#5421=DIRECTION('ref_axis',(0.,0.,-1.));
#5422=DIRECTION('',(-2.1445975467084E-15,0.,-1.));
#5423=DIRECTION('',(1.,0.,-1.71512449944288E-15));
#5424=DIRECTION('center_axis',(0.,-1.,0.));
#5425=DIRECTION('ref_axis',(0.,0.,1.));
#5426=DIRECTION('',(-1.71512449944288E-15,0.,-1.));
#5427=DIRECTION('',(-1.,0.,1.71512449944288E-15));
#5428=DIRECTION('',(2.1445975467084E-15,0.,1.));
#5429=DIRECTION('center_axis',(0.,-1.,0.));
#5430=DIRECTION('ref_axis',(0.,0.,-1.));
#5431=DIRECTION('center_axis',(-1.,0.,1.71512449944288E-15));
#5432=DIRECTION('ref_axis',(1.71512449944288E-15,0.,1.));
#5433=DIRECTION('',(-6.2898504576894E-30,1.,-3.66728506282343E-15));
#5434=DIRECTION('',(-1.71512449944288E-15,0.,-1.));
#5435=DIRECTION('',(0.,-1.,0.));
#5436=DIRECTION('',(0.,-1.,0.));
#5437=DIRECTION('center_axis',(1.71512449944288E-15,3.66728506282343E-15,
1.));
#5438=DIRECTION('ref_axis',(-6.2898504576894E-30,1.,-3.66728506282343E-15));
#5439=DIRECTION('',(6.2898504576894E-30,-1.,3.66728506282343E-15));
#5440=DIRECTION('',(-1.,0.,1.71512449944288E-15));
#5441=DIRECTION('center_axis',(1.,-7.77287036168162E-31,-2.1445975467084E-15));
#5442=DIRECTION('ref_axis',(-2.1445975467084E-15,0.,-1.));
#5443=DIRECTION('',(0.,1.,0.));
#5444=DIRECTION('',(1.71512449944288E-15,0.,1.));
#5445=DIRECTION('center_axis',(0.999644633961771,0.0266571902389806,0.));
#5446=DIRECTION('ref_axis',(0.,0.,-1.));
#5447=DIRECTION('',(-0.999644633961771,-0.0266571902389806,3.46944695195361E-18));
#5448=DIRECTION('',(0.999644633961771,0.0266571902389806,0.));
#5449=DIRECTION('center_axis',(0.999644633961771,0.0266571902389806,0.));
#5450=DIRECTION('ref_axis',(0.,-2.22044604925031E-15,-1.));
#5451=DIRECTION('center_axis',(0.0266571902389807,-0.999644633961771,2.74165938437949E-15));
#5452=DIRECTION('ref_axis',(0.999289394208563,0.026647717178895,-0.0266571902389806));
#5453=DIRECTION('',(0.999644633961771,0.0266571902389807,-3.46944695195376E-18));
#5454=DIRECTION('',(-4.509992019704E-17,1.83674693893656E-15,1.));
#5455=DIRECTION('',(-0.999644633961771,-0.0266571902389808,9.71445146547016E-17));
#5456=DIRECTION('',(-4.509992019704E-17,1.83674693893656E-15,1.));
#5457=DIRECTION('',(-0.999644633961771,-0.0266571902389806,3.24740234702858E-15));
#5458=DIRECTION('center_axis',(-0.999644633961771,-0.0266571902389806,3.46944695195361E-18));
#5459=DIRECTION('ref_axis',(-4.16304732450864E-17,1.8368553591538E-15,1.));
#5460=DIRECTION('',(-0.0266571902389806,0.999644633961771,-1.83751326051173E-15));
#5461=DIRECTION('',(-4.509992019704E-17,1.83674693893656E-15,1.));
#5462=DIRECTION('',(-0.0266571902389806,0.999644633961771,-1.83751326051173E-15));
#5463=DIRECTION('center_axis',(-3.19536064274928E-15,-1.92326623377204E-15,
-1.));
#5464=DIRECTION('ref_axis',(-0.999644633961771,-0.0266571902389806,3.24740234702858E-15));
#5465=DIRECTION('',(-0.999644633961771,-0.0266571902389806,3.24740234702858E-15));
#5466=DIRECTION('',(-0.0266571902389806,0.999644633961771,-1.83751326051173E-15));
#5467=DIRECTION('center_axis',(-0.999644633961771,-0.0266571902389806,0.));
#5468=DIRECTION('ref_axis',(0.,0.,1.));
#5469=DIRECTION('center_axis',(0.999644633961771,0.0266571902389806,0.));
#5470=DIRECTION('ref_axis',(0.,-4.44089209850062E-15,-1.));
#5471=DIRECTION('',(0.,0.,-1.));
#5472=DIRECTION('',(0.,0.,1.));
#5473=DIRECTION('',(0.,0.,1.));
#5474=DIRECTION('',(-0.0266571902389806,0.999644633961771,-1.83751326051173E-15));
#5475=DIRECTION('center_axis',(0.999644633961771,0.0266571902389806,-3.46944695195361E-18));
#5476=DIRECTION('ref_axis',(4.16304732450864E-17,-1.8368553591538E-15,-1.));
#5477=DIRECTION('',(4.509992019704E-17,-1.83674693893656E-15,-1.));
#5478=DIRECTION('',(-0.0266571902389806,0.999644633961771,-1.83751326051173E-15));
#5479=DIRECTION('center_axis',(5.20417042793042E-17,1.83945740583891E-15,
1.));
#5480=DIRECTION('ref_axis',(0.999644633961771,0.0266571902389808,-9.71445146547016E-17));
#5481=DIRECTION('',(0.999644633961771,0.0266571902389808,-9.71445146547016E-17));
#5482=DIRECTION('center_axis',(0.999644633961771,0.0266571902389806,0.));
#5483=DIRECTION('ref_axis',(0.,0.,-1.));
#5484=DIRECTION('',(-0.999644633961771,-0.0266571902389806,0.));
#5485=DIRECTION('center_axis',(-0.0266571902389806,0.999644633961771,-1.83751326051173E-15));
#5486=DIRECTION('ref_axis',(-0.999289394208563,-0.026647717178895,0.0266571902389806));
#5487=DIRECTION('center_axis',(0.,1.,0.));
#5488=DIRECTION('ref_axis',(0.,0.,-1.));
#5489=DIRECTION('center_axis',(0.,-1.,0.));
#5490=DIRECTION('ref_axis',(-1.,0.,-5.41233724504766E-15));
#5491=DIRECTION('',(0.,1.,0.));
#5492=DIRECTION('center_axis',(0.,1.,0.));
#5493=DIRECTION('ref_axis',(-1.77635683940025E-13,0.,-1.));
#5494=DIRECTION('',(0.,-1.,0.));
#5495=DIRECTION('center_axis',(1.,-7.77287036168162E-31,-2.1445975467084E-15));
#5496=DIRECTION('ref_axis',(-2.1445975467084E-15,0.,-1.));
#5497=DIRECTION('',(6.2898504576894E-30,-1.,3.66728506282343E-15));
#5498=DIRECTION('',(1.71512449944288E-15,0.,1.));
#5499=DIRECTION('',(0.,-1.,0.));
#5500=DIRECTION('center_axis',(0.,-1.,0.));
#5501=DIRECTION('ref_axis',(1.71512449944288E-15,0.,1.));
#5502=DIRECTION('',(-1.,0.,1.71512449944288E-15));
#5503=DIRECTION('',(1.71512449944288E-15,0.,1.));
#5504=DIRECTION('',(-1.,0.,1.71512449944288E-15));
#5505=DIRECTION('center_axis',(-1.71512449944288E-15,0.,-1.));
#5506=DIRECTION('ref_axis',(0.,-1.,0.));
#5507=DIRECTION('',(0.,-1.,0.));
#5508=DIRECTION('',(-1.,0.,1.71512449944288E-15));
#5509=DIRECTION('center_axis',(0.,-1.,0.));
#5510=DIRECTION('ref_axis',(0.,0.,-1.));
#5511=DIRECTION('',(0.,0.,-1.));
#5512=DIRECTION('center_axis',(0.,1.,0.));
#5513=DIRECTION('ref_axis',(0.,0.,1.));
#5514=DIRECTION('',(-1.,0.,1.71512449944288E-15));
#5515=DIRECTION('center_axis',(-1.71512449944288E-15,0.,-1.));
#5516=DIRECTION('ref_axis',(0.,-1.,0.));
#5517=DIRECTION('',(-1.,0.,1.71512449944288E-15));
#5518=DIRECTION('center_axis',(0.,1.,0.));
#5519=DIRECTION('ref_axis',(-1.71512449944288E-15,0.,-1.));
#5520=DIRECTION('center_axis',(1.71512449944288E-15,3.66728506282343E-15,
1.));
#5521=DIRECTION('ref_axis',(-6.2898504576894E-30,1.,-3.66728506282343E-15));
#5522=DIRECTION('',(-6.2898504576894E-30,1.,-3.66728506282343E-15));
#5523=DIRECTION('center_axis',(-1.,0.,1.71512449944288E-15));
#5524=DIRECTION('ref_axis',(1.71512449944288E-15,0.,1.));
#5525=DIRECTION('center_axis',(-0.999644633961771,0.0266571902389805,0.));
#5526=DIRECTION('ref_axis',(0.,0.,-1.));
#5527=DIRECTION('',(0.999644633961771,-0.0266571902389805,-3.46944695195361E-18));
#5528=DIRECTION('center_axis',(0.999644633961771,-0.0266571902389805,0.));
#5529=DIRECTION('ref_axis',(-0.0266571902389811,-0.999644633961771,5.27355936696949E-15));
#5530=DIRECTION('',(-0.999644633961771,0.0266571902389805,0.));
#5531=DIRECTION('center_axis',(0.0266571902389801,0.999644633961771,-2.3871219171962E-15));
#5532=DIRECTION('ref_axis',(0.999289394208563,-0.0266477171788946,-0.0266571902389805));
#5533=DIRECTION('',(-0.999644633961771,0.0266571902389801,3.46944695195428E-18));
#5534=DIRECTION('',(-0.999644633961771,0.0266571902389805,-5.67254576644416E-15));
#5535=DIRECTION('',(4.85751475057075E-17,1.71466569725696E-15,1.));
#5536=DIRECTION('',(0.999644633961771,-0.0266571902389795,-1.00613961606656E-16));
#5537=DIRECTION('',(4.85751475057075E-17,1.71466569725696E-15,1.));
#5538=DIRECTION('center_axis',(0.999644633961771,-0.0266571902389805,-3.46944695195361E-18));
#5539=DIRECTION('ref_axis',(5.20445944576612E-17,1.71466569725696E-15,1.));
#5540=DIRECTION('',(-0.0266571902389805,-0.999644633961771,1.71524282003194E-15));
#5541=DIRECTION('',(4.85751475057075E-17,1.71466569725696E-15,1.));
#5542=DIRECTION('',(-0.0266571902389805,-0.999644633961771,1.71524282003194E-15));
#5543=DIRECTION('',(0.,0.,-1.));
#5544=DIRECTION('',(0.,0.,-1.));
#5545=DIRECTION('center_axis',(-0.999644633961771,0.0266571902389805,0.));
#5546=DIRECTION('ref_axis',(0.,0.,1.));
#5547=DIRECTION('center_axis',(-0.999644633961771,0.0266571902389805,0.));
#5548=DIRECTION('ref_axis',(0.,0.,-1.));
#5549=DIRECTION('',(-0.0266571902389805,-0.999644633961771,1.71524282003194E-15));
#5550=DIRECTION('center_axis',(5.62397350911681E-15,-1.86591193884755E-15,
-1.));
#5551=DIRECTION('ref_axis',(0.999644633961771,-0.0266571902389805,5.67254576644416E-15));
#5552=DIRECTION('',(0.999644633961771,-0.0266571902389805,5.67254576644416E-15));
#5553=DIRECTION('',(-0.0266571902389805,-0.999644633961771,1.71524282003194E-15));
#5554=DIRECTION('center_axis',(-0.999644633961771,0.0266571902389805,3.46944695195361E-18));
#5555=DIRECTION('ref_axis',(-5.20445944576612E-17,-1.71466569725696E-15,
-1.));
#5556=DIRECTION('',(-4.85751475057075E-17,-1.71466569725696E-15,-1.));
#5557=DIRECTION('',(-0.0266571902389805,-0.999644633961771,1.71524282003194E-15));
#5558=DIRECTION('center_axis',(1.49186218934005E-16,1.71195523035461E-15,
1.));
#5559=DIRECTION('ref_axis',(-0.999644633961771,0.0266571902389795,1.00613961606656E-16));
#5560=DIRECTION('',(-0.999644633961771,0.0266571902389795,1.00613961606656E-16));
#5561=DIRECTION('center_axis',(-0.999644633961771,0.0266571902389805,0.));
#5562=DIRECTION('ref_axis',(0.,0.,-1.));
#5563=DIRECTION('',(0.999644633961771,-0.0266571902389805,0.));
#5564=DIRECTION('center_axis',(-0.0266571902389805,-0.999644633961771,1.71524282003194E-15));
#5565=DIRECTION('ref_axis',(-0.999289394208563,0.026647717178895,0.0266571902389805));
#5566=DIRECTION('center_axis',(1.,0.,0.));
#5567=DIRECTION('ref_axis',(0.,1.,0.));
#5568=DIRECTION('',(0.,1.,0.));
#5569=DIRECTION('',(0.,-1.,0.));
#5570=DIRECTION('center_axis',(0.,0.,1.));
#5571=DIRECTION('ref_axis',(1.,0.,0.));
#5572=DIRECTION('center_axis',(0.,0.,1.));
#5573=DIRECTION('ref_axis',(1.,0.,0.));
#5574=DIRECTION('center_axis',(-1.,0.,8.82055185704388E-15));
#5575=DIRECTION('ref_axis',(8.82055185704388E-15,0.,1.));
#5576=DIRECTION('',(0.,-1.,0.));
#5577=DIRECTION('',(8.82055185704388E-15,-5.39030285815812E-15,1.));
#5578=DIRECTION('',(0.,1.,5.9211894646675E-15));
#5579=DIRECTION('',(0.,1.71512449944288E-15,-1.));
#5580=DIRECTION('center_axis',(-1.,0.,8.91258179574364E-15));
#5581=DIRECTION('ref_axis',(8.91258179574364E-15,0.,1.));
#5582=DIRECTION('',(0.,-1.,0.));
#5583=DIRECTION('',(8.91258179574364E-15,-1.7764475537821E-15,1.));
#5584=DIRECTION('',(-5.27730854319446E-29,-1.,-5.9211894646675E-15));
#5585=DIRECTION('',(-8.91258179574364E-15,5.3289798038189E-15,-1.));
#5586=DIRECTION('center_axis',(0.,1.,1.71512449944288E-15));
#5587=DIRECTION('ref_axis',(-1.,0.,0.));
#5588=DIRECTION('',(-1.,0.,0.));
#5589=DIRECTION('',(-1.,0.,0.));
#5590=DIRECTION('',(0.,1.71512449944288E-15,-1.));
#5591=DIRECTION('center_axis',(-2.80359349652817E-18,-1.,-1.7764475537821E-15));
#5592=DIRECTION('ref_axis',(1.,-2.80359349652817E-18,-4.8085118923742E-33));
#5593=DIRECTION('',(1.,0.,0.));
#5594=DIRECTION('',(0.,1.77635683940025E-15,-1.));
#5595=DIRECTION('',(-1.,2.80359349652817E-18,1.66006082748529E-32));
#5596=DIRECTION('center_axis',(-2.80359349652817E-18,1.,5.3289798038189E-15));
#5597=DIRECTION('ref_axis',(1.,2.80359349652817E-18,1.51122180374493E-32));
#5598=DIRECTION('',(-1.,-2.80359349652817E-18,-1.66006082748529E-32));
#5599=DIRECTION('',(0.,5.3289798038189E-15,-1.));
#5600=DIRECTION('',(-1.,-2.80359349657517E-18,8.82055185704388E-15));
#5601=DIRECTION('center_axis',(0.,5.9211894646675E-15,-1.));
#5602=DIRECTION('ref_axis',(-1.,0.,0.));
#5603=DIRECTION('',(1.,0.,0.));
#5604=DIRECTION('',(0.,-1.,0.));
#5605=DIRECTION('',(0.,-1.,-5.9211894646675E-15));
#5606=DIRECTION('center_axis',(1.,0.,0.));
#5607=DIRECTION('ref_axis',(0.,0.,-1.));
#5608=DIRECTION('',(0.,1.,1.71512449944288E-15));
#5609=DIRECTION('center_axis',(-8.82055185704388E-15,0.,-1.));
#5610=DIRECTION('ref_axis',(0.,-1.,0.));
#5611=DIRECTION('',(1.,4.75454458855556E-29,-8.82055185704388E-15));
#5612=DIRECTION('',(0.,1.,5.39030285815812E-15));
#5613=DIRECTION('center_axis',(1.,0.,0.));
#5614=DIRECTION('ref_axis',(0.,0.,-1.));
#5615=DIRECTION('',(0.,-5.39030285815812E-15,1.));
#5616=DIRECTION('center_axis',(0.,-1.,-5.39030285815812E-15));
#5617=DIRECTION('ref_axis',(-1.,0.,0.));
#5618=DIRECTION('center_axis',(-1.83667601732678E-48,-1.,-3.22223862688879E-50));
#5619=DIRECTION('ref_axis',(0.,3.22223862688879E-50,-1.));
#5620=DIRECTION('center_axis',(-1.22464679914735E-16,-1.,1.22464679914736E-16));
#5621=DIRECTION('ref_axis',(1.49975978266186E-32,1.22464679914736E-16,1.));
#5622=DIRECTION('',(-1.,1.83667601732678E-48,1.49975978266186E-32));
#5623=DIRECTION('center_axis',(-1.22464679914735E-16,-1.,1.22464679914736E-16));
#5624=DIRECTION('ref_axis',(1.,-1.22464679914735E-16,-1.66533453693773E-15));
#5625=DIRECTION('',(1.71512449944288E-15,-3.2222386268891E-50,1.));
#5626=DIRECTION('',(1.,-1.83667601732678E-48,-1.71512449944288E-15));
#5627=DIRECTION('',(1.77635683940025E-15,1.22464679914735E-16,1.));
#5628=DIRECTION('center_axis',(1.83667601732678E-48,1.,3.22223862688879E-50));
#5629=DIRECTION('ref_axis',(0.,0.,1.));
#5630=DIRECTION('',(1.77635683940025E-15,1.22464679914735E-16,1.));
#5631=DIRECTION('center_axis',(1.83667601732678E-48,1.,3.22223862688879E-50));
#5632=DIRECTION('ref_axis',(0.,0.,1.));
#5633=DIRECTION('',(1.,-1.22464679914735E-16,0.));
#5634=DIRECTION('center_axis',(1.83667601732678E-48,1.,3.22223862688879E-50));
#5635=DIRECTION('ref_axis',(0.,0.,1.));
#5636=DIRECTION('',(1.,-1.22464679914735E-16,0.));
#5637=DIRECTION('center_axis',(1.22464679914735E-16,1.,-1.22464679914736E-16));
#5638=DIRECTION('ref_axis',(-1.,1.22464679914735E-16,0.));
#5639=DIRECTION('',(1.49975978266186E-32,1.22464679914736E-16,1.));
#5640=DIRECTION('',(1.,-1.83667601732678E-48,-1.71512449944288E-15));
#5641=DIRECTION('',(-6.12323399573677E-17,3.2222386268888E-50,-1.));
#5642=DIRECTION('center_axis',(0.,-1.,0.));
#5643=DIRECTION('ref_axis',(0.,0.,1.));
#5644=DIRECTION('',(0.,1.,0.));
#5645=DIRECTION('center_axis',(0.,-1.,0.));
#5646=DIRECTION('ref_axis',(0.,0.,1.));
#5647=DIRECTION('',(0.,-1.,0.));
#5648=DIRECTION('center_axis',(0.,-1.,0.));
#5649=DIRECTION('ref_axis',(0.,0.,1.));
#5650=DIRECTION('',(0.,1.,0.));
#5651=DIRECTION('center_axis',(0.,-1.,0.));
#5652=DIRECTION('ref_axis',(0.,0.,1.));
#5653=DIRECTION('',(0.,-1.,0.));
#5654=DIRECTION('center_axis',(-1.71512449944288E-15,-1.22464679914735E-16,
-1.));
#5655=DIRECTION('ref_axis',(1.22464679914735E-16,1.,-1.22464679914736E-16));
#5656=DIRECTION('',(1.22464679914735E-16,1.,-1.22464679914736E-16));
#5657=DIRECTION('',(-1.,1.22464679914735E-16,6.12323399573677E-17));
#5658=DIRECTION('',(0.,1.,0.));
#5659=DIRECTION('center_axis',(-1.71512449944288E-15,-1.22464679914735E-16,
-1.));
#5660=DIRECTION('ref_axis',(1.22464679914735E-16,1.,-1.22464679914736E-16));
#5661=DIRECTION('',(0.,1.,0.));
#5662=DIRECTION('',(1.,-1.22464679914735E-16,-1.71512449944288E-15));
#5663=DIRECTION('',(-1.22464679914735E-16,-1.,1.22464679914736E-16));
#5664=DIRECTION('center_axis',(1.,-1.22464679914735E-16,-1.71512449944288E-15));
#5665=DIRECTION('ref_axis',(-1.71512449944288E-15,-1.22464679914735E-16,
-1.));
#5666=DIRECTION('',(-1.22464679914735E-16,-1.,1.22464679914736E-16));
#5667=DIRECTION('',(-1.22464679914735E-16,-1.,1.22464679914736E-16));
#5668=DIRECTION('',(-1.71512449944288E-15,-2.78285455300722E-16,-1.));
#5669=DIRECTION('center_axis',(-1.49975978266186E-32,-1.22464679914736E-16,
-1.));
#5670=DIRECTION('ref_axis',(-1.,1.22464679914735E-16,0.));
#5671=DIRECTION('',(-1.22464679914735E-16,-1.,1.22464679914736E-16));
#5672=DIRECTION('',(1.,-1.22464679914735E-16,0.));
#5673=DIRECTION('',(1.22464679914735E-16,1.,-1.22464679914736E-16));
#5674=DIRECTION('center_axis',(0.,1.,0.));
#5675=DIRECTION('ref_axis',(0.,0.,1.));
#5676=DIRECTION('center_axis',(0.,1.,0.));
#5677=DIRECTION('ref_axis',(0.,0.,1.));
#5678=DIRECTION('center_axis',(0.,-1.,0.));
#5679=DIRECTION('ref_axis',(0.,0.,1.));
#5680=DIRECTION('center_axis',(0.,-1.,0.));
#5681=DIRECTION('ref_axis',(0.,0.,1.));
#5682=DIRECTION('',(0.,1.,0.));
#5683=DIRECTION('',(0.,-1.,0.));
#5684=DIRECTION('center_axis',(-1.49975978266186E-32,-1.22464679914736E-16,
-1.));
#5685=DIRECTION('ref_axis',(-1.,1.22464679914735E-16,0.));
#5686=DIRECTION('',(-1.22464679914735E-16,-1.,1.22464679914736E-16));
#5687=DIRECTION('',(-1.,1.22464679914735E-16,0.));
#5688=DIRECTION('',(1.22464679914735E-16,1.,-1.22464679914736E-16));
#5689=DIRECTION('center_axis',(0.,1.,0.));
#5690=DIRECTION('ref_axis',(0.,0.,1.));
#5691=DIRECTION('center_axis',(1.22464679914735E-16,1.,-1.22464679914736E-16));
#5692=DIRECTION('ref_axis',(1.49975978266186E-32,1.22464679914736E-16,1.));
#5693=DIRECTION('',(6.62926816450099E-17,1.,-1.22464679914735E-16));
#5694=DIRECTION('center_axis',(1.22464679914735E-16,1.,-1.22464679914736E-16));
#5695=DIRECTION('ref_axis',(1.49975978266186E-32,1.22464679914736E-16,1.));
#5696=DIRECTION('center_axis',(-1.,6.62926816450102E-17,2.26727389351413E-15));
#5697=DIRECTION('ref_axis',(2.26727389351413E-15,1.22464679914735E-16,1.));
#5698=DIRECTION('',(-1.71512449944288E-15,-2.78285455300722E-16,-1.));
#5699=DIRECTION('',(-1.22464679914735E-16,-1.,1.22464679914736E-16));
#5700=DIRECTION('center_axis',(1.22464679914735E-16,1.,-1.22464679914736E-16));
#5701=DIRECTION('ref_axis',(1.49975978266186E-32,1.22464679914736E-16,1.));
#5702=DIRECTION('center_axis',(1.22464679914735E-16,1.,-1.22464679914736E-16));
#5703=DIRECTION('ref_axis',(1.49975978266186E-32,1.22464679914736E-16,1.));
#5704=DIRECTION('center_axis',(-1.22464679914735E-16,-1.,2.78285455300722E-16));
#5705=DIRECTION('ref_axis',(-1.71512449944288E-15,-2.78285455300722E-16,
-1.));
#5706=DIRECTION('',(1.,-1.22464679914735E-16,-1.71512449944288E-15));
#5707=DIRECTION('center_axis',(1.71512449944288E-15,1.22464679914735E-16,
1.));
#5708=DIRECTION('ref_axis',(-1.22464679914735E-16,-1.,1.22464679914736E-16));
#5709=DIRECTION('',(1.,-1.22464679914735E-16,-1.71512449944288E-15));
#5710=DIRECTION('center_axis',(-1.22464679914735E-16,-1.,1.22464679914736E-16));
#5711=DIRECTION('ref_axis',(1.49975978266186E-32,1.22464679914736E-16,1.));
#5712=DIRECTION('',(1.49975978266186E-32,1.22464679914736E-16,1.));
#5713=DIRECTION('center_axis',(1.,-1.22464679914735E-16,0.));
#5714=DIRECTION('ref_axis',(1.49975978266186E-32,1.22464679914736E-16,1.));
#5715=DIRECTION('',(-1.,1.22464679914735E-16,0.));
#5716=DIRECTION('center_axis',(-1.,1.22464679914735E-16,0.));
#5717=DIRECTION('ref_axis',(-1.22464679914735E-16,-1.,1.22464679914736E-16));
#5718=DIRECTION('center_axis',(1.,-1.22464679914735E-16,0.));
#5719=DIRECTION('ref_axis',(1.49975978266186E-32,1.22464679914736E-16,1.));
#5720=DIRECTION('center_axis',(-1.22464679914735E-16,-1.,9.16670811723487E-17));
#5721=DIRECTION('ref_axis',(1.,-1.22464679914735E-16,0.));
#5722=DIRECTION('',(1.,-1.22464679914735E-16,0.));
#5723=DIRECTION('',(1.,-1.22464679914735E-16,0.));
#5724=DIRECTION('',(1.55820775385987E-16,-1.83697019872103E-16,-1.));
#5725=DIRECTION('',(-1.,1.22464679914735E-16,0.));
#5726=DIRECTION('',(-7.79103876929935E-17,-1.83697019872103E-16,-1.));
#5727=DIRECTION('',(-1.,1.22464679914735E-16,0.));
#5728=DIRECTION('center_axis',(-1.,1.22464679914735E-16,7.79103876929934E-17));
#5729=DIRECTION('ref_axis',(-7.79103876929935E-17,-1.83697019872103E-16,
-1.));
#5730=DIRECTION('',(-1.22464679914735E-16,-1.,1.83697019872103E-16));
#5731=DIRECTION('',(-7.79103876929935E-17,-1.83697019872103E-16,-1.));
#5732=DIRECTION('',(-1.22464679914735E-16,-1.,1.83697019872103E-16));
#5733=DIRECTION('center_axis',(2.24963967399279E-32,1.83697019872103E-16,
1.));
#5734=DIRECTION('ref_axis',(-1.,1.22464679914735E-16,0.));
#5735=DIRECTION('',(-1.,1.22464679914735E-16,0.));
#5736=DIRECTION('',(-1.22464679914735E-16,-1.,1.83697019872103E-16));
#5737=DIRECTION('center_axis',(-1.,1.22464679914735E-16,0.));
#5738=DIRECTION('ref_axis',(1.49975978266186E-32,1.22464679914736E-16,1.));
#5739=DIRECTION('center_axis',(1.,-1.22464679914735E-16,0.));
#5740=DIRECTION('ref_axis',(1.49975978266186E-32,1.22464679914736E-16,1.));
#5741=DIRECTION('',(1.49975978266186E-32,1.22464679914736E-16,1.));
#5742=DIRECTION('center_axis',(1.,-1.22464679914735E-16,0.));
#5743=DIRECTION('ref_axis',(-1.49975978266186E-32,-1.22464679914736E-16,
-1.));
#5744=DIRECTION('center_axis',(1.,-1.22464679914735E-16,0.));
#5745=DIRECTION('ref_axis',(1.49975978266186E-32,1.22464679914736E-16,1.));
#5746=DIRECTION('',(-1.22464679914735E-16,-1.,1.83697019872103E-16));
#5747=DIRECTION('center_axis',(2.24963967399279E-32,1.83697019872103E-16,
1.));
#5748=DIRECTION('ref_axis',(-1.,1.22464679914735E-16,0.));
#5749=DIRECTION('',(-1.,1.22464679914735E-16,0.));
#5750=DIRECTION('',(-1.22464679914735E-16,-1.,1.83697019872103E-16));
#5751=DIRECTION('center_axis',(1.,-1.22464679914735E-16,1.55820775385987E-16));
#5752=DIRECTION('ref_axis',(-1.55820775385987E-16,1.83697019872103E-16,
1.));
#5753=DIRECTION('',(-1.55820775385987E-16,1.83697019872103E-16,1.));
#5754=DIRECTION('',(-1.22464679914735E-16,-1.,1.83697019872103E-16));
#5755=DIRECTION('center_axis',(-2.24963967399279E-32,-1.83697019872103E-16,
-1.));
#5756=DIRECTION('ref_axis',(1.,-1.22464679914735E-16,0.));
#5757=DIRECTION('',(1.,-1.22464679914735E-16,0.));
#5758=DIRECTION('center_axis',(1.,-1.22464679914735E-16,0.));
#5759=DIRECTION('ref_axis',(1.49975978266186E-32,1.22464679914736E-16,1.));
#5760=DIRECTION('center_axis',(-1.22464679914735E-16,-1.,1.83697019872103E-16));
#5761=DIRECTION('ref_axis',(1.,-1.22464679914735E-16,0.));
#5762=DIRECTION('center_axis',(-1.22464679914735E-16,-1.,1.22464679914736E-16));
#5763=DIRECTION('ref_axis',(1.49975978266186E-32,1.22464679914736E-16,1.));
#5764=DIRECTION('',(1.22464679914735E-16,1.,-1.22464679914736E-16));
#5765=DIRECTION('center_axis',(1.22464679914735E-16,1.,-1.22464679914736E-16));
#5766=DIRECTION('ref_axis',(-1.,1.22464679914735E-16,-1.66533453693773E-15));
#5767=DIRECTION('center_axis',(1.,-1.25768915107072E-16,9.07143818514418E-20));
#5768=DIRECTION('ref_axis',(9.07143818514264E-20,-1.22464679914736E-16,
-1.));
#5769=DIRECTION('',(-1.25768915107072E-16,-1.,1.22464679914736E-16));
#5770=DIRECTION('',(-1.22464679914735E-16,-1.,1.22464679914736E-16));
#5771=DIRECTION('',(-6.12323399573677E-17,-1.22464679914736E-16,-1.));
#5772=DIRECTION('center_axis',(-1.22464679914735E-16,-1.,1.22464679914736E-16));
#5773=DIRECTION('ref_axis',(1.49975978266186E-32,1.22464679914736E-16,1.));
#5774=DIRECTION('center_axis',(-1.22464679914735E-16,-1.,1.22464679914736E-16));
#5775=DIRECTION('ref_axis',(1.49975978266186E-32,1.22464679914736E-16,1.));
#5776=DIRECTION('',(-1.,1.22464679914735E-16,6.12323399573677E-17));
#5777=DIRECTION('center_axis',(6.12323399573677E-17,1.22464679914736E-16,
1.));
#5778=DIRECTION('ref_axis',(1.22464679914735E-16,1.,-1.22464679914736E-16));
#5779=DIRECTION('',(1.22464679914735E-16,1.,-1.22464679914736E-16));
#5780=DIRECTION('',(-1.,1.22464679914735E-16,6.12323399573677E-17));
#5781=DIRECTION('center_axis',(-1.22464679914735E-16,-1.,1.22464679914736E-16));
#5782=DIRECTION('ref_axis',(6.12323399573677E-17,1.22464679914736E-16,1.));
#5783=DIRECTION('',(6.12323399573677E-17,1.22464679914736E-16,1.));
#5784=DIRECTION('center_axis',(-1.22464679914735E-16,-1.,1.22464679914736E-16));
#5785=DIRECTION('ref_axis',(1.49975978266186E-32,1.22464679914736E-16,1.));
#5786=DIRECTION('center_axis',(-1.,1.22464679914735E-16,6.12323399573677E-17));
#5787=DIRECTION('ref_axis',(6.12323399573677E-17,1.22464679914736E-16,1.));
#5788=DIRECTION('center_axis',(0.,0.,1.));
#5789=DIRECTION('ref_axis',(0.70710678118654,0.707106781186555,0.));
#5790=DIRECTION('center_axis',(0.,0.,1.));
#5791=DIRECTION('ref_axis',(0.70710678118654,0.707106781186555,0.));
#5792=DIRECTION('',(0.,0.,1.));
#5793=DIRECTION('center_axis',(0.,0.,-1.));
#5794=DIRECTION('ref_axis',(1.22464679914735E-16,1.,0.));
#5795=DIRECTION('',(0.,0.,-1.));
#5796=DIRECTION('center_axis',(-1.22464679914735E-16,-1.,0.));
#5797=DIRECTION('ref_axis',(0.70710678118654,-8.65956056235484E-17,0.707106781186555));
#5798=DIRECTION('center_axis',(-1.22464679914735E-16,-1.,6.93889390390722E-16));
#5799=DIRECTION('ref_axis',(1.,-1.22464679914735E-16,0.));
#5800=DIRECTION('',(-1.22464679914735E-16,-1.,0.));
#5801=DIRECTION('center_axis',(1.22464679914735E-16,1.,0.));
#5802=DIRECTION('ref_axis',(0.,0.,1.));
#5803=DIRECTION('',(1.22464679914735E-16,1.,0.));
#5804=DIRECTION('center_axis',(-0.40824829046386,0.81649658092772,-0.408248290463878));
#5805=DIRECTION('ref_axis',(0.57735026918962,0.577350269189629,0.577350269189629));
#5806=DIRECTION('center_axis',(1.,-1.22464679914735E-16,0.));
#5807=DIRECTION('ref_axis',(8.65956056235493E-17,0.707106781186547,0.707106781186548));
#5808=DIRECTION('center_axis',(0.,0.,-1.));
#5809=DIRECTION('ref_axis',(0.70710678118654,-0.707106781186555,0.));
#5810=DIRECTION('center_axis',(0.,0.,1.));
#5811=DIRECTION('ref_axis',(0.70710678118654,-0.707106781186555,0.));
#5812=DIRECTION('',(0.,0.,1.));
#5813=DIRECTION('center_axis',(0.,0.,-1.));
#5814=DIRECTION('ref_axis',(1.,-1.22464679914735E-16,0.));
#5815=DIRECTION('',(0.,0.,-1.));
#5816=DIRECTION('center_axis',(0.40824829046386,0.81649658092772,0.408248290463878));
#5817=DIRECTION('ref_axis',(0.57735026918962,-0.577350269189629,0.577350269189629));
#5818=DIRECTION('center_axis',(1.,-1.22464679914735E-16,0.));
#5819=DIRECTION('ref_axis',(-8.65956056235493E-17,-0.707106781186548,0.707106781186548));
#5820=DIRECTION('center_axis',(1.,-1.22464679914735E-16,0.));
#5821=DIRECTION('ref_axis',(1.22464679914735E-16,1.,0.));
#5822=DIRECTION('',(-1.22464679914735E-16,-1.,0.));
#5823=DIRECTION('center_axis',(-1.22464679914735E-16,-1.,0.));
#5824=DIRECTION('ref_axis',(1.,-1.22464679914735E-16,0.));
#5825=DIRECTION('',(1.,-1.22464679914735E-16,0.));
#5826=DIRECTION('',(0.,0.,1.));
#5827=DIRECTION('',(-1.,2.43141095634861E-16,0.));
#5828=DIRECTION('',(0.,0.,-1.));
#5829=DIRECTION('',(-1.,1.22464679914735E-16,0.));
#5830=DIRECTION('center_axis',(1.22464679914735E-16,1.,0.));
#5831=DIRECTION('ref_axis',(-1.,1.22464679914735E-16,0.));
#5832=DIRECTION('',(1.,-1.22464679914735E-16,0.));
#5833=DIRECTION('',(0.,0.,-1.));
#5834=DIRECTION('',(1.,-9.22955759847039E-17,0.));
#5835=DIRECTION('',(0.,0.,-1.));
#5836=DIRECTION('',(-1.,1.22464679914735E-16,0.));
#5837=DIRECTION('center_axis',(1.,-1.22464679914735E-16,0.));
#5838=DIRECTION('ref_axis',(-8.65956056235493E-17,-0.707106781186548,0.707106781186548));
#5839=DIRECTION('',(-1.,1.22464679914735E-16,0.));
#5840=DIRECTION('center_axis',(-1.,1.22464679914735E-16,0.));
#5841=DIRECTION('ref_axis',(-8.65956056235493E-17,-0.707106781186548,0.707106781186548));
#5842=DIRECTION('center_axis',(-1.,1.22464679914735E-16,0.));
#5843=DIRECTION('ref_axis',(8.65956056235493E-17,0.707106781186547,0.707106781186548));
#5844=DIRECTION('center_axis',(-1.,1.22464679914735E-16,0.));
#5845=DIRECTION('ref_axis',(8.65956056235493E-17,0.707106781186547,0.707106781186548));
#5846=DIRECTION('',(1.,-1.22464679914735E-16,0.));
#5847=DIRECTION('center_axis',(0.,0.,1.));
#5848=DIRECTION('ref_axis',(-1.,1.22464679914735E-16,0.));
#5849=DIRECTION('',(1.22464679914735E-16,1.,0.));
#5850=DIRECTION('center_axis',(0.,0.,-1.));
#5851=DIRECTION('ref_axis',(-1.,1.22464679914735E-16,0.));
#5852=DIRECTION('',(-1.22464679914735E-16,-1.,0.));
#5853=DIRECTION('center_axis',(0.,0.,-1.));
#5854=DIRECTION('ref_axis',(-1.22464679914735E-16,-1.,0.));
#5855=DIRECTION('',(2.23717520301027E-15,1.,0.));
#5856=DIRECTION('center_axis',(0.,0.,-1.));
#5857=DIRECTION('ref_axis',(-1.,8.16354070305473E-16,0.));
#5858=DIRECTION('center_axis',(0.,0.,1.));
#5859=DIRECTION('ref_axis',(-1.,1.22464679914735E-16,0.));
#5860=DIRECTION('',(1.22464679914735E-16,1.,0.));
#5861=DIRECTION('',(1.,-1.22464679914735E-16,0.));
#5862=DIRECTION('',(1.22464679914735E-16,1.,0.));
#5863=DIRECTION('',(-1.,1.22464679914735E-16,0.));
#5864=DIRECTION('',(1.22464679914735E-16,1.,0.));
#5865=DIRECTION('center_axis',(0.,0.,1.));
#5866=DIRECTION('ref_axis',(-0.70710678118654,-0.707106781186555,0.));
#5867=DIRECTION('center_axis',(0.,0.,-1.));
#5868=DIRECTION('ref_axis',(-1.22464679914735E-16,-1.,0.));
#5869=DIRECTION('',(0.,0.,-1.));
#5870=DIRECTION('center_axis',(1.22464679914735E-16,1.,0.));
#5871=DIRECTION('ref_axis',(-0.70710678118654,8.65956056235484E-17,0.707106781186555));
#5872=DIRECTION('center_axis',(1.22464679914735E-16,1.,0.));
#5873=DIRECTION('ref_axis',(-1.,1.22464679914735E-16,0.));
#5874=DIRECTION('center_axis',(-1.22464679914735E-16,-1.,0.));
#5875=DIRECTION('ref_axis',(0.,0.,1.));
#5876=DIRECTION('',(-1.22464679914735E-16,-1.,0.));
#5877=DIRECTION('center_axis',(-0.408248290463867,0.816496580927725,0.408248290463862));
#5878=DIRECTION('ref_axis',(-0.577350269189629,-0.577350269189624,0.577350269189624));
#5879=DIRECTION('center_axis',(0.,0.,-1.));
#5880=DIRECTION('ref_axis',(-0.70710678118654,0.707106781186555,0.));
#5881=DIRECTION('',(0.,0.,1.));
#5882=DIRECTION('center_axis',(0.,0.,-1.));
#5883=DIRECTION('ref_axis',(-1.,1.22464679914735E-16,0.));
#5884=DIRECTION('center_axis',(0.408248290463867,0.816496580927725,-0.408248290463862));
#5885=DIRECTION('ref_axis',(-0.577350269189629,0.577350269189624,0.577350269189624));
#5886=DIRECTION('center_axis',(-1.,1.22464679914735E-16,0.));
#5887=DIRECTION('ref_axis',(-1.22464679914735E-16,-1.,0.));
#5888=DIRECTION('center_axis',(1.,-1.22464679914735E-16,0.));
#5889=DIRECTION('ref_axis',(1.22464679914735E-16,1.,0.));
#5890=DIRECTION('',(0.,0.,1.));
#5891=DIRECTION('',(1.22464679914735E-16,1.,0.));
#5892=DIRECTION('',(0.,0.,1.));
#5893=DIRECTION('center_axis',(-1.22464679914735E-16,-1.,0.));
#5894=DIRECTION('ref_axis',(1.,-1.22464679914735E-16,0.));
#5895=DIRECTION('',(0.,0.,1.));
#5896=DIRECTION('',(1.,-1.22464679914735E-16,0.));
#5897=DIRECTION('center_axis',(-1.,1.22464679914735E-16,0.));
#5898=DIRECTION('ref_axis',(-1.22464679914735E-16,-1.,0.));
#5899=DIRECTION('',(0.,0.,1.));
#5900=DIRECTION('',(-1.22464679914735E-16,-1.,0.));
#5901=DIRECTION('center_axis',(1.22464679914735E-16,1.,0.));
#5902=DIRECTION('ref_axis',(-1.,1.22464679914735E-16,0.));
#5903=DIRECTION('',(-1.,1.22464679914735E-16,0.));
#5904=DIRECTION('center_axis',(0.,0.,1.));
#5905=DIRECTION('ref_axis',(-1.,1.22464679914735E-16,0.));
#5906=DIRECTION('center_axis',(0.602546188116112,0.,0.79808401261192));
#5907=DIRECTION('ref_axis',(-0.79808401261192,0.,0.602546188116112));
#5908=DIRECTION('',(0.,-1.,0.));
#5909=DIRECTION('',(-0.79808401261192,0.,0.602546188116112));
#5910=DIRECTION('',(0.,1.,0.));
#5911=DIRECTION('',(-0.79808401261192,0.,0.602546188116112));
#5912=DIRECTION('center_axis',(0.,1.,0.));
#5913=DIRECTION('ref_axis',(0.17364817766693,0.,0.984807753012208));
#5914=DIRECTION('',(1.71512449944288E-15,0.,1.));
#5915=DIRECTION('',(1.,0.,-2.22044604925031E-15));
#5916=DIRECTION('',(-6.12323399573677E-17,0.,-1.));
#5917=DIRECTION('center_axis',(0.,-1.,0.));
#5918=DIRECTION('ref_axis',(-0.707106781186549,0.,0.707106781186546));
#5919=DIRECTION('',(1.,0.,0.));
#5920=DIRECTION('center_axis',(0.,-1.,0.));
#5921=DIRECTION('ref_axis',(0.707106781186546,0.,0.707106781186549));
#5922=DIRECTION('',(1.71512449944288E-15,0.,1.));
#5923=DIRECTION('',(-0.573576436351046,0.,0.819152044288992));
#5924=DIRECTION('',(-0.819152044288992,0.,-0.573576436351045));
#5925=DIRECTION('',(0.573576436351046,0.,-0.819152044288992));
#5926=DIRECTION('',(-0.78550743345508,0.,0.618852221444516));
#5927=DIRECTION('center_axis',(0.,-1.,0.));
#5928=DIRECTION('ref_axis',(-1.,0.,0.));
#5929=DIRECTION('center_axis',(0.,-1.,0.));
#5930=DIRECTION('ref_axis',(-1.,0.,0.));
#5931=DIRECTION('center_axis',(0.,-1.,0.));
#5932=DIRECTION('ref_axis',(-1.,0.,0.));
#5933=DIRECTION('center_axis',(0.,-1.,0.));
#5934=DIRECTION('ref_axis',(-1.,0.,0.));
#5935=DIRECTION('center_axis',(0.,-1.,0.));
#5936=DIRECTION('ref_axis',(0.,0.,1.));
#5937=DIRECTION('center_axis',(0.,-1.,0.));
#5938=DIRECTION('ref_axis',(0.,0.,1.));
#5939=DIRECTION('center_axis',(0.,-1.,0.));
#5940=DIRECTION('ref_axis',(-0.984807753012208,0.,-0.17364817766693));
#5941=DIRECTION('center_axis',(0.,-1.,0.));
#5942=DIRECTION('ref_axis',(-0.984807753012208,0.,-0.17364817766693));
#5943=DIRECTION('center_axis',(0.,-1.,0.));
#5944=DIRECTION('ref_axis',(-0.996194698091746,0.,0.0871557427476579));
#5945=DIRECTION('center_axis',(0.,-1.,0.));
#5946=DIRECTION('ref_axis',(-0.342020143325669,0.,-0.939692620785908));
#5947=DIRECTION('center_axis',(0.,-1.,0.));
#5948=DIRECTION('ref_axis',(-1.,0.,0.));
#5949=DIRECTION('center_axis',(0.,-1.,0.));
#5950=DIRECTION('ref_axis',(0.,0.,1.));
#5951=DIRECTION('center_axis',(0.,-1.,0.));
#5952=DIRECTION('ref_axis',(0.,0.,1.));
#5953=DIRECTION('center_axis',(-0.618852221444516,0.,-0.785507433455081));
#5954=DIRECTION('ref_axis',(0.785507433455081,0.,-0.618852221444516));
#5955=DIRECTION('',(-9.93383977544319E-17,-1.,1.41869934745947E-16));
#5956=DIRECTION('',(0.785507433455081,0.,-0.618852221444516));
#5957=DIRECTION('',(0.,-1.,0.));
#5958=DIRECTION('center_axis',(1.,-1.22464679914735E-16,-1.71512449944288E-15));
#5959=DIRECTION('ref_axis',(-1.71512449944288E-15,-1.22464679914735E-16,
-1.));
#5960=DIRECTION('',(0.,1.,0.));
#5961=DIRECTION('',(1.71512449944288E-15,0.,1.));
#5962=DIRECTION('center_axis',(0.,1.,0.));
#5963=DIRECTION('ref_axis',(0.707106781186546,0.,0.707106781186549));
#5964=DIRECTION('',(0.,-1.,0.));
#5965=DIRECTION('center_axis',(0.,-1.,0.));
#5966=DIRECTION('ref_axis',(0.707106781186546,0.,0.707106781186549));
#5967=DIRECTION('center_axis',(-1.49975978266186E-32,-1.22464679914736E-16,
-1.));
#5968=DIRECTION('ref_axis',(-1.,1.22464679914735E-16,0.));
#5969=DIRECTION('',(0.,1.,0.));
#5970=DIRECTION('',(1.,0.,-1.49975978266186E-32));
#5971=DIRECTION('center_axis',(0.,1.,0.));
#5972=DIRECTION('ref_axis',(-0.707106781186549,0.,0.707106781186546));
#5973=DIRECTION('',(0.,-1.,0.));
#5974=DIRECTION('center_axis',(0.,-1.,0.));
#5975=DIRECTION('ref_axis',(-0.707106781186549,0.,0.707106781186546));
#5976=DIRECTION('center_axis',(-0.819152044288992,0.,-0.573576436351046));
#5977=DIRECTION('ref_axis',(0.405579787672638,-0.707106781186549,-0.579227965339568));
#5978=DIRECTION('center_axis',(-0.819152044288992,0.,-0.573576436351045));
#5979=DIRECTION('ref_axis',(0.405579787672638,-0.707106781186549,-0.579227965339568));
#5980=DIRECTION('',(-0.819152044288992,0.,-0.573576436351046));
#5981=DIRECTION('center_axis',(0.819152044288992,0.,0.573576436351045));
#5982=DIRECTION('ref_axis',(0.405579787672638,-0.707106781186549,-0.579227965339568));
#5983=DIRECTION('',(0.819152044288992,-5.3706380102194E-32,0.573576436351046));
#5984=DIRECTION('center_axis',(-0.819152044288992,0.,-0.573576436351045));
#5985=DIRECTION('ref_axis',(-0.573576436351045,0.,0.819152044288992));
#5986=DIRECTION('',(0.,-1.,0.));
#5987=DIRECTION('center_axis',(-0.819152044288992,0.,-0.573576436351045));
#5988=DIRECTION('ref_axis',(0.573576436351048,0.,-0.819152044288991));
#5989=DIRECTION('',(-0.573576436351045,9.67488133662636E-16,0.819152044288992));
#5990=DIRECTION('',(5.54928395918138E-16,1.,-7.92519882515089E-16));
#5991=DIRECTION('center_axis',(0.,-1.,0.));
#5992=DIRECTION('ref_axis',(-0.17364817766693,0.,-0.984807753012208));
#5993=DIRECTION('',(-0.573576436351046,0.,0.819152044288992));
#5994=DIRECTION('',(-6.12323399573677E-17,0.,-1.));
#5995=DIRECTION('',(1.,0.,-1.71512449944288E-15));
#5996=DIRECTION('',(1.71512449944288E-15,0.,1.));
#5997=DIRECTION('',(0.573576436351046,0.,-0.819152044288992));
#5998=DIRECTION('center_axis',(0.,-1.,0.));
#5999=DIRECTION('ref_axis',(0.,0.,1.));
#6000=DIRECTION('center_axis',(0.,-1.,0.));
#6001=DIRECTION('ref_axis',(-1.,0.,0.));
#6002=DIRECTION('center_axis',(0.,-1.,0.));
#6003=DIRECTION('ref_axis',(-1.,0.,0.));
#6004=DIRECTION('center_axis',(0.,-1.,0.));
#6005=DIRECTION('ref_axis',(-1.,0.,0.));
#6006=DIRECTION('center_axis',(0.,-1.,0.));
#6007=DIRECTION('ref_axis',(-1.,0.,0.));
#6008=DIRECTION('center_axis',(0.,-1.,0.));
#6009=DIRECTION('ref_axis',(-0.984807753012208,0.,-0.17364817766693));
#6010=DIRECTION('center_axis',(0.,-1.,0.));
#6011=DIRECTION('ref_axis',(-0.984807753012208,0.,-0.17364817766693));
#6012=DIRECTION('center_axis',(0.,-1.,0.));
#6013=DIRECTION('ref_axis',(-0.996194698091746,0.,0.0871557427476579));
#6014=DIRECTION('center_axis',(0.,-1.,0.));
#6015=DIRECTION('ref_axis',(-0.342020143325669,0.,-0.939692620785908));
#6016=DIRECTION('center_axis',(0.,-1.,0.));
#6017=DIRECTION('ref_axis',(-1.,0.,0.));
#6018=DIRECTION('center_axis',(0.,-1.,0.));
#6019=DIRECTION('ref_axis',(0.,0.,1.));
#6020=DIRECTION('center_axis',(0.,-1.,0.));
#6021=DIRECTION('ref_axis',(0.,0.,1.));
#6022=DIRECTION('center_axis',(0.,-1.,0.));
#6023=DIRECTION('ref_axis',(0.,0.,1.));
#6024=DIRECTION('center_axis',(1.,-1.22464679914735E-16,-1.71512449944288E-15));
#6025=DIRECTION('ref_axis',(-1.71512449944288E-15,-1.22464679914735E-16,
-1.));
#6026=DIRECTION('',(0.,1.,0.));
#6027=DIRECTION('center_axis',(0.,-1.,0.));
#6028=DIRECTION('ref_axis',(0.,0.,1.));
#6029=DIRECTION('',(0.,-1.,0.));
#6030=DIRECTION('center_axis',(-1.,1.22464679914735E-16,6.12323399573677E-17));
#6031=DIRECTION('ref_axis',(6.12323399573677E-17,1.22464679914736E-16,1.));
#6032=DIRECTION('',(0.,1.,0.));
#6033=DIRECTION('center_axis',(0.,-1.,0.));
#6034=DIRECTION('ref_axis',(-1.,0.,0.));
#6035=DIRECTION('',(0.,-1.,0.));
#6036=DIRECTION('center_axis',(0.,-1.,0.));
#6037=DIRECTION('ref_axis',(-1.,0.,0.));
#6038=DIRECTION('',(0.,-1.,0.));
#6039=DIRECTION('center_axis',(0.,-1.,0.));
#6040=DIRECTION('ref_axis',(-1.,0.,0.));
#6041=DIRECTION('',(0.,-1.,0.));
#6042=DIRECTION('center_axis',(0.,-1.,0.));
#6043=DIRECTION('ref_axis',(-1.,0.,0.));
#6044=DIRECTION('',(0.,-1.,0.));
#6045=DIRECTION('center_axis',(0.,-1.,0.));
#6046=DIRECTION('ref_axis',(0.,0.,1.));
#6047=DIRECTION('',(0.,-1.,0.));
#6048=DIRECTION('center_axis',(0.,-1.,0.));
#6049=DIRECTION('ref_axis',(-0.984807753012208,0.,-0.17364817766693));
#6050=DIRECTION('',(0.,-1.,0.));
#6051=DIRECTION('center_axis',(0.,-1.,0.));
#6052=DIRECTION('ref_axis',(-0.984807753012208,0.,-0.17364817766693));
#6053=DIRECTION('',(0.,-1.,0.));
#6054=DIRECTION('center_axis',(0.,-1.,0.));
#6055=DIRECTION('ref_axis',(-0.996194698091746,0.,0.0871557427476579));
#6056=DIRECTION('',(0.,-1.,0.));
#6057=DIRECTION('center_axis',(0.,-1.,0.));
#6058=DIRECTION('ref_axis',(-0.342020143325669,0.,-0.939692620785908));
#6059=DIRECTION('',(0.,-1.,0.));
#6060=DIRECTION('center_axis',(0.,-1.,0.));
#6061=DIRECTION('ref_axis',(-1.,0.,0.));
#6062=DIRECTION('',(0.,-1.,0.));
#6063=DIRECTION('center_axis',(0.,-1.,0.));
#6064=DIRECTION('ref_axis',(0.,0.,1.));
#6065=DIRECTION('',(0.,-1.,0.));
#6066=DIRECTION('center_axis',(0.,-1.,0.));
#6067=DIRECTION('ref_axis',(0.,0.,1.));
#6068=DIRECTION('',(0.,-1.,0.));
#6069=DIRECTION('center_axis',(-1.71512449944288E-15,-1.22464679914735E-16,
-1.));
#6070=DIRECTION('ref_axis',(1.22464679914735E-16,1.,-1.22464679914736E-16));
#6071=DIRECTION('center_axis',(0.,-1.,0.));
#6072=DIRECTION('ref_axis',(0.819152044288992,0.,0.573576436351046));
#6073=DIRECTION('',(-0.819152044288993,0.,-0.573576436351044));
#6074=DIRECTION('',(-0.573576436351045,0.,0.819152044288992));
#6075=DIRECTION('',(0.819152044288992,0.,0.573576436351045));
#6076=DIRECTION('',(-0.573576436351045,0.,0.819152044288992));
#6077=DIRECTION('center_axis',(-0.573576436351045,0.,0.819152044288992));
#6078=DIRECTION('ref_axis',(-0.817215778994653,-0.0687160800226202,-0.572220648795975));
#6079=DIRECTION('center_axis',(0.573576436351044,-3.63765870123539E-16,
-0.819152044288993));
#6080=DIRECTION('ref_axis',(0.,1.,0.));
#6081=DIRECTION('center_axis',(-0.573576436351045,9.67488133662635E-16,
0.819152044288992));
#6082=DIRECTION('ref_axis',(0.,1.,0.));
#6083=DIRECTION('',(-0.573576436351045,0.,0.819152044288992));
#6084=DIRECTION('center_axis',(0.,1.,0.));
#6085=DIRECTION('ref_axis',(-0.819152044288992,0.,-0.573576436351045));
#6086=DIRECTION('',(0.819152044288993,0.,0.573576436351044));
#6087=DIRECTION('',(-0.819152044288992,0.,-0.573576436351045));
#6088=DIRECTION('',(0.573576436351045,0.,-0.819152044288992));
#6089=DIRECTION('center_axis',(0.819152044288992,5.55111512312578E-17,0.573576436351045));
#6090=DIRECTION('ref_axis',(-5.231034360486E-16,-1.,8.14803959318961E-16));
#6091=DIRECTION('',(-5.231034360486E-16,-1.,8.14803959318961E-16));
#6092=DIRECTION('',(0.573576436351045,-9.67488133662636E-16,-0.819152044288992));
#6093=DIRECTION('',(-1.1420726389254E-15,-1.,-2.12268812621779E-15));
#6094=DIRECTION('center_axis',(0.819152044288992,0.,0.573576436351045));
#6095=DIRECTION('ref_axis',(0.573576436351045,0.,-0.819152044288992));
#6096=DIRECTION('',(-1.1420726389254E-15,-1.,-2.12268812621779E-15));
#6097=DIRECTION('',(0.573576436351045,-9.67488133662636E-16,-0.819152044288992));
#6098=DIRECTION('',(-5.231034360486E-16,-1.,8.14803959318961E-16));
#6099=DIRECTION('center_axis',(0.573576436351044,-3.63765870123539E-16,
-0.819152044288993));
#6100=DIRECTION('ref_axis',(-0.742403876506105,0.4226182617407,-0.519836790725683));
#6101=DIRECTION('',(-0.819152044288992,1.49880108324396E-15,-0.573576436351045));
#6102=DIRECTION('',(-2.03905654919007E-15,-1.,-8.81477565516493E-16));
#6103=DIRECTION('',(0.819152044288993,5.55111512312578E-17,0.573576436351044));
#6104=DIRECTION('center_axis',(-0.819152044288992,0.,-0.573576436351045));
#6105=DIRECTION('ref_axis',(-0.573576436351045,0.,0.819152044288992));
#6106=DIRECTION('',(0.573576436351045,-9.67488133662636E-16,-0.819152044288992));
#6107=DIRECTION('',(2.03905654919007E-15,1.,8.81477565516493E-16));
#6108=DIRECTION('center_axis',(0.819152044288992,0.,0.573576436351045));
#6109=DIRECTION('ref_axis',(0.573576436351045,0.,-0.819152044288992));
#6110=DIRECTION('',(-5.54928395918138E-16,-1.,7.92519882515089E-16));
#6111=DIRECTION('center_axis',(-0.819152044288992,0.,-0.573576436351045));
#6112=DIRECTION('ref_axis',(0.573576436351048,0.,-0.81915204428899));
#6113=DIRECTION('',(0.,1.,0.));
#6114=DIRECTION('center_axis',(1.79760017439023E-15,1.,1.15932667250623E-16));
#6115=DIRECTION('ref_axis',(0.819152044288992,-1.49880108324396E-15,0.573576436351045));
#6116=DIRECTION('',(0.819152044288992,-1.49880108324396E-15,0.573576436351045));
#6117=DIRECTION('center_axis',(0.819152044288992,0.,0.573576436351045));
#6118=DIRECTION('ref_axis',(0.,-1.,0.));
#6119=DIRECTION('center_axis',(0.573576436351045,-9.67488133662635E-16,
-0.819152044288992));
#6120=DIRECTION('ref_axis',(-0.742403876506104,0.4226182617407,-0.519836790725684));
#6121=DIRECTION('center_axis',(-0.819152044288992,0.,-0.573576436351045));
#6122=DIRECTION('ref_axis',(-0.573576436351045,0.,0.819152044288992));
#6123=DIRECTION('center_axis',(0.819152044288992,0.,0.573576436351045));
#6124=DIRECTION('ref_axis',(0.573576436351045,0.,-0.819152044288992));
#6125=DIRECTION('center_axis',(0.,0.,-1.));
#6126=DIRECTION('ref_axis',(1.,0.,0.));
#6127=DIRECTION('center_axis',(0.,0.,-1.));
#6128=DIRECTION('ref_axis',(1.,0.,0.));
#6129=DIRECTION('',(0.,0.,-1.));
#6130=DIRECTION('center_axis',(0.,0.,1.));
#6131=DIRECTION('ref_axis',(1.,0.,0.));
#6132=DIRECTION('center_axis',(0.,0.,-1.));
#6133=DIRECTION('ref_axis',(1.,0.,0.));
#6134=DIRECTION('center_axis',(0.,0.,-1.));
#6135=DIRECTION('ref_axis',(1.,0.,0.));
#6136=DIRECTION('',(0.,0.,-1.));
#6137=DIRECTION('center_axis',(0.,0.,1.));
#6138=DIRECTION('ref_axis',(1.,0.,0.));
#6139=DIRECTION('center_axis',(0.,1.,0.));
#6140=DIRECTION('ref_axis',(-1.,0.,0.));
#6141=DIRECTION('center_axis',(0.,-1.,-6.12323399573677E-17));
#6142=DIRECTION('ref_axis',(-1.,0.,0.));
#6143=DIRECTION('',(-0.17364817766693,-0.984807753012208,-2.12657684957577E-17));
#6144=DIRECTION('center_axis',(0.,1.,4.59242549680257E-17));
#6145=DIRECTION('ref_axis',(-1.,0.,0.));
#6146=DIRECTION('center_axis',(0.,1.,0.));
#6147=DIRECTION('ref_axis',(0.,0.,1.));
#6148=DIRECTION('',(1.2396062447002E-15,0.,-1.));
#6149=DIRECTION('',(1.,0.,0.));
#6150=DIRECTION('',(-1.71512449944288E-15,0.,1.));
#6151=DIRECTION('',(1.,0.,0.));
#6152=DIRECTION('center_axis',(0.,0.,-1.));
#6153=DIRECTION('ref_axis',(0.,1.,0.));
#6154=DIRECTION('',(-1.80524069044742E-17,-1.,0.));
#6155=DIRECTION('',(0.,1.,0.));
#6156=DIRECTION('',(1.,0.,0.));
#6157=DIRECTION('center_axis',(0.,-1.,0.));
#6158=DIRECTION('ref_axis',(0.,0.,-1.));
#6159=DIRECTION('',(-1.2396062447002E-15,0.,1.));
#6160=DIRECTION('',(1.71512449944288E-15,0.,-1.));
#6161=DIRECTION('',(1.,0.,0.));
#6162=DIRECTION('center_axis',(0.,0.,1.));
#6163=DIRECTION('ref_axis',(0.,-1.,0.));
#6164=DIRECTION('',(1.80524069044742E-17,1.,0.));
#6165=DIRECTION('',(0.,-1.,0.));
#6166=DIRECTION('center_axis',(0.,0.,1.));
#6167=DIRECTION('ref_axis',(1.,0.,0.));
#6168=DIRECTION('center_axis',(0.,-5.0532154980743E-16,1.));
#6169=DIRECTION('ref_axis',(1.,0.,0.));
#6170=DIRECTION('',(0.,0.,1.));
#6171=DIRECTION('center_axis',(0.,5.0532154980743E-16,-1.));
#6172=DIRECTION('ref_axis',(1.,0.,0.));
#6173=DIRECTION('center_axis',(0.,0.,1.));
#6174=DIRECTION('ref_axis',(1.,0.,0.));
#6175=DIRECTION('center_axis',(0.,-8.59850725211888E-15,1.));
#6176=DIRECTION('ref_axis',(1.,0.,0.));
#6177=DIRECTION('',(0.,0.,1.));
#6178=DIRECTION('center_axis',(0.,5.5045057886157E-15,-1.));
#6179=DIRECTION('ref_axis',(1.,0.,0.));
#6180=DIRECTION('center_axis',(0.,0.,1.));
#6181=DIRECTION('ref_axis',(1.,0.,0.));
#6182=DIRECTION('center_axis',(0.,-5.0532154980743E-16,1.));
#6183=DIRECTION('ref_axis',(1.,0.,0.));
#6184=DIRECTION('',(0.,0.,1.));
#6185=DIRECTION('center_axis',(0.,5.0532154980743E-16,-1.));
#6186=DIRECTION('ref_axis',(1.,0.,0.));
#6187=DIRECTION('center_axis',(0.,0.,1.));
#6188=DIRECTION('ref_axis',(1.,0.,0.));
#6189=DIRECTION('center_axis',(0.,-8.59850725211888E-15,1.));
#6190=DIRECTION('ref_axis',(1.,0.,0.));
#6191=DIRECTION('',(0.,0.,1.));
#6192=DIRECTION('center_axis',(0.,5.5045057886157E-15,-1.));
#6193=DIRECTION('ref_axis',(1.,0.,0.));
#6194=DIRECTION('center_axis',(0.,0.,1.));
#6195=DIRECTION('ref_axis',(1.,0.,0.));
#6196=DIRECTION('center_axis',(-1.12423933195459E-15,-6.16263497645002E-17,
1.));
#6197=DIRECTION('ref_axis',(1.,0.,0.));
#6198=DIRECTION('',(0.,0.,1.));
#6199=DIRECTION('center_axis',(1.12423933195459E-15,6.16263497645002E-17,
-1.));
#6200=DIRECTION('ref_axis',(1.,0.,0.));
#6201=DIRECTION('center_axis',(0.,0.,1.));
#6202=DIRECTION('ref_axis',(1.,0.,0.));
#6203=DIRECTION('center_axis',(-5.8343920680082E-15,0.,1.));
#6204=DIRECTION('ref_axis',(1.,0.,0.));
#6205=DIRECTION('',(0.,0.,1.));
#6206=DIRECTION('center_axis',(4.31865501468229E-15,0.,-1.));
#6207=DIRECTION('ref_axis',(1.,0.,0.));
#6208=DIRECTION('center_axis',(0.,0.,1.));
#6209=DIRECTION('ref_axis',(1.,0.,0.));
#6210=DIRECTION('center_axis',(-5.8343920680082E-15,0.,1.));
#6211=DIRECTION('ref_axis',(1.,0.,0.));
#6212=DIRECTION('',(0.,0.,1.));
#6213=DIRECTION('center_axis',(4.31865501468229E-15,0.,-1.));
#6214=DIRECTION('ref_axis',(1.,0.,0.));
#6215=DIRECTION('center_axis',(0.,0.,1.));
#6216=DIRECTION('ref_axis',(1.,0.,0.));
#6217=DIRECTION('center_axis',(-1.12423933195459E-15,-6.16263497645002E-17,
1.));
#6218=DIRECTION('ref_axis',(1.,0.,0.));
#6219=DIRECTION('',(0.,0.,1.));
#6220=DIRECTION('center_axis',(1.12423933195459E-15,6.16263497645002E-17,
-1.));
#6221=DIRECTION('ref_axis',(1.,0.,0.));
#6222=DIRECTION('center_axis',(-1.80524069044742E-17,-1.,-2.23778763306552E-32));
#6223=DIRECTION('ref_axis',(-1.,1.80524069044742E-17,-1.2396062447002E-15));
#6224=DIRECTION('',(1.80524069044741E-17,1.,6.16263497645002E-17));
#6225=DIRECTION('center_axis',(1.80524069044742E-17,1.,2.23778763306552E-32));
#6226=DIRECTION('ref_axis',(-0.707106781172673,0.,-0.707106781200422));
#6227=DIRECTION('',(0.,-1.,0.));
#6228=DIRECTION('center_axis',(-1.12423933195459E-15,-6.16263497645002E-17,
1.));
#6229=DIRECTION('ref_axis',(1.,-1.80524069044742E-17,1.12423933195459E-15));
#6230=DIRECTION('',(-1.80524069044741E-17,-1.,-6.16263497645002E-17));
#6231=DIRECTION('',(-0.707106781186548,-0.707106781186548,-8.38533665119976E-16));
#6232=DIRECTION('',(1.80524069044742E-17,1.,-1.80524069044741E-17));
#6233=DIRECTION('',(0.707106781186548,-0.707106781186548,6.88991912287443E-16));
#6234=DIRECTION('',(8.26946079742762E-16,-1.80524069044742E-17,-1.));
#6235=DIRECTION('center_axis',(-0.707106781186548,0.707106781186548,-2.76089283315435E-16));
#6236=DIRECTION('ref_axis',(0.707106781186548,0.707106781186548,1.15956665837518E-15));
#6237=DIRECTION('center_axis',(0.707106781186548,-0.707106781186548,5.97504160000631E-16));
#6238=DIRECTION('ref_axis',(-0.707106781186548,-0.707106781186548,-6.63461953609658E-16));
#6239=DIRECTION('',(0.707106781186548,0.707106781186548,8.38533665119976E-16));
#6240=DIRECTION('',(-8.26946079742762E-16,1.80524069044742E-17,1.));
#6241=DIRECTION('center_axis',(-1.80524069044742E-17,-1.,-2.23778763306552E-32));
#6242=DIRECTION('ref_axis',(-1.,1.80524069044742E-17,-1.2396062447002E-15));
#6243=DIRECTION('center_axis',(0.707106781186548,0.707106781186548,2.5055932463765E-16));
#6244=DIRECTION('ref_axis',(0.707106781186548,-0.707106781186548,1.18509661705297E-15));
#6245=DIRECTION('',(1.80524069044742E-17,1.,2.00421977952494E-32));
#6246=DIRECTION('center_axis',(1.80524069044742E-17,1.,2.23778763306552E-32));
#6247=DIRECTION('ref_axis',(-0.707106781172676,0.,-0.707106781200419));
#6248=DIRECTION('center_axis',(1.,-1.80524069044742E-17,8.26946079742762E-16));
#6249=DIRECTION('ref_axis',(-1.80524069044742E-17,-1.,1.80524069044741E-17));
#6250=DIRECTION('',(-1.80524069044742E-17,-1.,1.80524069044741E-17));
#6251=DIRECTION('',(8.26946079742762E-16,-1.80524069044742E-17,-1.));
#6252=DIRECTION('center_axis',(0.707106781186548,0.707106781186548,5.71974201322846E-16));
#6253=DIRECTION('ref_axis',(0.707106781186548,-0.707106781186548,6.88991912287443E-16));
#6254=DIRECTION('',(0.707106781186548,-0.707106781186548,6.88991912287443E-16));
#6255=DIRECTION('',(8.26946079742762E-16,-1.80524069044742E-17,-1.));
#6256=DIRECTION('',(-1.,0.,-1.11022302462516E-15));
#6257=DIRECTION('center_axis',(-1.80524069044742E-17,-1.,-2.23778763306552E-32));
#6258=DIRECTION('ref_axis',(0.,2.23778763306552E-32,-1.));
#6259=DIRECTION('',(1.,0.,1.11022302462516E-15));
#6260=DIRECTION('center_axis',(-1.12423933195459E-15,-6.16263497645002E-17,
1.));
#6261=DIRECTION('ref_axis',(1.,-1.80524069044742E-17,1.12423933195459E-15));
#6262=DIRECTION('center_axis',(0.,5.0532154980743E-16,-1.));
#6263=DIRECTION('ref_axis',(0.,1.,5.0532154980743E-16));
#6264=DIRECTION('',(1.,0.,0.));
#6265=DIRECTION('',(0.707106781186547,0.707106781186548,3.5731629454853E-16));
#6266=DIRECTION('',(-1.,0.,0.));
#6267=DIRECTION('',(-0.707106781186547,0.707106781186548,3.89789646657361E-16));
#6268=DIRECTION('center_axis',(-1.,0.,0.));
#6269=DIRECTION('ref_axis',(0.,1.,4.59242549680257E-17));
#6270=DIRECTION('',(-1.,0.,0.));
#6271=DIRECTION('center_axis',(-0.707106781186548,0.707106781186548,7.06541606407699E-16));
#6272=DIRECTION('ref_axis',(-0.707106781186548,-0.707106781186548,-7.06541606407699E-16));
#6273=DIRECTION('center_axis',(1.,0.,0.));
#6274=DIRECTION('ref_axis',(0.,0.707106781172303,-0.707106781200792));
#6275=DIRECTION('',(1.,0.,0.));
#6276=DIRECTION('center_axis',(0.707106781186548,0.707106781186548,3.27440810608405E-16));
#6277=DIRECTION('ref_axis',(0.707106781186548,-0.707106781186548,-3.27440810608405E-16));
#6278=DIRECTION('center_axis',(0.707106781186548,-0.707106781186547,-3.5731629454853E-16));
#6279=DIRECTION('ref_axis',(-0.707106781186547,-0.707106781186548,-3.89789646657361E-16));
#6280=DIRECTION('',(-0.707106781186547,-0.707106781186548,-3.5731629454853E-16));
#6281=DIRECTION('',(0.,5.0532154980743E-16,-1.));
#6282=DIRECTION('',(0.,5.0532154980743E-16,-1.));
#6283=DIRECTION('center_axis',(1.,0.,0.));
#6284=DIRECTION('ref_axis',(0.,0.,-1.));
#6285=DIRECTION('center_axis',(-1.,0.,0.));
#6286=DIRECTION('ref_axis',(0.,1.,0.));
#6287=DIRECTION('',(0.,1.,0.));
#6288=DIRECTION('center_axis',(-1.,0.,0.));
#6289=DIRECTION('ref_axis',(0.,1.,4.59242549680257E-17));
#6290=DIRECTION('',(-1.,0.,0.));
#6291=DIRECTION('',(0.,-1.,0.));
#6292=DIRECTION('',(0.,5.0532154980743E-16,-1.));
#6293=DIRECTION('center_axis',(-0.707106781186548,-0.707106781186547,-3.5731629454853E-16));
#6294=DIRECTION('ref_axis',(-0.707106781186547,0.707106781186548,3.89789646657361E-16));
#6295=DIRECTION('',(0.707106781186547,-0.707106781186548,-3.89789646657361E-16));
#6296=DIRECTION('',(0.,5.0532154980743E-16,-1.));
#6297=DIRECTION('center_axis',(0.,-1.,-5.0532154980743E-16));
#6298=DIRECTION('ref_axis',(-1.,0.,0.));
#6299=DIRECTION('',(1.,0.,0.));
#6300=DIRECTION('center_axis',(0.,5.0532154980743E-16,-1.));
#6301=DIRECTION('ref_axis',(0.,1.,5.0532154980743E-16));
#6302=DIRECTION('center_axis',(5.8343920680082E-15,0.,-1.));
#6303=DIRECTION('ref_axis',(-1.,0.,-5.8343920680082E-15));
#6304=DIRECTION('',(0.,-1.,0.));
#6305=DIRECTION('',(0.707106781186547,-0.707106781186548,4.1255381953896E-15));
#6306=DIRECTION('',(0.,1.,0.));
#6307=DIRECTION('',(-0.707106781186547,-0.707106781186548,-4.1255381953896E-15));
#6308=DIRECTION('center_axis',(0.,1.,0.));
#6309=DIRECTION('ref_axis',(1.,0.,5.35968668817943E-15));
#6310=DIRECTION('',(0.,1.,0.));
#6311=DIRECTION('center_axis',(0.707106781186548,0.707106781186548,-5.88784672006413E-16));
#6312=DIRECTION('ref_axis',(-0.707106781186548,0.707106781186548,-3.1686127781317E-15));
#6313=DIRECTION('center_axis',(0.,-1.,0.));
#6314=DIRECTION('ref_axis',(0.707106781186796,0.,-0.707106781186299));
#6315=DIRECTION('',(0.,-1.,0.));
#6316=DIRECTION('center_axis',(0.707106781186548,-0.707106781186548,-2.77814959173486E-15));
#6317=DIRECTION('ref_axis',(-0.707106781186548,-0.707106781186548,-9.79247858403256E-16));
#6318=DIRECTION('',(5.8343920680082E-15,0.,-1.));
#6319=DIRECTION('center_axis',(-0.707106781186548,-0.707106781186547,-4.12553819538961E-15));
#6320=DIRECTION('ref_axis',(-0.707106781186547,0.707106781186548,-3.9901778509271E-15));
#6321=DIRECTION('',(-0.707106781186547,0.707106781186548,-3.05375024648713E-15));
#6322=DIRECTION('',(5.8343920680082E-15,0.,-1.));
#6323=DIRECTION('center_axis',(0.,1.,0.));
#6324=DIRECTION('ref_axis',(1.,0.,5.35968668817943E-15));
#6325=DIRECTION('',(0.,1.,0.));
#6326=DIRECTION('center_axis',(0.,1.,0.));
#6327=DIRECTION('ref_axis',(1.,0.,5.55111512312578E-15));
#6328=DIRECTION('center_axis',(-1.,0.,-5.8343920680082E-15));
#6329=DIRECTION('ref_axis',(0.,1.,0.));
#6330=DIRECTION('',(0.,-1.,0.));
#6331=DIRECTION('',(-5.8343920680082E-15,0.,1.));
#6332=DIRECTION('',(5.8343920680082E-15,0.,-1.));
#6333=DIRECTION('center_axis',(-0.707106781186548,0.707106781186547,-4.1255381953896E-15));
#6334=DIRECTION('ref_axis',(0.707106781186547,0.707106781186548,3.9901778509271E-15));
#6335=DIRECTION('',(0.707106781186547,0.707106781186548,3.05375024648714E-15));
#6336=DIRECTION('center_axis',(-4.31865501468229E-15,0.,1.));
#6337=DIRECTION('ref_axis',(1.,0.,4.31865501468229E-15));
#6338=DIRECTION('center_axis',(0.,-1.,0.));
#6339=DIRECTION('ref_axis',(0.,0.,-1.));
#6340=DIRECTION('',(1.,0.,5.5511151231258E-15));
#6341=DIRECTION('center_axis',(0.,8.59850725211888E-15,-1.));
#6342=DIRECTION('ref_axis',(0.,1.,8.59850725211888E-15));
#6343=DIRECTION('',(-1.,0.,0.));
#6344=DIRECTION('',(-0.707106781186548,-0.707106781186548,-6.08006278605497E-15));
#6345=DIRECTION('',(1.,0.,0.));
#6346=DIRECTION('',(-0.707106781186548,0.707106781186548,6.08006278605497E-15));
#6347=DIRECTION('center_axis',(1.,0.,0.));
#6348=DIRECTION('ref_axis',(0.,-1.,-8.85116802702257E-15));
#6349=DIRECTION('',(1.,0.,0.));
#6350=DIRECTION('center_axis',(0.707106781186548,-0.707106781186548,6.44404886238646E-15));
#6351=DIRECTION('ref_axis',(0.707106781186548,0.707106781186548,-1.52854576948416E-16));
#6352=DIRECTION('',(-1.,0.,0.));
#6353=DIRECTION('center_axis',(-0.707106781186548,-0.707106781186548,6.4712650823718E-15));
#6354=DIRECTION('ref_axis',(-0.707106781186548,0.707106781186548,-1.80070796933759E-16));
#6355=DIRECTION('center_axis',(-0.707106781186548,0.707106781186548,6.08006278605497E-15));
#6356=DIRECTION('ref_axis',(0.707106781186548,0.707106781186548,6.05841388464906E-15));
#6357=DIRECTION('',(0.707106781186548,0.707106781186548,3.89227337021077E-15));
#6358=DIRECTION('',(0.,8.59850725211888E-15,-1.));
#6359=DIRECTION('',(0.,8.59850725211888E-15,-1.));
#6360=DIRECTION('center_axis',(1.,0.,0.));
#6361=DIRECTION('ref_axis',(0.,-1.,-8.85116802702257E-15));
#6362=DIRECTION('',(1.,0.,0.));
#6363=DIRECTION('center_axis',(0.,1.,8.59850725211888E-15));
#6364=DIRECTION('ref_axis',(1.,0.,0.));
#6365=DIRECTION('',(-1.,0.,0.));
#6366=DIRECTION('',(0.,-8.59850725211888E-15,1.));
#6367=DIRECTION('',(0.,8.59850725211888E-15,-1.));
#6368=DIRECTION('center_axis',(0.707106781186548,0.707106781186548,6.08006278605497E-15));
#6369=DIRECTION('ref_axis',(0.707106781186548,-0.707106781186548,-6.05841388464906E-15));
#6370=DIRECTION('',(0.707106781186548,-0.707106781186548,-3.89227337021077E-15));
#6371=DIRECTION('center_axis',(0.,5.5045057886157E-15,-1.));
#6372=DIRECTION('ref_axis',(0.,1.,5.5045057886157E-15));
#6373=DIRECTION('center_axis',(0.,-8.88178419700128E-15,1.));
#6374=DIRECTION('ref_axis',(-1.,0.,0.));
#6375=DIRECTION('',(-1.,0.,0.));
#6376=DIRECTION('',(0.,1.,8.88178419700128E-15));
#6377=DIRECTION('',(1.,0.,0.));
#6378=DIRECTION('center_axis',(-5.5511151231258E-15,0.,1.));
#6379=DIRECTION('ref_axis',(0.,-1.,0.));
#6380=DIRECTION('',(0.,-1.,0.));
#6381=DIRECTION('',(-1.,0.,-5.5511151231258E-15));
#6382=DIRECTION('',(0.,1.,0.));
#6383=DIRECTION('center_axis',(-1.,0.,-5.35968668817943E-15));
#6384=DIRECTION('ref_axis',(-5.35968668817943E-15,0.,1.));
#6385=DIRECTION('',(-5.32907051820075E-15,0.,1.));
#6386=DIRECTION('',(0.,1.,0.));
#6387=DIRECTION('',(0.,1.,0.));
#6388=DIRECTION('',(-5.32907051820075E-15,0.,1.));
#6389=DIRECTION('center_axis',(0.,-8.88178419700128E-15,1.));
#6390=DIRECTION('ref_axis',(-1.,0.,0.));
#6391=DIRECTION('',(1.,0.,0.));
#6392=DIRECTION('',(0.,-1.,-8.88178419700128E-15));
#6393=DIRECTION('',(-1.,0.,0.));
#6394=DIRECTION('center_axis',(0.,1.,8.85116802702257E-15));
#6395=DIRECTION('ref_axis',(-1.,0.,0.));
#6396=DIRECTION('',(0.,-8.88178419700125E-15,1.));
#6397=DIRECTION('',(1.,0.,0.));
#6398=DIRECTION('',(1.,0.,0.));
#6399=DIRECTION('',(1.,0.,0.));
#6400=DIRECTION('',(0.,-8.88178419700125E-15,1.));
#6401=DIRECTION('center_axis',(-1.,0.,-1.71512449944288E-15));
#6402=DIRECTION('ref_axis',(-1.71512449944288E-15,0.,1.));
#6403=DIRECTION('',(-1.71512449944288E-15,0.,1.));
#6404=DIRECTION('',(0.,1.,0.));
#6405=DIRECTION('',(0.,1.,0.));
#6406=DIRECTION('',(1.71512449944288E-15,0.,-1.));
#6407=DIRECTION('center_axis',(0.,-1.,0.));
#6408=DIRECTION('ref_axis',(-1.71512449944288E-15,0.,1.));
#6409=DIRECTION('',(-1.77635683940025E-15,0.,1.));
#6410=DIRECTION('',(-1.,0.,-1.71512449944288E-15));
#6411=DIRECTION('center_axis',(-1.,1.80524069044742E-17,-1.2396062447002E-15));
#6412=DIRECTION('ref_axis',(-1.2396062447002E-15,0.,1.));
#6413=DIRECTION('',(1.71512449944288E-15,0.,-1.));
#6414=DIRECTION('',(0.,1.,0.));
#6415=DIRECTION('',(-1.80524069044742E-17,-1.,-3.09621253557755E-32));
#6416=DIRECTION('center_axis',(0.,-1.,-4.59242549680257E-17));
#6417=DIRECTION('ref_axis',(-1.,0.,0.));
#6418=DIRECTION('',(0.,-2.13992216043026E-32,1.));
#6419=DIRECTION('',(-1.,0.,0.));
#6420=DIRECTION('',(-1.,0.,0.));
#6421=DIRECTION('',(0.,6.12323399573677E-17,-1.));
#6422=DIRECTION('center_axis',(0.,-1.,0.));
#6423=DIRECTION('ref_axis',(0.,0.,1.));
#6424=DIRECTION('center_axis',(0.,1.,0.));
#6425=DIRECTION('ref_axis',(-1.,0.,-2.22044604925031E-15));
#6426=DIRECTION('',(0.,-1.,0.));
#6427=DIRECTION('center_axis',(0.,-1.,0.));
#6428=DIRECTION('ref_axis',(0.,0.,1.));
#6429=DIRECTION('center_axis',(0.,-1.,0.));
#6430=DIRECTION('ref_axis',(0.,0.,-1.));
#6431=DIRECTION('center_axis',(0.,1.,0.));
#6432=DIRECTION('ref_axis',(-1.,0.,-2.2204460492503E-15));
#6433=DIRECTION('',(0.,0.,-1.));
#6434=DIRECTION('center_axis',(0.,1.,0.));
#6435=DIRECTION('ref_axis',(1.71512449944288E-15,0.,-1.));
#6436=DIRECTION('',(-1.,0.,-1.71512449944288E-15));
#6437=DIRECTION('center_axis',(-1.71512449944288E-15,0.,1.));
#6438=DIRECTION('ref_axis',(0.,1.,0.));
#6439=DIRECTION('',(-1.,0.,-1.71512449944288E-15));
#6440=DIRECTION('center_axis',(0.,1.,0.));
#6441=DIRECTION('ref_axis',(0.,0.,1.));
#6442=DIRECTION('center_axis',(0.,-1.,0.));
#6443=DIRECTION('ref_axis',(0.,0.,1.));
#6444=DIRECTION('',(0.,0.,1.));
#6445=DIRECTION('center_axis',(0.,-1.,0.));
#6446=DIRECTION('ref_axis',(0.,0.,1.));
#6447=DIRECTION('',(0.,1.,0.));
#6448=DIRECTION('center_axis',(-1.,0.,0.));
#6449=DIRECTION('ref_axis',(0.,0.,1.));
#6450=DIRECTION('',(1.,0.,0.));
#6451=DIRECTION('center_axis',(1.,0.,0.));
#6452=DIRECTION('ref_axis',(0.,1.,0.));
#6453=DIRECTION('',(-1.,0.,0.));
#6454=DIRECTION('center_axis',(-1.,0.,0.));
#6455=DIRECTION('ref_axis',(0.,0.,1.));
#6456=DIRECTION('center_axis',(1.,0.,0.));
#6457=DIRECTION('ref_axis',(0.,1.23259516440783E-32,-1.));
#6458=DIRECTION('',(0.,2.13992216043026E-32,-1.));
#6459=DIRECTION('',(0.,-1.,-6.12323399573677E-17));
#6460=DIRECTION('center_axis',(1.,0.,0.));
#6461=DIRECTION('ref_axis',(0.,0.,-1.));
#6462=DIRECTION('',(0.,0.,1.));
#6463=DIRECTION('center_axis',(1.,0.,0.));
#6464=DIRECTION('ref_axis',(0.,1.,0.));
#6465=DIRECTION('center_axis',(-1.,0.,0.));
#6466=DIRECTION('ref_axis',(0.,0.,1.));
#6467=DIRECTION('center_axis',(-1.,0.,0.));
#6468=DIRECTION('ref_axis',(0.,0.,1.));
#6469=DIRECTION('',(0.,1.,6.12323399573677E-17));
#6470=DIRECTION('center_axis',(0.,-6.12323399573677E-17,1.));
#6471=DIRECTION('ref_axis',(1.,0.,0.));
#6472=DIRECTION('',(1.,0.,0.));
#6473=DIRECTION('',(0.,1.,6.12323399573677E-17));
#6474=DIRECTION('center_axis',(-1.,0.,0.));
#6475=DIRECTION('ref_axis',(0.,-6.12323399573677E-17,1.));
#6476=DIRECTION('',(0.,-6.12323399573677E-17,1.));
#6477=DIRECTION('center_axis',(-1.,0.,0.));
#6478=DIRECTION('ref_axis',(0.,0.,1.));
#6479=DIRECTION('',(1.,0.,0.));
#6480=DIRECTION('center_axis',(0.,1.,6.12323399573677E-17));
#6481=DIRECTION('ref_axis',(1.,0.,0.));
#6482=DIRECTION('center_axis',(0.,-1.,0.));
#6483=DIRECTION('ref_axis',(1.,0.,0.));
#6484=DIRECTION('center_axis',(0.,-1.,0.));
#6485=DIRECTION('ref_axis',(0.,0.,1.));
#6486=DIRECTION('',(-1.,0.,-4.44089209850064E-15));
#6487=DIRECTION('center_axis',(0.,1.,0.));
#6488=DIRECTION('ref_axis',(0.,0.,1.));
#6489=DIRECTION('center_axis',(0.,3.10862446895045E-14,-1.));
#6490=DIRECTION('ref_axis',(0.,-1.,-3.10862446895045E-14));
#6491=DIRECTION('',(0.,1.,3.10862446895045E-14));
#6492=DIRECTION('',(0.,1.,8.82055185704388E-15));
#6493=DIRECTION('',(-1.,0.,0.));
#6494=DIRECTION('center_axis',(1.,0.,0.));
#6495=DIRECTION('ref_axis',(0.,0.,1.));
#6496=DIRECTION('center_axis',(-1.,-1.28834159896895E-15,3.13742404153911E-16));
#6497=DIRECTION('ref_axis',(0.,0.,1.));
#6498=DIRECTION('',(-1.,0.,0.));
#6499=DIRECTION('center_axis',(1.,0.,0.));
#6500=DIRECTION('ref_axis',(0.,0.,1.));
#6501=DIRECTION('center_axis',(4.44089209850064E-15,0.,-1.));
#6502=DIRECTION('ref_axis',(-1.,0.,-4.44089209850064E-15));
#6503=DIRECTION('',(0.,-1.,0.));
#6504=DIRECTION('',(1.,0.,5.39030285815812E-15));
#6505=DIRECTION('center_axis',(0.,1.,0.));
#6506=DIRECTION('ref_axis',(0.,0.,1.));
#6507=DIRECTION('',(0.,1.,0.));
#6508=DIRECTION('center_axis',(0.,1.,0.));
#6509=DIRECTION('ref_axis',(0.,0.,1.));
#6510=DIRECTION('',(0.,-1.,0.));
#6511=DIRECTION('center_axis',(1.,0.,0.));
#6512=DIRECTION('ref_axis',(0.,1.,0.));
#6513=DIRECTION('center_axis',(1.,1.28834159896895E-15,-3.13742404153911E-16));
#6514=DIRECTION('ref_axis',(0.,0.,1.));
#6515=DIRECTION('center_axis',(0.,0.,1.));
#6516=DIRECTION('ref_axis',(-1.,0.,0.));
#6517=DIRECTION('',(0.,-1.,0.));
#6518=DIRECTION('',(1.,0.,0.));
#6519=DIRECTION('',(0.,1.,0.));
#6520=DIRECTION('',(-1.,0.,0.));
#6521=DIRECTION('',(0.,-1.,0.));
#6522=DIRECTION('',(1.,0.,0.));
#6523=DIRECTION('',(0.,1.,0.));
#6524=DIRECTION('',(-1.,0.,0.));
#6525=DIRECTION('',(0.,-1.,0.));
#6526=DIRECTION('center_axis',(0.,-1.,0.));
#6527=DIRECTION('ref_axis',(5.32907051820075E-15,0.,-1.));
#6528=DIRECTION('',(5.32907051820075E-15,0.,-1.));
#6529=DIRECTION('',(-1.,0.,-5.39030285815812E-15));
#6530=DIRECTION('center_axis',(0.,-1.,0.));
#6531=DIRECTION('ref_axis',(0.,0.,-1.));
#6532=DIRECTION('',(0.,0.,1.));
#6533=DIRECTION('center_axis',(0.,-1.,0.));
#6534=DIRECTION('ref_axis',(1.,0.,4.44089209850064E-15));
#6535=DIRECTION('center_axis',(0.,1.,0.));
#6536=DIRECTION('ref_axis',(-5.39030285815812E-15,0.,1.));
#6537=DIRECTION('',(-5.39030285815812E-15,0.,1.));
#6538=DIRECTION('center_axis',(0.,1.,0.));
#6539=DIRECTION('ref_axis',(0.,0.,1.));
#6540=DIRECTION('center_axis',(1.,0.,5.39030285815812E-15));
#6541=DIRECTION('ref_axis',(5.39030285815812E-15,0.,-1.));
#6542=DIRECTION('center_axis',(-1.,0.,0.));
#6543=DIRECTION('ref_axis',(0.,-1.,0.));
#6544=DIRECTION('center_axis',(-1.,0.,0.));
#6545=DIRECTION('ref_axis',(0.,0.,1.));
#6546=DIRECTION('',(0.,1.,3.10862446895045E-14));
#6547=DIRECTION('center_axis',(0.,3.10862446895045E-14,-1.));
#6548=DIRECTION('ref_axis',(0.,1.,3.10862446895045E-14));
#6549=DIRECTION('',(-1.,0.,0.));
#6550=DIRECTION('',(0.,-1.,-8.82055185704388E-15));
#6551=DIRECTION('center_axis',(1.,0.,0.));
#6552=DIRECTION('ref_axis',(0.,0.,1.));
#6553=DIRECTION('',(-1.,0.,0.));
#6554=DIRECTION('',(1.,0.,0.));
#6555=DIRECTION('center_axis',(-1.,0.,0.));
#6556=DIRECTION('ref_axis',(0.,8.88178419700125E-15,-1.));
#6557=DIRECTION('',(0.,8.88178419700125E-15,-1.));
#6558=DIRECTION('center_axis',(1.,0.,0.));
#6559=DIRECTION('ref_axis',(0.,-8.82055185704388E-15,1.));
#6560=DIRECTION('',(0.,-8.82055185704388E-15,1.));
#6561=DIRECTION('center_axis',(0.,-1.,-8.82055185704388E-15));
#6562=DIRECTION('ref_axis',(1.,0.,0.));
#6563=DIRECTION('center_axis',(0.,0.,1.));
#6564=DIRECTION('ref_axis',(1.,0.,0.));
#6565=DIRECTION('',(1.,0.,0.));
#6566=DIRECTION('',(0.,-1.,0.));
#6567=DIRECTION('',(-1.,0.,0.));
#6568=DIRECTION('',(0.,1.,0.));
#6569=DIRECTION('',(1.,0.,0.));
#6570=DIRECTION('',(0.,-1.,0.));
#6571=DIRECTION('',(-1.,0.,0.));
#6572=DIRECTION('',(0.,1.,0.));
#6573=DIRECTION('center_axis',(1.,0.,0.));
#6574=DIRECTION('ref_axis',(0.,1.,0.));
#6575=DIRECTION('',(0.,0.,1.));
#6576=DIRECTION('',(0.,0.,1.));
#6577=DIRECTION('center_axis',(0.,1.,0.));
#6578=DIRECTION('ref_axis',(-1.,0.,0.));
#6579=DIRECTION('',(0.,0.,1.));
#6580=DIRECTION('center_axis',(-1.,0.,0.));
#6581=DIRECTION('ref_axis',(0.,-1.,0.));
#6582=DIRECTION('',(0.,0.,1.));
#6583=DIRECTION('center_axis',(0.,-1.,0.));
#6584=DIRECTION('ref_axis',(1.,0.,0.));
#6585=DIRECTION('center_axis',(1.,0.,0.));
#6586=DIRECTION('ref_axis',(0.,1.,0.));
#6587=DIRECTION('',(0.,0.,1.));
#6588=DIRECTION('',(0.,0.,1.));
#6589=DIRECTION('center_axis',(0.,1.,0.));
#6590=DIRECTION('ref_axis',(-1.,0.,0.));
#6591=DIRECTION('',(0.,0.,1.));
#6592=DIRECTION('center_axis',(-1.,0.,0.));
#6593=DIRECTION('ref_axis',(0.,-1.,0.));
#6594=DIRECTION('',(0.,0.,1.));
#6595=DIRECTION('center_axis',(0.,-1.,0.));
#6596=DIRECTION('ref_axis',(1.,0.,0.));
#6597=DIRECTION('center_axis',(0.,0.,1.));
#6598=DIRECTION('ref_axis',(1.,0.,0.));
#6599=DIRECTION('center_axis',(0.,0.,1.));
#6600=DIRECTION('ref_axis',(1.,0.,0.));
#6601=DIRECTION('',(0.,0.,1.));
#6602=DIRECTION('center_axis',(0.,0.,-1.));
#6603=DIRECTION('ref_axis',(1.,0.,0.));
#6604=DIRECTION('center_axis',(0.,0.,1.));
#6605=DIRECTION('ref_axis',(1.,0.,0.));
#6606=DIRECTION('center_axis',(0.,0.,1.));
#6607=DIRECTION('ref_axis',(1.,0.,0.));
#6608=DIRECTION('',(0.,0.,1.));
#6609=DIRECTION('center_axis',(0.,0.,-1.));
#6610=DIRECTION('ref_axis',(1.,0.,0.));
#6611=DIRECTION('center_axis',(0.,0.,1.));
#6612=DIRECTION('ref_axis',(1.,0.,0.));
#6613=DIRECTION('center_axis',(0.,0.,1.));
#6614=DIRECTION('ref_axis',(1.,0.,0.));
#6615=DIRECTION('',(0.,0.,1.));
#6616=DIRECTION('center_axis',(0.,0.,-1.));
#6617=DIRECTION('ref_axis',(1.,0.,0.));
#6618=DIRECTION('center_axis',(0.,0.,1.));
#6619=DIRECTION('ref_axis',(1.,0.,0.));
#6620=DIRECTION('center_axis',(0.,0.,1.));
#6621=DIRECTION('ref_axis',(1.,0.,0.));
#6622=DIRECTION('',(0.,0.,1.));
#6623=DIRECTION('center_axis',(0.,0.,-1.));
#6624=DIRECTION('ref_axis',(1.,0.,0.));
#6625=DIRECTION('center_axis',(0.,0.,1.));
#6626=DIRECTION('ref_axis',(1.,0.,0.));
#6627=DIRECTION('center_axis',(0.,0.,1.));
#6628=DIRECTION('ref_axis',(1.,0.,0.));
#6629=DIRECTION('',(0.,0.,1.));
#6630=DIRECTION('center_axis',(0.,0.,-1.));
#6631=DIRECTION('ref_axis',(1.,0.,0.));
#6632=DIRECTION('center_axis',(0.,0.,1.));
#6633=DIRECTION('ref_axis',(1.,0.,0.));
#6634=DIRECTION('center_axis',(0.,0.,1.));
#6635=DIRECTION('ref_axis',(1.,0.,0.));
#6636=DIRECTION('',(0.,0.,1.));
#6637=DIRECTION('center_axis',(0.,0.,-1.));
#6638=DIRECTION('ref_axis',(1.,0.,0.));
#6639=DIRECTION('center_axis',(0.,0.,1.));
#6640=DIRECTION('ref_axis',(1.,0.,0.));
#6641=DIRECTION('center_axis',(0.,0.,1.));
#6642=DIRECTION('ref_axis',(1.,0.,0.));
#6643=DIRECTION('',(0.,0.,1.));
#6644=DIRECTION('center_axis',(0.,0.,-1.));
#6645=DIRECTION('ref_axis',(1.,0.,0.));
#6646=DIRECTION('center_axis',(0.,0.,1.));
#6647=DIRECTION('ref_axis',(1.,0.,0.));
#6648=DIRECTION('center_axis',(0.,0.,1.));
#6649=DIRECTION('ref_axis',(1.,0.,0.));
#6650=DIRECTION('',(0.,0.,1.));
#6651=DIRECTION('center_axis',(0.,0.,-1.));
#6652=DIRECTION('ref_axis',(1.,0.,0.));
#6653=DIRECTION('center_axis',(0.,0.,1.));
#6654=DIRECTION('ref_axis',(1.,0.,0.));
#6655=DIRECTION('center_axis',(0.,0.,1.));
#6656=DIRECTION('ref_axis',(1.,0.,0.));
#6657=DIRECTION('',(0.,0.,1.));
#6658=DIRECTION('center_axis',(0.,0.,-1.));
#6659=DIRECTION('ref_axis',(1.,0.,0.));
#6660=DIRECTION('center_axis',(0.,0.,1.));
#6661=DIRECTION('ref_axis',(1.,0.,0.));
#6662=DIRECTION('center_axis',(0.,0.,1.));
#6663=DIRECTION('ref_axis',(1.,0.,0.));
#6664=DIRECTION('',(0.,0.,1.));
#6665=DIRECTION('center_axis',(0.,0.,-1.));
#6666=DIRECTION('ref_axis',(1.,0.,0.));
#6667=DIRECTION('center_axis',(0.,0.,1.));
#6668=DIRECTION('ref_axis',(1.,0.,0.));
#6669=DIRECTION('center_axis',(0.,0.,1.));
#6670=DIRECTION('ref_axis',(1.,0.,0.));
#6671=DIRECTION('',(0.,0.,1.));
#6672=DIRECTION('center_axis',(0.,0.,-1.));
#6673=DIRECTION('ref_axis',(1.,0.,0.));
#6674=DIRECTION('center_axis',(0.,0.,1.));
#6675=DIRECTION('ref_axis',(1.,0.,0.));
#6676=DIRECTION('center_axis',(0.,0.,1.));
#6677=DIRECTION('ref_axis',(1.,0.,0.));
#6678=DIRECTION('',(0.,0.,1.));
#6679=DIRECTION('center_axis',(0.,0.,-1.));
#6680=DIRECTION('ref_axis',(1.,0.,0.));
#6681=DIRECTION('center_axis',(0.,0.,1.));
#6682=DIRECTION('ref_axis',(1.,0.,0.));
#6683=DIRECTION('center_axis',(0.,0.,1.));
#6684=DIRECTION('ref_axis',(1.,0.,0.));
#6685=DIRECTION('',(0.,0.,1.));
#6686=DIRECTION('center_axis',(0.,0.,-1.));
#6687=DIRECTION('ref_axis',(1.,0.,0.));
#6688=DIRECTION('center_axis',(0.,0.,-1.));
#6689=DIRECTION('ref_axis',(0.707106781186548,0.707106781186548,0.));
#6690=DIRECTION('center_axis',(0.,0.,1.));
#6691=DIRECTION('ref_axis',(0.707106781186548,0.707106781186548,0.));
#6692=DIRECTION('',(0.,0.,1.));
#6693=DIRECTION('center_axis',(0.,0.,-1.));
#6694=DIRECTION('ref_axis',(0.707106781186548,0.707106781186548,0.));
#6695=DIRECTION('',(0.,0.,-1.));
#6696=DIRECTION('center_axis',(-1.,0.,0.));
#6697=DIRECTION('ref_axis',(0.,0.,1.));
#6698=DIRECTION('',(0.,1.,0.));
#6699=DIRECTION('',(0.,0.,1.));
#6700=DIRECTION('',(0.,-1.,0.));
#6701=DIRECTION('center_axis',(0.,0.,1.));
#6702=DIRECTION('ref_axis',(1.,0.,0.));
#6703=DIRECTION('',(-1.,0.,0.));
#6704=DIRECTION('center_axis',(0.,0.,-1.));
#6705=DIRECTION('ref_axis',(-0.707106781186548,0.707106781186548,0.));
#6706=DIRECTION('',(0.,-1.,0.));
#6707=DIRECTION('center_axis',(0.,0.,-1.));
#6708=DIRECTION('ref_axis',(-0.707106781186543,-0.707106781186552,0.));
#6709=DIRECTION('',(1.,0.,0.));
#6710=DIRECTION('center_axis',(0.,0.,-1.));
#6711=DIRECTION('ref_axis',(0.707106781186552,-0.707106781186543,0.));
#6712=DIRECTION('center_axis',(0.,0.,-1.));
#6713=DIRECTION('ref_axis',(-0.707106781186548,0.707106781186548,0.));
#6714=DIRECTION('center_axis',(0.,0.,1.));
#6715=DIRECTION('ref_axis',(-0.707106781186548,0.707106781186548,0.));
#6716=DIRECTION('',(0.,0.,1.));
#6717=DIRECTION('',(0.,0.,-1.));
#6718=DIRECTION('center_axis',(1.,0.,0.));
#6719=DIRECTION('ref_axis',(0.,0.,-1.));
#6720=DIRECTION('',(0.,1.,0.));
#6721=DIRECTION('',(0.,0.,-1.));
#6722=DIRECTION('center_axis',(0.,0.,1.));
#6723=DIRECTION('ref_axis',(-0.707106781186543,-0.707106781186552,0.));
#6724=DIRECTION('center_axis',(0.,0.,1.));
#6725=DIRECTION('ref_axis',(-0.707106781186543,-0.707106781186552,0.));
#6726=DIRECTION('',(0.,0.,1.));
#6727=DIRECTION('center_axis',(0.,0.,1.));
#6728=DIRECTION('ref_axis',(0.707106781186552,-0.707106781186543,0.));
#6729=DIRECTION('',(0.,0.,-1.));
#6730=DIRECTION('center_axis',(0.,0.,1.));
#6731=DIRECTION('ref_axis',(0.707106781186552,-0.707106781186543,0.));
#6732=DIRECTION('center_axis',(0.,-1.,0.));
#6733=DIRECTION('ref_axis',(0.,0.,-1.));
#6734=DIRECTION('',(1.,0.,0.));
#6735=DIRECTION('center_axis',(0.,1.,0.));
#6736=DIRECTION('ref_axis',(0.,0.,1.));
#6737=DIRECTION('',(-1.,0.,0.));
#6738=DIRECTION('center_axis',(0.,0.,1.));
#6739=DIRECTION('ref_axis',(1.,0.,0.));
#6740=CARTESIAN_POINT('',(0.,0.,0.));
#6741=CARTESIAN_POINT('Origin',(66.7088094329834,-98.4372997283936,56.8500000000007));
#6742=CARTESIAN_POINT('',(64.7088094329834,-98.4372997283936,57.1000000000007));
#6743=CARTESIAN_POINT('Origin',(66.7088094329834,-98.4372997283936,57.1000000000007));
#6744=CARTESIAN_POINT('',(65.2088094329834,-98.4372997283936,56.6000000000007));
#6745=CARTESIAN_POINT('',(64.9588094329834,-98.4372997283936,56.8500000000007));
#6746=CARTESIAN_POINT('Origin',(66.7088094329834,-98.4372997283936,56.6000000000007));
#6747=CARTESIAN_POINT('Origin',(66.7088094329834,-98.4372997283936,53.1000000000007));
#6748=CARTESIAN_POINT('',(65.2088094329834,-98.4372997283936,55.1000000000007));
#6749=CARTESIAN_POINT('',(65.2088094329834,-98.4372997283936,53.1000000000007));
#6750=CARTESIAN_POINT('Origin',(66.7088094329834,-98.4372997283936,55.1000000000007));
#6751=CARTESIAN_POINT('Origin',(65.3995943069458,-186.342945098877,56.8500000000007));
#6752=CARTESIAN_POINT('',(63.3995943069458,-186.342945098877,57.1000000000007));
#6753=CARTESIAN_POINT('Origin',(65.3995943069458,-186.342945098877,57.1000000000007));
#6754=CARTESIAN_POINT('',(63.8995943069458,-186.342945098877,56.6000000000007));
#6755=CARTESIAN_POINT('',(63.6495943069458,-186.342945098877,56.8500000000007));
#6756=CARTESIAN_POINT('Origin',(65.3995943069458,-186.342945098877,56.6000000000007));
#6757=CARTESIAN_POINT('Origin',(65.3995943069458,-186.342945098877,53.1000000000007));
#6758=CARTESIAN_POINT('',(63.8995943069458,-186.342945098877,55.1000000000007));
#6759=CARTESIAN_POINT('',(63.8995943069458,-186.342945098877,53.1000000000007));
#6760=CARTESIAN_POINT('Origin',(65.3995943069458,-186.342945098877,55.1000000000007));
#6761=CARTESIAN_POINT('Origin',(35.5000000000003,-129.999999925494,59.1000000000006));
#6762=CARTESIAN_POINT('',(35.5000000000003,-129.999999925494,57.163508326897));
#6763=CARTESIAN_POINT('',(35.5000000000003,-140.000000074506,57.163508326897));
#6764=CARTESIAN_POINT('',(35.5000000000003,-141.,57.163508326897));
#6765=CARTESIAN_POINT('',(35.5000000000003,-129.999999925494,55.1313730334038));
#6766=CARTESIAN_POINT('',(35.5000000000003,-129.999999925494,59.1000000596053));
#6767=CARTESIAN_POINT('',(35.5000000000003,-140.000000074506,55.1313730334038));
#6768=CARTESIAN_POINT('',(35.5000000000003,-141.,55.1313730334038));
#6769=CARTESIAN_POINT('',(35.5000000000003,-140.000000074506,55.6358983848629));
#6770=CARTESIAN_POINT('Origin',(36.0000000000003,-141.,59.1000000000007));
#6771=CARTESIAN_POINT('',(34.0000000000003,-129.999999925494,59.1000000596053));
#6772=CARTESIAN_POINT('Origin',(36.0000000000003,-129.999999925494,59.1000000000007));
#6773=CARTESIAN_POINT('',(34.0000000000003,-140.000000074506,59.1000000596053));
#6774=CARTESIAN_POINT('Origin',(36.0000000000003,-140.000000074506,59.1000000000007));
#6775=CARTESIAN_POINT('',(34.0000000000003,-213.105244697194,59.1000000000012));
#6776=CARTESIAN_POINT('',(34.0000000000003,-141.,59.1000000000006));
#6777=CARTESIAN_POINT('',(36.0000000000001,-213.105244697194,57.1000000000007));
#6778=CARTESIAN_POINT('Origin',(36.0000000000003,-213.105244697194,59.1000000000007));
#6779=CARTESIAN_POINT('',(36.0000000000001,-68.8947553028058,57.1000000000007));
#6780=CARTESIAN_POINT('',(36.0000000000001,-104.947377651403,57.1000000000007));
#6781=CARTESIAN_POINT('',(34.0000000000003,-68.894755302806,59.1000000000006));
#6782=CARTESIAN_POINT('Origin',(36.0000000000003,-68.894755302806,59.1000000000007));
#6783=CARTESIAN_POINT('',(34.0000000000003,-141.,59.1000000000006));
#6784=CARTESIAN_POINT('Origin',(34.0000000000003,-129.999999925494,63.10000011921));
#6785=CARTESIAN_POINT('',(32.0000000000003,-129.999999925494,59.1000000596053));
#6786=CARTESIAN_POINT('',(32.0000000000003,-129.999999925494,63.1000000000009));
#6787=CARTESIAN_POINT('',(32.0000000000003,-129.999999925494,60.9771377952632));
#6788=CARTESIAN_POINT('Origin',(36.0000000000003,-129.999999925494,59.1000000000007));
#6789=CARTESIAN_POINT('',(34.0000000000003,-129.999999925494,63.10000011921));
#6790=CARTESIAN_POINT('',(34.0000000000003,-129.999999925494,60.9771377952632));
#6791=CARTESIAN_POINT('',(34.0000000000003,-129.999999925494,63.1000000000009));
#6792=CARTESIAN_POINT('Origin',(34.0000000000003,-140.000000074506,59.1000000596053));
#6793=CARTESIAN_POINT('',(32.0000000000003,-140.000000074506,63.10000011921));
#6794=CARTESIAN_POINT('',(32.0000000000003,-140.000000074506,59.1000000596053));
#6795=CARTESIAN_POINT('',(32.0000000000003,-140.000000074506,58.9771377654608));
#6796=CARTESIAN_POINT('',(34.0000000000003,-140.000000074506,63.10000011921));
#6797=CARTESIAN_POINT('',(34.0000000000003,-140.000000074506,63.1000000000009));
#6798=CARTESIAN_POINT('',(34.0000000000003,-140.000000074506,58.9771377654608));
#6799=CARTESIAN_POINT('Origin',(36.0000000000003,-140.000000074506,59.1000000000007));
#6800=CARTESIAN_POINT('Origin',(32.0000000000003,-141.,58.8542754713164));
#6801=CARTESIAN_POINT('',(32.0000000000003,-68.3431104085221,63.1000000000007));
#6802=CARTESIAN_POINT('',(32.0000000000003,-68.3431104085221,63.1000000000007));
#6803=CARTESIAN_POINT('',(32.0000000000003,-68.3431104085221,59.1000000000006));
#6804=CARTESIAN_POINT('',(32.0000000000003,-68.3431104085221,59.1000000000006));
#6805=CARTESIAN_POINT('',(32.0000000000003,-68.894755302806,59.1000000000006));
#6806=CARTESIAN_POINT('',(32.0000000000003,-68.894755302806,59.1000000000006));
#6807=CARTESIAN_POINT('',(32.0000000000003,-141.,59.1000000000006));
#6808=CARTESIAN_POINT('Origin',(34.0000000000003,-213.656889591478,63.1000000000012));
#6809=CARTESIAN_POINT('',(34.0000000000003,-68.3431104085221,63.1000000000007));
#6810=CARTESIAN_POINT('',(34.0000000000003,-68.3431104085221,63.1000000000007));
#6811=CARTESIAN_POINT('',(34.0000000000003,-68.3431104085221,63.1000000000007));
#6812=CARTESIAN_POINT('Origin',(34.0000000000003,-141.,58.8542754713164));
#6813=CARTESIAN_POINT('',(34.0000000000003,-68.3431104085221,59.1000000000006));
#6814=CARTESIAN_POINT('',(34.0000000000003,-68.894755302806,59.1000000000006));
#6815=CARTESIAN_POINT('',(34.0000000000003,-68.3431104085221,59.1000000000006));
#6816=CARTESIAN_POINT('Origin',(71.5000000000001,-67.9480886361391,59.1000000000007));
#6817=CARTESIAN_POINT('',(107.,-62.9999999999998,59.1000000000006));
#6818=CARTESIAN_POINT('',(35.8933712390441,-64.8961767669587,59.1000000000007));
#6819=CARTESIAN_POINT('',(71.2774329090663,-63.9526017890914,59.1000000000007));
#6820=CARTESIAN_POINT('',(107.,-67.0014219694724,55.1000000000007));
#6821=CARTESIAN_POINT('Ctrl Pts',(107.,-62.9999999999998,59.1000000000007));
#6822=CARTESIAN_POINT('Ctrl Pts',(106.984767319863,-63.0004062048035,58.202402098975));
#6823=CARTESIAN_POINT('Ctrl Pts',(106.977892179018,-63.3142201330177,57.3034559271671));
#6824=CARTESIAN_POINT('Ctrl Pts',(106.977578526791,-63.8740898844318,56.6052060885257));
#6825=CARTESIAN_POINT('Ctrl Pts',(106.977160323822,-64.6205828863172,55.6742063036707));
#6826=CARTESIAN_POINT('Ctrl Pts',(106.988406989508,-65.80450846278,55.1000000000007));
#6827=CARTESIAN_POINT('Ctrl Pts',(107.,-67.0014219694724,55.1000000000007));
#6828=CARTESIAN_POINT('',(36.0000000000001,-68.8947553028058,55.1000000000007));
#6829=CARTESIAN_POINT('',(87.2773772690906,-67.52735857563,55.1000000000007));
#6830=CARTESIAN_POINT('Origin',(36.0000000000001,-68.8947553028057,59.1000000000007));
#6831=CARTESIAN_POINT('Origin',(71.2148089595664,-65.9549827458144,58.8564406964196));
#6832=CARTESIAN_POINT('',(35.9466856195221,-66.8954660348822,59.1000000000007));
#6833=CARTESIAN_POINT('',(107.053314380478,-64.9992892679234,59.1000000000006));
#6834=CARTESIAN_POINT('',(71.3307472895442,-65.9518910570149,59.1000000000007));
#6835=CARTESIAN_POINT('',(107.053314380478,-64.9992892679234,63.1000000000007));
#6836=CARTESIAN_POINT('',(107.053314380478,-64.9992892679234,59.1000000000006));
#6837=CARTESIAN_POINT('',(35.3952367610991,-66.9101713377735,63.1000000000007));
#6838=CARTESIAN_POINT('',(107.053314380478,-64.9992892679234,63.1000000000007));
#6839=CARTESIAN_POINT('',(35.3952367610988,-66.9101713377735,59.1000000000007));
#6840=CARTESIAN_POINT('',(35.395236761099,-66.9101713377735,59.1000000000007));
#6841=CARTESIAN_POINT('',(35.9466856195221,-66.8954660348822,59.1000000000007));
#6842=CARTESIAN_POINT('Origin',(35.395236761099,-66.9101713377735,59.1000000000007));
#6843=CARTESIAN_POINT('',(35.3419223806211,-64.91088206985,63.1000000000007));
#6844=CARTESIAN_POINT('',(35.3952367610991,-66.9101713377735,63.1000000000007));
#6845=CARTESIAN_POINT('',(35.3419223806209,-64.9108820698499,59.1000000000007));
#6846=CARTESIAN_POINT('',(35.3419223806211,-64.91088206985,59.1000000000007));
#6847=CARTESIAN_POINT('',(35.3952367610988,-66.9101713377735,59.1000000000007));
#6848=CARTESIAN_POINT('Origin',(35.9466856195221,-66.8954660348822,59.1000000000007));
#6849=CARTESIAN_POINT('',(35.8933712390441,-64.8961767669587,59.1000000000007));
#6850=CARTESIAN_POINT('',(35.9466856195221,-66.8954660348822,59.1000000000007));
#6851=CARTESIAN_POINT('Origin',(36.0000000000001,-68.8947553028058,57.1000000000007));
#6852=CARTESIAN_POINT('Origin',(36.0000000000001,-68.8947553028057,59.1000000000007));
#6853=CARTESIAN_POINT('',(36.0000000000001,-68.8947553028058,57.1000000000007));
#6854=CARTESIAN_POINT('Ctrl Pts',(107.053314380478,-64.9992892679234,59.1000000000007));
#6855=CARTESIAN_POINT('Ctrl Pts',(107.035542920318,-64.3328595119489,59.1000000000007));
#6856=CARTESIAN_POINT('Ctrl Pts',(107.017771460159,-63.6664297559743,59.1000000000007));
#6857=CARTESIAN_POINT('Ctrl Pts',(107.,-62.9999999999998,59.1000000000007));
#6858=CARTESIAN_POINT('Ctrl Pts',(107.038081700341,-64.999695472727,58.6512010494878));
#6859=CARTESIAN_POINT('Ctrl Pts',(107.020297857728,-64.3328013747357,58.5021002914581));
#6860=CARTESIAN_POINT('Ctrl Pts',(107.002551162476,-63.6673003027948,58.3515028570048));
#6861=CARTESIAN_POINT('Ctrl Pts',(106.984767319863,-63.0004062048035,58.202402098975));
#6862=CARTESIAN_POINT('Ctrl Pts',(107.012289242529,-65.3662856279146,57.6024305157119));
#6863=CARTESIAN_POINT('Ctrl Pts',(106.997772355017,-64.8219023462088,57.1034483307288));
#6864=CARTESIAN_POINT('Ctrl Pts',(106.983242212069,-64.2770219856758,56.6038432164063));
#6865=CARTESIAN_POINT('Ctrl Pts',(106.968725324557,-63.73263870397,56.1048610314231));
#6866=CARTESIAN_POINT('Ctrl Pts',(107.004358614845,-66.4026944129238,57.1000000000007));
#6867=CARTESIAN_POINT('Ctrl Pts',(106.999020040922,-66.2024978908165,56.4313804209449));
#6868=CARTESIAN_POINT('Ctrl Pts',(106.993745563431,-66.0047049848874,55.7686195790565));
#6869=CARTESIAN_POINT('Ctrl Pts',(106.988406989508,-65.80450846278,55.1000000000007));
#6870=CARTESIAN_POINT('Ctrl Pts',(107.,-67.0014219694724,57.1000000000007));
#6871=CARTESIAN_POINT('Ctrl Pts',(107.,-67.0014219694724,56.433333333334));
#6872=CARTESIAN_POINT('Ctrl Pts',(107.,-67.0014219694724,55.7666666666673));
#6873=CARTESIAN_POINT('Ctrl Pts',(107.,-67.0014219694724,55.1000000000007));
#6874=CARTESIAN_POINT('',(107.,-67.0014219694724,57.1000000000007));
#6875=CARTESIAN_POINT('Ctrl Pts',(107.,-67.0014219694724,57.1000000000007));
#6876=CARTESIAN_POINT('Ctrl Pts',(107.004358614845,-66.4026944129238,57.1000000000007));
#6877=CARTESIAN_POINT('Ctrl Pts',(107.008890402093,-65.8104608214899,57.3871031518357));
#6878=CARTESIAN_POINT('Ctrl Pts',(107.019254623668,-65.4369435173448,57.8526030442632));
#6879=CARTESIAN_POINT('Ctrl Pts',(107.02702778985,-65.156805539236,58.2017279635839));
#6880=CARTESIAN_POINT('Ctrl Pts',(107.038081700341,-64.999695472727,58.6512010494878));
#6881=CARTESIAN_POINT('Ctrl Pts',(107.053314380478,-64.9992892679234,59.1000000000007));
#6882=CARTESIAN_POINT('',(107.,-67.0014219694724,56.5535209105368));
#6883=CARTESIAN_POINT('',(107.,-67.0014219694724,56.1000000000007));
#6884=CARTESIAN_POINT('',(107.,-67.0014219694724,56.1000000000007));
#6885=CARTESIAN_POINT('',(107.053314380478,-64.9992892679234,59.1000000000006));
#6886=CARTESIAN_POINT('Origin',(107.053314380478,-64.9992892679234,63.1000000000007));
#6887=CARTESIAN_POINT('',(107.,-62.9999999999998,63.1000000000007));
#6888=CARTESIAN_POINT('',(107.,-62.9999999999998,59.1000000000006));
#6889=CARTESIAN_POINT('',(107.053314380478,-64.9992892679234,63.1000000000007));
#6890=CARTESIAN_POINT('Origin',(35.395236761099,-66.9101713377735,63.1000000000007));
#6891=CARTESIAN_POINT('',(107.,-62.9999999999998,63.1000000000007));
#6892=CARTESIAN_POINT('Origin',(71.5000000000001,-67.9480886361391,59.1000000000007));
#6893=CARTESIAN_POINT('',(87.2773772690906,-67.52735857563,57.1000000000007));
#6894=CARTESIAN_POINT('Origin',(71.1614945790885,-63.9556934778908,58.8564406964196));
#6895=CARTESIAN_POINT('Origin',(36.0000000000003,-141.,59.1000000000007));
#6896=CARTESIAN_POINT('Origin',(36.0000000000003,-68.894755302806,59.1000000000007));
#6897=CARTESIAN_POINT('',(36.0000000000001,-213.105244697194,55.1000000000007));
#6898=CARTESIAN_POINT('',(36.0000000000001,-104.947377651403,55.1000000000007));
#6899=CARTESIAN_POINT('',(32.0000000000003,-213.105244697194,59.1000000000012));
#6900=CARTESIAN_POINT('Origin',(36.0000000000003,-213.105244697194,59.1000000000007));
#6901=CARTESIAN_POINT('',(32.0000000000003,-141.,59.1000000000006));
#6902=CARTESIAN_POINT('Origin',(34.0000000000003,-141.,58.8542754713164));
#6903=CARTESIAN_POINT('',(34.0000000000003,-213.656889591478,63.1000000000012));
#6904=CARTESIAN_POINT('',(34.0000000000003,-68.3431104085221,63.1000000000007));
#6905=CARTESIAN_POINT('',(34.0000000000003,-213.656889591477,59.1000000000012));
#6906=CARTESIAN_POINT('',(34.0000000000003,-213.656889591478,59.1000000000012));
#6907=CARTESIAN_POINT('',(34.0000000000003,-213.105244697194,59.1000000000012));
#6908=CARTESIAN_POINT('Origin',(34.0000000000003,-213.656889591478,59.1000000000012));
#6909=CARTESIAN_POINT('',(32.0000000000003,-213.656889591478,63.1000000000012));
#6910=CARTESIAN_POINT('',(34.0000000000003,-213.656889591478,63.1000000000012));
#6911=CARTESIAN_POINT('',(32.0000000000003,-213.656889591477,59.1000000000012));
#6912=CARTESIAN_POINT('',(32.0000000000003,-213.656889591478,59.1000000000012));
#6913=CARTESIAN_POINT('',(34.0000000000003,-213.656889591477,59.1000000000012));
#6914=CARTESIAN_POINT('Origin',(34.0000000000003,-213.105244697194,59.1000000000012));
#6915=CARTESIAN_POINT('',(32.0000000000003,-213.105244697194,59.1000000000012));
#6916=CARTESIAN_POINT('',(34.0000000000003,-213.105244697194,59.1000000000012));
#6917=CARTESIAN_POINT('Origin',(35.9999999999999,-213.105244697194,57.1000000000007));
#6918=CARTESIAN_POINT('',(36.0000000000001,-213.105244697194,57.1000000000007));
#6919=CARTESIAN_POINT('Origin',(36.0000000000003,-68.894755302806,57.1000000000007));
#6920=CARTESIAN_POINT('',(34.0000000000003,-68.894755302806,59.1000000000006));
#6921=CARTESIAN_POINT('Origin',(34.0000000000003,-68.3431104085221,59.1000000000006));
#6922=CARTESIAN_POINT('',(34.0000000000003,-68.3431104085221,59.1000000000006));
#6923=CARTESIAN_POINT('Origin',(34.0000000000003,-68.3431104085221,63.1000000000007));
#6924=CARTESIAN_POINT('Origin',(34.0000000000003,-213.656889591478,63.1000000000012));
#6925=CARTESIAN_POINT('',(32.0000000000003,-68.3431104085221,63.1000000000007));
#6926=CARTESIAN_POINT('Origin',(32.0000000000003,-141.,58.8542754713164));
#6927=CARTESIAN_POINT('Origin',(71.5000000000001,-214.051911363861,59.1000000000007));
#6928=CARTESIAN_POINT('',(35.8933712390442,-217.103823233041,59.1000000000007));
#6929=CARTESIAN_POINT('',(107.,-219.,59.1000000000007));
#6930=CARTESIAN_POINT('',(71.2774329090664,-218.047398210908,59.1000000000007));
#6931=CARTESIAN_POINT('Origin',(36.0000000000001,-213.105244697194,59.1000000000007));
#6932=CARTESIAN_POINT('',(107.,-214.998578030527,55.1000000000007));
#6933=CARTESIAN_POINT('',(51.7773772690906,-213.525974757703,55.1000000000007));
#6934=CARTESIAN_POINT('Ctrl Pts',(107.,-214.998578030527,55.1000000000007));
#6935=CARTESIAN_POINT('Ctrl Pts',(106.988406989508,-216.19549153722,55.1000000000007));
#6936=CARTESIAN_POINT('Ctrl Pts',(106.977161006989,-217.379391494907,55.6742403374825));
#6937=CARTESIAN_POINT('Ctrl Pts',(106.977579112363,-218.125888156618,56.6052352603645));
#6938=CARTESIAN_POINT('Ctrl Pts',(106.977892691394,-218.685760652901,57.303481452526));
#6939=CARTESIAN_POINT('Ctrl Pts',(106.984767319864,-218.999593795196,58.202402098975));
#6940=CARTESIAN_POINT('Ctrl Pts',(107.,-219.,59.1000000000007));
#6941=CARTESIAN_POINT('Origin',(71.2148089595666,-216.045017254185,58.8564406964196));
#6942=CARTESIAN_POINT('',(107.053314380478,-217.000710732076,59.1000000000007));
#6943=CARTESIAN_POINT('',(35.9466856195221,-215.104533965118,59.1000000000007));
#6944=CARTESIAN_POINT('',(71.3307472895443,-216.048108942985,59.1000000000007));
#6945=CARTESIAN_POINT('',(35.3952367610994,-215.089828662226,59.1000000000007));
#6946=CARTESIAN_POINT('',(35.9466856195221,-215.104533965118,59.1000000000007));
#6947=CARTESIAN_POINT('',(35.3952367610991,-215.089828662226,63.1000000000007));
#6948=CARTESIAN_POINT('',(35.395236761099,-215.089828662226,59.1000000000007));
#6949=CARTESIAN_POINT('',(107.053314380478,-217.000710732076,63.1000000000007));
#6950=CARTESIAN_POINT('',(35.3952367610991,-215.089828662226,63.1000000000007));
#6951=CARTESIAN_POINT('',(107.053314380478,-217.000710732076,59.1000000000007));
#6952=CARTESIAN_POINT('Origin',(107.053314380478,-217.000710732076,59.1000000000007));
#6953=CARTESIAN_POINT('',(107.,-219.,63.1000000000007));
#6954=CARTESIAN_POINT('',(107.053314380478,-217.000710732076,63.1000000000007));
#6955=CARTESIAN_POINT('',(107.,-219.,59.1000000000007));
#6956=CARTESIAN_POINT('',(107.053314380478,-217.000710732076,59.1000000000007));
#6957=CARTESIAN_POINT('Ctrl Pts',(107.,-214.998578030527,57.1000000000007));
#6958=CARTESIAN_POINT('Ctrl Pts',(107.,-214.998578030527,56.433333333334));
#6959=CARTESIAN_POINT('Ctrl Pts',(107.,-214.998578030527,55.7666666666673));
#6960=CARTESIAN_POINT('Ctrl Pts',(107.,-214.998578030527,55.1000000000007));
#6961=CARTESIAN_POINT('Ctrl Pts',(107.004358614845,-215.597305587076,57.1000000000007));
#6962=CARTESIAN_POINT('Ctrl Pts',(106.999020040922,-215.797502109183,56.4313804209449));
#6963=CARTESIAN_POINT('Ctrl Pts',(106.993745563431,-215.995295015112,55.7686195790565));
#6964=CARTESIAN_POINT('Ctrl Pts',(106.988406989508,-216.19549153722,55.1000000000007));
#6965=CARTESIAN_POINT('Ctrl Pts',(107.012289840301,-216.633691955657,57.6024602952973));
#6966=CARTESIAN_POINT('Ctrl Pts',(106.997772952788,-217.178075237363,57.1034781103141));
#6967=CARTESIAN_POINT('Ctrl Pts',(106.983243407612,-217.722933181467,56.6039027755771));
#6968=CARTESIAN_POINT('Ctrl Pts',(106.9687265201,-218.267316463173,56.1049205905939));
#6969=CARTESIAN_POINT('Ctrl Pts',(107.038081700342,-217.000304527273,58.6512010494878));
#6970=CARTESIAN_POINT('Ctrl Pts',(107.020297857729,-217.667198625264,58.5021002914581));
#6971=CARTESIAN_POINT('Ctrl Pts',(107.002551162477,-218.332699697205,58.3515028570048));
#6972=CARTESIAN_POINT('Ctrl Pts',(106.984767319864,-218.999593795196,58.202402098975));
#6973=CARTESIAN_POINT('Ctrl Pts',(107.053314380478,-217.000710732076,59.1000000000007));
#6974=CARTESIAN_POINT('Ctrl Pts',(107.035542920319,-217.667140488051,59.1000000000007));
#6975=CARTESIAN_POINT('Ctrl Pts',(107.01777146016,-218.333570244025,59.1000000000007));
#6976=CARTESIAN_POINT('Ctrl Pts',(107.,-219.,59.1000000000007));
#6977=CARTESIAN_POINT('',(107.,-214.998578030527,57.1000000000007));
#6978=CARTESIAN_POINT('Ctrl Pts',(107.,-214.998578030527,57.1000000000007));
#6979=CARTESIAN_POINT('Ctrl Pts',(107.004358614845,-215.597305587076,57.1000000000007));
#6980=CARTESIAN_POINT('Ctrl Pts',(107.008890743677,-216.189526369122,57.3871201687416));
#6981=CARTESIAN_POINT('Ctrl Pts',(107.019254916455,-216.56304550318,57.8526176301826));
#6982=CARTESIAN_POINT('Ctrl Pts',(107.027028046038,-216.843184853723,58.2017407262633));
#6983=CARTESIAN_POINT('Ctrl Pts',(107.038081700342,-217.000304527273,58.6512010494878));
#6984=CARTESIAN_POINT('Ctrl Pts',(107.053314380478,-217.000710732076,59.1000000000007));
#6985=CARTESIAN_POINT('',(107.,-214.998578030527,56.5535209105232));
#6986=CARTESIAN_POINT('',(107.,-214.998578030527,56.1000000000007));
#6987=CARTESIAN_POINT('',(107.,-214.998578030527,56.1000000000007));
#6988=CARTESIAN_POINT('Origin',(36.0000000000001,-213.105244697194,57.1000000000007));
#6989=CARTESIAN_POINT('Origin',(36.0000000000001,-213.105244697194,59.1000000000007));
#6990=CARTESIAN_POINT('',(35.9466856195221,-215.104533965118,59.1000000000007));
#6991=CARTESIAN_POINT('Origin',(35.3952367610994,-215.089828662226,59.1000000000007));
#6992=CARTESIAN_POINT('',(35.3419223806215,-217.08911793015,59.1000000000007));
#6993=CARTESIAN_POINT('',(35.8933712390442,-217.103823233041,59.1000000000007));
#6994=CARTESIAN_POINT('',(35.3952367610994,-215.089828662226,59.1000000000007));
#6995=CARTESIAN_POINT('Origin',(35.3952367610991,-215.089828662226,63.1000000000007));
#6996=CARTESIAN_POINT('',(35.3419223806211,-217.08911793015,63.1000000000007));
#6997=CARTESIAN_POINT('',(35.3419223806211,-217.08911793015,59.1000000000007));
#6998=CARTESIAN_POINT('',(35.3952367610991,-215.089828662226,63.1000000000007));
#6999=CARTESIAN_POINT('Origin',(107.053314380478,-217.000710732076,63.1000000000007));
#7000=CARTESIAN_POINT('',(35.3419223806211,-217.08911793015,63.1000000000007));
#7001=CARTESIAN_POINT('Origin',(71.5000000000001,-214.051911363861,59.1000000000007));
#7002=CARTESIAN_POINT('',(51.7773772690906,-213.525974757703,57.1000000000007));
#7003=CARTESIAN_POINT('Origin',(71.1614945790886,-218.044306522109,58.8564406964196));
#7004=CARTESIAN_POINT('Origin',(107.,-219.,55.1000000000007));
#7005=CARTESIAN_POINT('',(107.,-217.,57.1000000000007));
#7006=CARTESIAN_POINT('',(107.,-217.,55.1000000000007));
#7007=CARTESIAN_POINT('Origin',(69.5000000000001,-141.,57.1000000000007));
#7008=CARTESIAN_POINT('Origin',(69.5000000000001,-141.,55.1000000000007));
#7009=CARTESIAN_POINT('Origin',(-168.,-97.,31.1570233782927));
#7010=CARTESIAN_POINT('',(-168.000003875327,-44.,15.4));
#7011=CARTESIAN_POINT('',(-168.,-155.,15.4000000000001));
#7012=CARTESIAN_POINT('',(-168.,-121.5,15.4000000000001));
#7013=CARTESIAN_POINT('',(-168.,-155.,48.3999999999994));
#7014=CARTESIAN_POINT('',(-168.,-155.,31.1537236651306));
#7015=CARTESIAN_POINT('',(-168.000003875327,-44.,48.4));
#7016=CARTESIAN_POINT('',(-168.000003875327,-46.0000000000001,48.4));
#7017=CARTESIAN_POINT('',(-168.000003875327,-44.,15.4));
#7018=CARTESIAN_POINT('Origin',(-166.,-97.,31.1570233782927));
#7019=CARTESIAN_POINT('',(-166.,-46.,15.4));
#7020=CARTESIAN_POINT('',(-166.,-153.,15.4000000000001));
#7021=CARTESIAN_POINT('',(-166.,-121.5,15.4000000000001));
#7022=CARTESIAN_POINT('',(-166.,-46.,48.4));
#7023=CARTESIAN_POINT('',(-166.,-46.,31.1537236651308));
#7024=CARTESIAN_POINT('',(-166.,-153.,48.3999999999994));
#7025=CARTESIAN_POINT('',(-166.,-121.792893218813,48.3999999999996));
#7026=CARTESIAN_POINT('',(-166.,-153.,31.1537236651306));
#7027=CARTESIAN_POINT('Origin',(-126.28052255626,-44.,31.1504239519684));
#7028=CARTESIAN_POINT('',(-93.,-44.,15.4));
#7029=CARTESIAN_POINT('',(-159.585786437627,-44.,15.4));
#7030=CARTESIAN_POINT('',(-93.,-44.,48.4));
#7031=CARTESIAN_POINT('',(-159.585786437627,-44.,48.4));
#7032=CARTESIAN_POINT('',(-93.,-44.,15.4));
#7033=CARTESIAN_POINT('Origin',(-126.28052255626,-46.,31.1504239519684));
#7034=CARTESIAN_POINT('',(-93.,-46.,15.4));
#7035=CARTESIAN_POINT('',(-126.,-46.,15.4));
#7036=CARTESIAN_POINT('',(-93.,-46.,48.4));
#7037=CARTESIAN_POINT('',(-93.,-46.,6.35221315766143));
#7038=CARTESIAN_POINT('',(-142.933154496944,-46.,48.4));
#7039=CARTESIAN_POINT('Origin',(-126.28052255626,-153.,31.1504239519683));
#7040=CARTESIAN_POINT('',(-93.,-153.,48.4));
#7041=CARTESIAN_POINT('',(-143.64026127813,-153.,48.3999999999994));
#7042=CARTESIAN_POINT('',(-93.,-153.,15.4));
#7043=CARTESIAN_POINT('',(-93.,-153.,23.2752119759839));
#7044=CARTESIAN_POINT('',(-143.64026127813,-153.,15.3999999999999));
#7045=CARTESIAN_POINT('Origin',(-161.,-146.585786437627,48.3999999999995));
#7046=CARTESIAN_POINT('',(-93.,-155.,48.4));
#7047=CARTESIAN_POINT('',(-143.64026127813,-155.,48.3999999999994));
#7048=CARTESIAN_POINT('',(-93.,-148.,48.4));
#7049=CARTESIAN_POINT('',(-93.,-46.,48.4));
#7050=CARTESIAN_POINT('Origin',(-93.,-46.,15.4));
#7051=CARTESIAN_POINT('',(-93.,-45.56,15.4));
#7052=CARTESIAN_POINT('Origin',(-161.,-146.,15.4));
#7053=CARTESIAN_POINT('',(-93.,-155.,15.4));
#7054=CARTESIAN_POINT('',(-143.64026127813,-155.,15.3999999999999));
#7055=CARTESIAN_POINT('',(-93.,-148.44,15.4));
#7056=CARTESIAN_POINT('Origin',(-93.,-46.,15.4));
#7057=CARTESIAN_POINT('',(-93.,-155.,23.2752119759839));
#7058=CARTESIAN_POINT('Origin',(-126.28052255626,-155.,31.1504239519683));
#7059=CARTESIAN_POINT('Origin',(-22.2094108544125,-152.,112.));
#7060=CARTESIAN_POINT('',(-50.9999999999997,-152.,171.));
#7061=CARTESIAN_POINT('',(-54.9999999999997,-152.,167.));
#7062=CARTESIAN_POINT('Origin',(-50.9999999999997,-152.,167.));
#7063=CARTESIAN_POINT('',(11.0000000000003,-152.,171.));
#7064=CARTESIAN_POINT('',(-21.1047054272061,-152.,171.));
#7065=CARTESIAN_POINT('',(15.0000000000003,-152.,167.));
#7066=CARTESIAN_POINT('Origin',(11.0000000000003,-152.,167.));
#7067=CARTESIAN_POINT('',(15.0000000000001,-152.,53.));
#7068=CARTESIAN_POINT('',(15.0000000000002,-152.,112.127189961631));
#7069=CARTESIAN_POINT('',(13.0000000000001,-152.,52.9999999999999));
#7070=CARTESIAN_POINT('',(-4.60470542720625,-152.,52.9999999999999));
#7071=CARTESIAN_POINT('',(13.0000000000001,-152.,56.4914202793875));
#7072=CARTESIAN_POINT('',(13.0000000000003,-152.,176.047786842339));
#7073=CARTESIAN_POINT('',(13.0000000000001,-152.,57.7695893711961));
#7074=CARTESIAN_POINT('Origin',(11.1048559571405,-152.,57.1305048252918));
#7075=CARTESIAN_POINT('',(13.0000000000003,-152.,166.177124344468));
#7076=CARTESIAN_POINT('',(13.0000000000003,-152.,176.047786842339));
#7077=CARTESIAN_POINT('',(10.1771243444676,-152.,169.));
#7078=CARTESIAN_POINT('Origin',(11.5,-152.,167.5));
#7079=CARTESIAN_POINT('',(-50.2410303105495,-152.,169.));
#7080=CARTESIAN_POINT('',(-54.9999999999997,-152.,169.));
#7081=CARTESIAN_POINT('',(-50.8468067329706,-152.,169.));
#7082=CARTESIAN_POINT('Origin',(-50.54391852176,-152.,167.023068354366));
#7083=CARTESIAN_POINT('',(-50.9999999999997,-152.,169.));
#7084=CARTESIAN_POINT('',(-54.9999999999997,-152.,169.));
#7085=CARTESIAN_POINT('',(-52.9999999999997,-152.,167.));
#7086=CARTESIAN_POINT('Origin',(-50.9999999999997,-152.,167.));
#7087=CARTESIAN_POINT('',(-52.9999999999997,-152.,52.9999999999999));
#7088=CARTESIAN_POINT('',(-52.9999999999997,-152.,176.047786842339));
#7089=CARTESIAN_POINT('',(-55.,-152.,53.));
#7090=CARTESIAN_POINT('',(-4.60470542720625,-152.,52.9999999999999));
#7091=CARTESIAN_POINT('',(-54.9999999999997,-152.,112.127189961631));
#7092=CARTESIAN_POINT('Origin',(11.5,-152.,167.5));
#7093=CARTESIAN_POINT('',(13.0000000000003,-154.,166.177124344468));
#7094=CARTESIAN_POINT('',(13.0000000000003,-152.,166.177124344468));
#7095=CARTESIAN_POINT('',(10.1771243444676,-154.,169.));
#7096=CARTESIAN_POINT('Origin',(11.5,-154.,167.5));
#7097=CARTESIAN_POINT('',(10.1771243444676,-152.,169.));
#7098=CARTESIAN_POINT('Origin',(11.1048559571405,-152.000000000001,57.1305048252918));
#7099=CARTESIAN_POINT('',(13.0000000000001,-154.000000000001,56.4914202793875));
#7100=CARTESIAN_POINT('',(13.0000000000001,-152.000000000001,56.4914202793875));
#7101=CARTESIAN_POINT('',(13.0000000000001,-154.000000000001,57.7695893711962));
#7102=CARTESIAN_POINT('Origin',(11.1048559571405,-154.000000000001,57.1305048252918));
#7103=CARTESIAN_POINT('',(13.0000000000001,-152.000000000001,57.7695893711962));
#7104=CARTESIAN_POINT('Origin',(13.0000000000001,-208.585786437627,52.9999999999999));
#7105=CARTESIAN_POINT('',(-52.9999999999997,-208.585786437627,52.9999999999999));
#7106=CARTESIAN_POINT('',(-52.9999999999997,-208.585786437627,52.9999999999999));
#7107=CARTESIAN_POINT('',(-54.9999999999997,-208.585786437627,52.9999999999999));
#7108=CARTESIAN_POINT('',(-52.9999999999997,-208.585786437627,52.9999999999999));
#7109=CARTESIAN_POINT('',(-55.,-152.,53.));
#7110=CARTESIAN_POINT('Origin',(13.0000000000001,-208.585786437627,52.9999999999999));
#7111=CARTESIAN_POINT('',(15.0000000000001,-208.585786437627,52.9999999999999));
#7112=CARTESIAN_POINT('',(15.0000000000001,-152.,53.));
#7113=CARTESIAN_POINT('',(13.0000000000001,-208.585786437627,52.9999999999999));
#7114=CARTESIAN_POINT('',(13.0000000000001,-208.585786437627,52.9999999999999));
#7115=CARTESIAN_POINT('',(13.0000000000001,-152.,52.9999999999999));
#7116=CARTESIAN_POINT('Origin',(15.0000000000002,-180.28532643149,112.254379923262));
#7117=CARTESIAN_POINT('',(15.0000000000003,-208.,167.));
#7118=CARTESIAN_POINT('',(15.0000000000003,-180.142663215745,167.));
#7119=CARTESIAN_POINT('',(15.0000000000003,-208.585786437627,167.));
#7120=CARTESIAN_POINT('',(15.0000000000003,-208.,167.));
#7121=CARTESIAN_POINT('',(15.0000000000003,-208.585786437627,167.));
#7122=CARTESIAN_POINT('Origin',(-19.9999999999997,-182.,171.));
#7123=CARTESIAN_POINT('',(-50.9999999999997,-208.,171.));
#7124=CARTESIAN_POINT('',(-50.9999999999997,-195.,171.));
#7125=CARTESIAN_POINT('',(11.0000000000003,-208.,171.));
#7126=CARTESIAN_POINT('',(-4.49999999999971,-208.,171.));
#7127=CARTESIAN_POINT('',(11.0000000000003,-167.,171.));
#7128=CARTESIAN_POINT('Origin',(11.1048559571405,-154.600860619028,57.1305048252918));
#7129=CARTESIAN_POINT('Ctrl Pts',(13.0000000000001,-154.000000000001,57.7695893711961));
#7130=CARTESIAN_POINT('Ctrl Pts',(13.0000000000001,-154.122704467954,57.1305048252918));
#7131=CARTESIAN_POINT('Ctrl Pts',(13.0000000000001,-154.000000000001,56.4914202793875));
#7132=CARTESIAN_POINT('Origin',(-50.54391852176,-154.600860619028,167.023068354366));
#7133=CARTESIAN_POINT('',(-50.8468067329706,-154.,169.));
#7134=CARTESIAN_POINT('',(-50.2410303105495,-154.,169.));
#7135=CARTESIAN_POINT('Ctrl Pts',(-50.8468067329707,-154.,169.));
#7136=CARTESIAN_POINT('Ctrl Pts',(-50.54391852176,-154.027561857688,169.));
#7137=CARTESIAN_POINT('Ctrl Pts',(-50.2410303105493,-154.,169.));
#7138=CARTESIAN_POINT('Origin',(-50.54391852176,-154.,167.023068354366));
#7139=CARTESIAN_POINT('Origin',(-50.54391852176,-152.,167.023068354366));
#7140=CARTESIAN_POINT('',(-50.2410303105495,-152.,169.));
#7141=CARTESIAN_POINT('',(-50.8468067329706,-152.,169.));
#7142=CARTESIAN_POINT('Origin',(-19.9999999999997,-182.,169.));
#7143=CARTESIAN_POINT('',(11.0000000000003,-154.251677181842,169.));
#7144=CARTESIAN_POINT('Ctrl Pts',(10.1771243444676,-154.,169.));
#7145=CARTESIAN_POINT('Ctrl Pts',(10.6366852241631,-154.182644173179,169.));
#7146=CARTESIAN_POINT('Ctrl Pts',(11.0000000000003,-154.251677181842,169.));
#7147=CARTESIAN_POINT('',(11.0000000000003,-208.,169.));
#7148=CARTESIAN_POINT('',(11.0000000000003,-167.,169.));
#7149=CARTESIAN_POINT('',(-50.9999999999997,-208.,169.));
#7150=CARTESIAN_POINT('',(-4.49999999999971,-208.,169.));
#7151=CARTESIAN_POINT('',(-50.9999999999997,-195.,169.));
#7152=CARTESIAN_POINT('Origin',(11.5,-154.600860619028,167.5));
#7153=CARTESIAN_POINT('',(13.0000000000003,-154.251677181842,167.));
#7154=CARTESIAN_POINT('Ctrl Pts',(13.0000000000003,-154.251677181842,167.));
#7155=CARTESIAN_POINT('Ctrl Pts',(13.0000000000003,-154.182644173179,166.636685224163));
#7156=CARTESIAN_POINT('Ctrl Pts',(13.0000000000003,-154.,166.177124344468));
#7157=CARTESIAN_POINT('Ctrl Pts',(11.0000000000003,-154.251677181842,169.));
#7158=CARTESIAN_POINT('Ctrl Pts',(11.1722227523272,-154.284401022281,169.));
#7159=CARTESIAN_POINT('Ctrl Pts',(11.3428489016229,-154.314209297969,168.977067912227));
#7160=CARTESIAN_POINT('Ctrl Pts',(11.5,-154.338589962126,168.936491673104));
#7161=CARTESIAN_POINT('Ctrl Pts',(11.6618710432459,-154.363702885822,168.894696749455));
#7162=CARTESIAN_POINT('Ctrl Pts',(11.8326104836764,-154.386564729964,168.827547034422));
#7163=CARTESIAN_POINT('Ctrl Pts',(12.1490149725409,-154.417249737651,168.647098350545));
#7164=CARTESIAN_POINT('Ctrl Pts',(12.2946733824736,-154.424872618262,168.533753742273));
#7165=CARTESIAN_POINT('Ctrl Pts',(12.5337537422728,-154.424872618262,168.294673382474));
#7166=CARTESIAN_POINT('Ctrl Pts',(12.6470983505452,-154.417249737651,168.149014972541));
#7167=CARTESIAN_POINT('Ctrl Pts',(12.8275470344221,-154.386564729963,167.832610483676));
#7168=CARTESIAN_POINT('Ctrl Pts',(12.8946967494557,-154.363702885822,167.661871043246));
#7169=CARTESIAN_POINT('Ctrl Pts',(12.977067912181,-154.314209297996,167.342848901803));
#7170=CARTESIAN_POINT('Ctrl Pts',(13.0000000000003,-154.284401022205,167.17222275193));
#7171=CARTESIAN_POINT('Ctrl Pts',(13.0000000000003,-154.251677181842,167.));
#7172=CARTESIAN_POINT('Origin',(11.0000000000003,-180.,167.));
#7173=CARTESIAN_POINT('',(13.0000000000003,-208.,167.));
#7174=CARTESIAN_POINT('',(13.0000000000003,-180.142663215745,167.));
#7175=CARTESIAN_POINT('Origin',(11.0000000000003,-208.,167.));
#7176=CARTESIAN_POINT('Origin',(13.0000000000002,-180.28532643149,112.254379923262));
#7177=CARTESIAN_POINT('',(13.0000000000003,-208.585786437627,167.));
#7178=CARTESIAN_POINT('',(13.0000000000003,-208.585786437627,167.));
#7179=CARTESIAN_POINT('',(13.0000000000003,-208.,167.));
#7180=CARTESIAN_POINT('Origin',(11.0000000000003,-180.,167.));
#7181=CARTESIAN_POINT('Origin',(11.0000000000003,-208.,167.));
#7182=CARTESIAN_POINT('Origin',(13.0000000000003,-208.585786437627,167.));
#7183=CARTESIAN_POINT('',(13.0000000000003,-208.585786437627,167.));
#7184=CARTESIAN_POINT('Origin',(13.0000000000003,-208.,167.));
#7185=CARTESIAN_POINT('',(13.0000000000003,-208.,167.));
#7186=CARTESIAN_POINT('Origin',(11.0000000000003,-208.,169.));
#7187=CARTESIAN_POINT('',(11.0000000000003,-208.,169.));
#7188=CARTESIAN_POINT('Origin',(-19.9999999999997,-208.,167.));
#7189=CARTESIAN_POINT('',(11.0000000000003,-212.,167.));
#7190=CARTESIAN_POINT('',(-50.9999999999997,-212.,167.));
#7191=CARTESIAN_POINT('',(-19.9999999999997,-212.,167.));
#7192=CARTESIAN_POINT('Origin',(11.0000000000003,-208.,167.));
#7193=CARTESIAN_POINT('Origin',(-50.9999999999997,-208.,167.));
#7194=CARTESIAN_POINT('Origin',(-19.9999999999997,-210.,112.247361671863));
#7195=CARTESIAN_POINT('',(-50.9999999999997,-210.,167.));
#7196=CARTESIAN_POINT('',(11.0000000000003,-210.,167.));
#7197=CARTESIAN_POINT('',(-19.9999999999997,-210.,167.));
#7198=CARTESIAN_POINT('',(11.5857864376272,-210.,167.));
#7199=CARTESIAN_POINT('',(11.0000000000003,-210.,167.));
#7200=CARTESIAN_POINT('',(11.5857864376272,-210.,52.9999999999999));
#7201=CARTESIAN_POINT('',(11.5857864376272,-210.,167.));
#7202=CARTESIAN_POINT('',(-51.5857864376266,-210.,52.9999999999999));
#7203=CARTESIAN_POINT('',(11.5857864376272,-210.,52.9999999999999));
#7204=CARTESIAN_POINT('',(-51.5857864376266,-210.,167.));
#7205=CARTESIAN_POINT('',(-51.5857864376266,-210.,167.));
#7206=CARTESIAN_POINT('',(-50.9999999999997,-210.,167.));
#7207=CARTESIAN_POINT('Origin',(-51.5857864376266,-210.,167.));
#7208=CARTESIAN_POINT('',(-51.5857864376266,-212.,52.9999999999999));
#7209=CARTESIAN_POINT('',(-51.5857864376266,-210.,52.9999999999999));
#7210=CARTESIAN_POINT('',(-51.5857864376266,-212.,167.));
#7211=CARTESIAN_POINT('',(-51.5857864376266,-212.,167.));
#7212=CARTESIAN_POINT('',(-51.5857864376266,-210.,167.));
#7213=CARTESIAN_POINT('Origin',(-50.9999999999997,-210.,167.));
#7214=CARTESIAN_POINT('',(-50.9999999999997,-212.,167.));
#7215=CARTESIAN_POINT('',(-50.9999999999997,-210.,167.));
#7216=CARTESIAN_POINT('Origin',(-50.9999999999997,-208.,169.));
#7217=CARTESIAN_POINT('Origin',(-50.9999999999997,-208.,167.));
#7218=CARTESIAN_POINT('',(-50.9999999999997,-208.,169.));
#7219=CARTESIAN_POINT('Origin',(11.0000000000003,-208.,169.));
#7220=CARTESIAN_POINT('Origin',(11.0000000000003,-208.,167.));
#7221=CARTESIAN_POINT('',(11.0000000000003,-210.,167.));
#7222=CARTESIAN_POINT('Origin',(11.5857864376272,-210.,167.));
#7223=CARTESIAN_POINT('',(11.5857864376272,-212.,167.));
#7224=CARTESIAN_POINT('',(11.0000000000003,-212.,167.));
#7225=CARTESIAN_POINT('',(11.5857864376272,-210.,167.));
#7226=CARTESIAN_POINT('Origin',(11.5857864376272,-210.,52.9999999999999));
#7227=CARTESIAN_POINT('',(11.5857864376272,-212.,52.9999999999999));
#7228=CARTESIAN_POINT('',(11.5857864376272,-212.,167.));
#7229=CARTESIAN_POINT('',(11.5857864376272,-210.,52.9999999999999));
#7230=CARTESIAN_POINT('Origin',(-51.5857864376266,-210.,52.9999999999999));
#7231=CARTESIAN_POINT('',(11.5857864376272,-212.,52.9999999999999));
#7232=CARTESIAN_POINT('Origin',(-19.9999999999997,-208.,167.));
#7233=CARTESIAN_POINT('Origin',(-19.9999999999997,-212.,112.247361671863));
#7234=CARTESIAN_POINT('Origin',(-50.9999999999997,-180.,167.));
#7235=CARTESIAN_POINT('',(-54.9999999999997,-208.,167.));
#7236=CARTESIAN_POINT('',(-54.9999999999997,-180.142663215745,167.));
#7237=CARTESIAN_POINT('Origin',(-50.9999999999997,-208.,167.));
#7238=CARTESIAN_POINT('Origin',(-52.9999999999997,-180.28532643149,112.254379923262));
#7239=CARTESIAN_POINT('',(-52.9999999999997,-208.,167.));
#7240=CARTESIAN_POINT('',(-52.9999999999997,-180.142663215745,167.));
#7241=CARTESIAN_POINT('',(-52.9999999999997,-208.585786437627,167.));
#7242=CARTESIAN_POINT('',(-52.9999999999997,-208.,167.));
#7243=CARTESIAN_POINT('',(-52.9999999999997,-208.585786437627,167.));
#7244=CARTESIAN_POINT('Origin',(-50.9999999999997,-208.,169.));
#7245=CARTESIAN_POINT('Origin',(-50.9999999999997,-208.,167.));
#7246=CARTESIAN_POINT('',(-52.9999999999997,-208.,167.));
#7247=CARTESIAN_POINT('Origin',(-52.9999999999997,-208.585786437627,167.));
#7248=CARTESIAN_POINT('',(-54.9999999999997,-208.585786437627,167.));
#7249=CARTESIAN_POINT('',(-54.9999999999997,-208.,167.));
#7250=CARTESIAN_POINT('',(-52.9999999999997,-208.585786437627,167.));
#7251=CARTESIAN_POINT('Origin',(-52.9999999999997,-208.585786437627,52.9999999999999));
#7252=CARTESIAN_POINT('',(-54.9999999999997,-208.585786437627,167.));
#7253=CARTESIAN_POINT('Origin',(-50.9999999999997,-180.,167.));
#7254=CARTESIAN_POINT('Origin',(-54.9999999999997,-180.28532643149,112.254379923262));
#7255=CARTESIAN_POINT('Origin',(39.2,-130.8,57.));
#7256=CARTESIAN_POINT('',(40.,-130.8,57.));
#7257=CARTESIAN_POINT('',(39.2,-130.,57.));
#7258=CARTESIAN_POINT('Origin',(39.2,-130.8,57.));
#7259=CARTESIAN_POINT('',(39.2,-130.,71.2));
#7260=CARTESIAN_POINT('',(39.2,-130.,57.));
#7261=CARTESIAN_POINT('',(40.,-130.8,71.2));
#7262=CARTESIAN_POINT('Origin',(39.2,-130.8,71.2));
#7263=CARTESIAN_POINT('',(40.,-130.8,57.));
#7264=CARTESIAN_POINT('Origin',(39.2,-137.5,71.2));
#7265=CARTESIAN_POINT('',(39.2,-130.8,72.));
#7266=CARTESIAN_POINT('Origin',(39.2,-130.8,71.2));
#7267=CARTESIAN_POINT('',(39.2,-139.2,72.));
#7268=CARTESIAN_POINT('',(39.2,-137.5,72.));
#7269=CARTESIAN_POINT('',(40.,-139.2,71.2));
#7270=CARTESIAN_POINT('Origin',(39.2,-139.2,71.2));
#7271=CARTESIAN_POINT('',(40.,-137.5,71.2));
#7272=CARTESIAN_POINT('Origin',(39.2,-130.8,71.2));
#7273=CARTESIAN_POINT('Origin',(39.2,-130.8,71.2));
#7274=CARTESIAN_POINT('Origin',(39.2,-139.2,57.));
#7275=CARTESIAN_POINT('',(39.2,-140.,57.));
#7276=CARTESIAN_POINT('',(40.,-139.2,57.));
#7277=CARTESIAN_POINT('Origin',(39.2,-139.2,57.));
#7278=CARTESIAN_POINT('',(40.,-139.2,57.));
#7279=CARTESIAN_POINT('',(39.2,-140.,71.2));
#7280=CARTESIAN_POINT('Origin',(39.2,-139.2,71.2));
#7281=CARTESIAN_POINT('',(39.2,-140.,57.));
#7282=CARTESIAN_POINT('Origin',(39.2,-139.2,71.2));
#7283=CARTESIAN_POINT('Origin',(39.2,-139.2,71.2));
#7284=CARTESIAN_POINT('Origin',(40.,-140.,57.));
#7285=CARTESIAN_POINT('',(40.,-137.5,57.));
#7286=CARTESIAN_POINT('Origin',(30.,-140.,57.));
#7287=CARTESIAN_POINT('',(22.8,-140.,71.2));
#7288=CARTESIAN_POINT('',(32.5,-140.,71.2));
#7289=CARTESIAN_POINT('',(22.8,-140.,55.));
#7290=CARTESIAN_POINT('',(22.8,-140.,57.));
#7291=CARTESIAN_POINT('',(32.,-140.,55.));
#7292=CARTESIAN_POINT('',(41.2,-140.,55.));
#7293=CARTESIAN_POINT('',(32.,-140.,57.));
#7294=CARTESIAN_POINT('',(32.,-140.,57.));
#7295=CARTESIAN_POINT('',(40.,-140.,57.));
#7296=CARTESIAN_POINT('Origin',(40.,-130.,57.));
#7297=CARTESIAN_POINT('',(32.,-130.,57.));
#7298=CARTESIAN_POINT('',(30.,-130.,57.));
#7299=CARTESIAN_POINT('',(32.,-130.,55.));
#7300=CARTESIAN_POINT('',(32.,-130.,57.));
#7301=CARTESIAN_POINT('',(22.8,-130.,55.));
#7302=CARTESIAN_POINT('',(22.8,-130.,55.));
#7303=CARTESIAN_POINT('',(22.8,-130.,71.2));
#7304=CARTESIAN_POINT('',(22.8,-130.,57.));
#7305=CARTESIAN_POINT('',(37.5,-130.,71.2));
#7306=CARTESIAN_POINT('Origin',(32.5,-139.2,71.2));
#7307=CARTESIAN_POINT('',(22.8,-139.2,72.));
#7308=CARTESIAN_POINT('',(32.5,-139.2,72.));
#7309=CARTESIAN_POINT('Origin',(22.8,-139.2,71.2));
#7310=CARTESIAN_POINT('Origin',(37.5,-130.8,71.2));
#7311=CARTESIAN_POINT('',(22.8,-130.8,72.));
#7312=CARTESIAN_POINT('Origin',(22.8,-130.8,71.2));
#7313=CARTESIAN_POINT('',(37.5,-130.8,72.));
#7314=CARTESIAN_POINT('Origin',(35.,-135.,72.));
#7315=CARTESIAN_POINT('',(22.8,-132.5,72.));
#7316=CARTESIAN_POINT('Origin',(27.,-135.,55.));
#7317=CARTESIAN_POINT('',(32.,-132.75,55.));
#7318=CARTESIAN_POINT('',(22.,-139.2,55.));
#7319=CARTESIAN_POINT('Origin',(22.8,-139.2,55.));
#7320=CARTESIAN_POINT('',(22.,-130.8,55.));
#7321=CARTESIAN_POINT('',(22.,-139.2,55.));
#7322=CARTESIAN_POINT('Origin',(22.8,-130.8,55.));
#7323=CARTESIAN_POINT('Origin',(35.,-135.,57.));
#7324=CARTESIAN_POINT('',(32.,-137.25,57.));
#7325=CARTESIAN_POINT('',(32.,-132.5,57.));
#7326=CARTESIAN_POINT('',(33.,-137.25,57.));
#7327=CARTESIAN_POINT('',(33.5,-137.25,57.));
#7328=CARTESIAN_POINT('',(33.,-132.75,57.));
#7329=CARTESIAN_POINT('',(32.9999999999999,-136.125,57.));
#7330=CARTESIAN_POINT('',(32.,-132.75,57.));
#7331=CARTESIAN_POINT('',(34.,-132.75,57.));
#7332=CARTESIAN_POINT('',(32.,-132.5,57.));
#7333=CARTESIAN_POINT('Origin',(22.8,-139.2,57.));
#7334=CARTESIAN_POINT('',(22.,-139.2,71.2));
#7335=CARTESIAN_POINT('Origin',(22.8,-139.2,71.2));
#7336=CARTESIAN_POINT('',(22.,-139.2,57.));
#7337=CARTESIAN_POINT('Origin',(22.8,-132.5,71.2));
#7338=CARTESIAN_POINT('Origin',(22.8,-139.2,71.2));
#7339=CARTESIAN_POINT('',(22.,-130.8,71.2));
#7340=CARTESIAN_POINT('Origin',(22.8,-130.8,71.2));
#7341=CARTESIAN_POINT('',(22.,-132.5,71.2));
#7342=CARTESIAN_POINT('Origin',(22.8,-139.2,71.2));
#7343=CARTESIAN_POINT('Origin',(22.8,-130.8,57.));
#7344=CARTESIAN_POINT('',(22.,-130.8,57.));
#7345=CARTESIAN_POINT('Origin',(22.8,-130.8,71.2));
#7346=CARTESIAN_POINT('Origin',(22.8,-130.8,71.2));
#7347=CARTESIAN_POINT('Origin',(22.,-130.,57.));
#7348=CARTESIAN_POINT('Origin',(33.,-137.25,57.));
#7349=CARTESIAN_POINT('',(33.,-137.25,65.));
#7350=CARTESIAN_POINT('',(33.,-137.25,57.));
#7351=CARTESIAN_POINT('',(33.,-132.75,65.));
#7352=CARTESIAN_POINT('',(33.,-136.125,65.));
#7353=CARTESIAN_POINT('',(33.,-132.75,57.));
#7354=CARTESIAN_POINT('Origin',(32.,-137.25,57.));
#7355=CARTESIAN_POINT('',(32.,-137.25,65.));
#7356=CARTESIAN_POINT('',(32.,-137.25,57.));
#7357=CARTESIAN_POINT('',(32.25,-137.25,65.));
#7358=CARTESIAN_POINT('Origin',(32.,-132.75,57.));
#7359=CARTESIAN_POINT('',(32.,-132.75,65.));
#7360=CARTESIAN_POINT('',(32.,-132.75,57.));
#7361=CARTESIAN_POINT('',(32.,-133.875,65.));
#7362=CARTESIAN_POINT('Origin',(33.,-132.75,57.));
#7363=CARTESIAN_POINT('',(32.75,-132.75,65.));
#7364=CARTESIAN_POINT('Origin',(32.5,-135.,65.));
#7365=CARTESIAN_POINT('Origin',(33.9837504755167,-150.,128.667442745726));
#7366=CARTESIAN_POINT('',(15.0000002235174,-150.,143.000001937151));
#7367=CARTESIAN_POINT('',(15.0000002235174,-154.,143.000001937151));
#7368=CARTESIAN_POINT('',(15.0000002235174,-150.,143.000001937151));
#7369=CARTESIAN_POINT('',(33.9837504755167,-154.,128.667442745726));
#7370=CARTESIAN_POINT('',(1.21308750808282,-154.,153.408995941914));
#7371=CARTESIAN_POINT('',(33.9837504755167,-150.,128.667442745726));
#7372=CARTESIAN_POINT('',(33.9837504755167,-151.,128.667442745726));
#7373=CARTESIAN_POINT('',(33.9837504755167,-150.,128.667442745726));
#7374=CARTESIAN_POINT('Origin',(-5.5476771667344,-150.,107.909655999598));
#7375=CARTESIAN_POINT('',(15.0000000000001,-150.,53.));
#7376=CARTESIAN_POINT('',(15.0000002235174,-150.,120.000001594424));
#7377=CARTESIAN_POINT('',(15.0000000000002,-150.,112.));
#7378=CARTESIAN_POINT('',(-55.,-150.,53.));
#7379=CARTESIAN_POINT('',(13.0000000000001,-150.,53.));
#7380=CARTESIAN_POINT('',(-55.,-150.,167.5));
#7381=CARTESIAN_POINT('',(-54.9999999999997,-150.,112.));
#7382=CARTESIAN_POINT('',(-51.5,-150.,171.));
#7383=CARTESIAN_POINT('Origin',(-51.5,-150.,167.5));
#7384=CARTESIAN_POINT('',(11.5,-150.,171.));
#7385=CARTESIAN_POINT('',(15.,-150.,171.));
#7386=CARTESIAN_POINT('',(15.,-150.,167.5));
#7387=CARTESIAN_POINT('Origin',(11.5,-150.,167.5));
#7388=CARTESIAN_POINT('',(15.0000000000002,-150.,112.));
#7389=CARTESIAN_POINT('',(54.2077610651769,-150.,99.784562333771));
#7390=CARTESIAN_POINT('',(56.5020668105811,-150.,96.5079541566151));
#7391=CARTESIAN_POINT('',(41.9204804008421,-150.,91.1809157885054));
#7392=CARTESIAN_POINT('',(34.7378462838577,-150.,86.1515812355907));
#7393=CARTESIAN_POINT('',(30.0354312647097,-150.,108.154525022305));
#7394=CARTESIAN_POINT('',(16.6831172013961,-150.,127.223605737221));
#7395=CARTESIAN_POINT('',(30.0354312647097,-150.,108.154525022305));
#7396=CARTESIAN_POINT('',(-33.0000007599592,-150.,155.000002115965));
#7397=CARTESIAN_POINT('Origin',(-36.0000007599592,-150.,155.000002115965));
#7398=CARTESIAN_POINT('',(-1.00000028312206,-150.,123.000001639128));
#7399=CARTESIAN_POINT('Origin',(-4.00000028312206,-150.,123.000001639128));
#7400=CARTESIAN_POINT('',(-1.00000028312206,-150.,155.000002115965));
#7401=CARTESIAN_POINT('Origin',(-4.00000028312206,-150.,155.000002115965));
#7402=CARTESIAN_POINT('',(-33.0000007599592,-150.,123.000001639128));
#7403=CARTESIAN_POINT('Origin',(-36.0000007599592,-150.,123.000001639128));
#7404=CARTESIAN_POINT('',(11.1048559571405,-150.,55.1305048252918));
#7405=CARTESIAN_POINT('Origin',(11.1048559571405,-150.,57.1305048252918));
#7406=CARTESIAN_POINT('',(11.5,-150.,165.5));
#7407=CARTESIAN_POINT('Origin',(11.5,-150.,167.5));
#7408=CARTESIAN_POINT('',(-44.1286476379109,-150.,136.288027466848));
#7409=CARTESIAN_POINT('Origin',(-45.6058592674292,-150.,136.027555200348));
#7410=CARTESIAN_POINT('',(-47.8147590456097,-150.,142.235728395826));
#7411=CARTESIAN_POINT('Origin',(-49.2919706751281,-150.,141.975256129326));
#7412=CARTESIAN_POINT('',(6.22270083584174,-150.,135.653829343931));
#7413=CARTESIAN_POINT('Origin',(4.72840878870413,-150.,135.784562958052));
#7414=CARTESIAN_POINT('',(9.35450067357134,-150.,143.428857724001));
#7415=CARTESIAN_POINT('Origin',(8.84147045858282,-150.,142.019318792822));
#7416=CARTESIAN_POINT('',(-8.49999999999998,-150.,139.));
#7417=CARTESIAN_POINT('Origin',(-20.,-150.,139.));
#7418=CARTESIAN_POINT('',(-50.54391852176,-150.,165.023068354366));
#7419=CARTESIAN_POINT('Origin',(-50.54391852176,-150.,167.023068354366));
#7420=CARTESIAN_POINT('',(-50.7690420594144,-150.,54.9751905050253));
#7421=CARTESIAN_POINT('Origin',(-50.7690420594144,-150.,56.9751905050253));
#7422=CARTESIAN_POINT('Origin',(15.0000002235174,-150.,120.000001594424));
#7423=CARTESIAN_POINT('',(30.0354312647097,-154.,108.154525022305));
#7424=CARTESIAN_POINT('',(30.0354312647097,-165.142663215745,108.154525022305));
#7425=CARTESIAN_POINT('',(15.0000002235174,-154.,120.000001594424));
#7426=CARTESIAN_POINT('',(-13.1917519756611,-154.,142.210521484905));
#7427=CARTESIAN_POINT('',(15.0000002235174,-150.,120.000001594424));
#7428=CARTESIAN_POINT('Origin',(15.0000000000002,-180.28532643149,112.254379923262));
#7429=CARTESIAN_POINT('',(15.,-154.,167.5));
#7430=CARTESIAN_POINT('',(15.,-152.,167.5));
#7431=CARTESIAN_POINT('',(15.0000000000002,-154.,130.12186301896));
#7432=CARTESIAN_POINT('Origin',(11.5,-152.,167.5));
#7433=CARTESIAN_POINT('',(11.5,-154.,171.));
#7434=CARTESIAN_POINT('',(11.5,-152.,171.));
#7435=CARTESIAN_POINT('Origin',(11.5,-154.,167.5));
#7436=CARTESIAN_POINT('Origin',(-19.9999999999997,-182.,171.));
#7437=CARTESIAN_POINT('',(-51.5,-154.,171.));
#7438=CARTESIAN_POINT('',(-51.5,-152.,171.));
#7439=CARTESIAN_POINT('',(-37.1645050373654,-154.,171.));
#7440=CARTESIAN_POINT('Origin',(-51.5,-152.,167.5));
#7441=CARTESIAN_POINT('',(-55.,-154.,167.5));
#7442=CARTESIAN_POINT('',(-55.,-152.,167.5));
#7443=CARTESIAN_POINT('Origin',(-51.5,-154.,167.5));
#7444=CARTESIAN_POINT('Origin',(26.0457275101417,-150.,80.065294147221));
#7445=CARTESIAN_POINT('',(56.502066810581,-150.,96.5079541566153));
#7446=CARTESIAN_POINT('',(54.2077610651769,-154.,99.7845623337711));
#7447=CARTESIAN_POINT('Origin',(54.2077610651768,-150.,99.7845623337713));
#7448=CARTESIAN_POINT('',(41.9204804008421,-154.,91.1809157885054));
#7449=CARTESIAN_POINT('',(26.0457275101417,-154.,80.065294147221));
#7450=CARTESIAN_POINT('',(44.2147861462461,-150.,87.9043076113497));
#7451=CARTESIAN_POINT('Origin',(41.9204804008419,-150.,91.1809157885057));
#7452=CARTESIAN_POINT('',(28.3400332555459,-150.,76.788685970065));
#7453=CARTESIAN_POINT('Origin',(44.2147861462461,-148.,87.9043076113497));
#7454=CARTESIAN_POINT('',(41.9204804008421,-150.,91.1809157885054));
#7455=CARTESIAN_POINT('',(43.067633273544,-148.,89.5426116999277));
#7456=CARTESIAN_POINT('Origin',(41.920480400842,-148.,91.1809157885057));
#7457=CARTESIAN_POINT('',(44.2147861462461,-148.,87.9043076113497));
#7458=CARTESIAN_POINT('',(43.3200069055385,-148.,89.1821848004405));
#7459=CARTESIAN_POINT('',(44.2147861462461,-146.380973355292,87.9043076113497));
#7460=CARTESIAN_POINT('Origin',(-54.3290100747311,-154.,147.989346114658));
#7461=CARTESIAN_POINT('',(25.6031653205252,-154.,140.636158730159));
#7462=CARTESIAN_POINT('',(-55.,-154.,53.));
#7463=CARTESIAN_POINT('',(-54.9999999999997,-154.,130.12186301896));
#7464=CARTESIAN_POINT('',(15.0000000000001,-154.,53.));
#7465=CARTESIAN_POINT('',(-20.6645050373656,-154.,52.9999999999999));
#7466=CARTESIAN_POINT('',(15.0000000000002,-154.,130.12186301896));
#7467=CARTESIAN_POINT('',(13.8894610925414,-154.,131.213360140605));
#7468=CARTESIAN_POINT('',(11.5,-154.,165.5));
#7469=CARTESIAN_POINT('Origin',(11.5,-154.,167.5));
#7470=CARTESIAN_POINT('',(-33.0000007599592,-154.,155.000002115965));
#7471=CARTESIAN_POINT('Origin',(-36.0000007599592,-154.,155.000002115965));
#7472=CARTESIAN_POINT('',(-1.00000028312206,-154.,123.000001639128));
#7473=CARTESIAN_POINT('Origin',(-4.00000028312206,-154.,123.000001639128));
#7474=CARTESIAN_POINT('',(-1.00000028312206,-154.,155.000002115965));
#7475=CARTESIAN_POINT('Origin',(-4.00000028312206,-154.,155.000002115965));
#7476=CARTESIAN_POINT('',(-33.0000007599592,-154.,123.000001639128));
#7477=CARTESIAN_POINT('Origin',(-36.0000007599592,-154.,123.000001639128));
#7478=CARTESIAN_POINT('',(-44.1286476379109,-154.,136.288027466848));
#7479=CARTESIAN_POINT('Origin',(-45.6058592674292,-154.,136.027555200348));
#7480=CARTESIAN_POINT('',(-47.8147590456098,-154.,142.235728395826));
#7481=CARTESIAN_POINT('Origin',(-49.2919706751281,-154.,141.975256129326));
#7482=CARTESIAN_POINT('',(6.22270083584175,-154.,135.653829343931));
#7483=CARTESIAN_POINT('Origin',(4.72840878870413,-154.,135.784562958052));
#7484=CARTESIAN_POINT('',(9.35450067357132,-154.,143.428857724001));
#7485=CARTESIAN_POINT('Origin',(8.84147045858282,-154.,142.019318792822));
#7486=CARTESIAN_POINT('',(-8.49999999999998,-154.,139.));
#7487=CARTESIAN_POINT('Origin',(-20.,-154.,139.));
#7488=CARTESIAN_POINT('',(-50.7690420594144,-154.,54.9751905050253));
#7489=CARTESIAN_POINT('Origin',(-50.7690420594144,-154.,56.9751905050253));
#7490=CARTESIAN_POINT('',(11.1048559571405,-154.,55.1305048252918));
#7491=CARTESIAN_POINT('Origin',(11.1048559571405,-154.,57.1305048252918));
#7492=CARTESIAN_POINT('',(-50.54391852176,-154.,165.023068354366));
#7493=CARTESIAN_POINT('Origin',(-50.54391852176,-154.,167.023068354366));
#7494=CARTESIAN_POINT('Origin',(15.0000000000002,-180.28532643149,112.254379923262));
#7495=CARTESIAN_POINT('',(15.0000000000001,-152.,53.));
#7496=CARTESIAN_POINT('Origin',(-50.54391852176,-152.,167.023068354366));
#7497=CARTESIAN_POINT('',(-50.54391852176,-152.,165.023068354366));
#7498=CARTESIAN_POINT('Origin',(-54.9999999999997,-180.28532643149,112.254379923262));
#7499=CARTESIAN_POINT('',(-55.,-152.,53.));
#7500=CARTESIAN_POINT('Origin',(-36.0000007599592,-150.,155.000002115965));
#7501=CARTESIAN_POINT('',(-33.0000007599592,-150.,155.000002115965));
#7502=CARTESIAN_POINT('Origin',(-4.00000028312206,-150.,123.000001639128));
#7503=CARTESIAN_POINT('',(-1.00000028312206,-150.,123.000001639128));
#7504=CARTESIAN_POINT('Origin',(-4.00000028312206,-150.,155.000002115965));
#7505=CARTESIAN_POINT('',(-1.00000028312206,-150.,155.000002115965));
#7506=CARTESIAN_POINT('Origin',(-36.0000007599592,-150.,123.000001639128));
#7507=CARTESIAN_POINT('',(-33.0000007599592,-150.,123.000001639128));
#7508=CARTESIAN_POINT('Origin',(-50.7690420594144,-152.,56.9751905050253));
#7509=CARTESIAN_POINT('',(-50.7690420594144,-152.,54.9751905050253));
#7510=CARTESIAN_POINT('Origin',(-45.6058592674292,-150.,136.027555200348));
#7511=CARTESIAN_POINT('',(-44.1286476379109,-150.,136.288027466848));
#7512=CARTESIAN_POINT('Origin',(-49.2919706751281,-150.,141.975256129326));
#7513=CARTESIAN_POINT('',(-47.8147590456098,-150.,142.235728395826));
#7514=CARTESIAN_POINT('Origin',(4.72840878870413,-150.,135.784562958052));
#7515=CARTESIAN_POINT('',(6.22270083584175,-150.,135.653829343931));
#7516=CARTESIAN_POINT('Origin',(8.84147045858282,-150.,142.019318792822));
#7517=CARTESIAN_POINT('',(9.35450067357132,-150.,143.428857724001));
#7518=CARTESIAN_POINT('Origin',(-20.,-150.,139.));
#7519=CARTESIAN_POINT('',(-8.49999999999998,-150.,139.));
#7520=CARTESIAN_POINT('Origin',(11.1048559571405,-152.000000000001,57.1305048252918));
#7521=CARTESIAN_POINT('',(11.1048559571405,-152.000000000001,55.1305048252918));
#7522=CARTESIAN_POINT('Origin',(11.5,-152.,167.5));
#7523=CARTESIAN_POINT('',(11.5,-152.,165.5));
#7524=CARTESIAN_POINT('Origin',(13.0000000000001,-208.585786437627,52.9999999999999));
#7525=CARTESIAN_POINT('Origin',(53.2589689318819,-144.992089087467,94.2371125747983));
#7526=CARTESIAN_POINT('',(55.3549139378789,-144.992089087467,98.1462582451934));
#7527=CARTESIAN_POINT('',(52.1118160591798,-144.992089087467,95.8754166633763));
#7528=CARTESIAN_POINT('',(50.6615448324456,-144.992089087467,94.8599258179684));
#7529=CARTESIAN_POINT('',(56.502066810581,-144.992089087467,96.5079541566154));
#7530=CARTESIAN_POINT('',(55.9284903742299,-144.992089087467,97.3271062009044));
#7531=CARTESIAN_POINT('',(53.2589689318819,-144.992089087467,94.2371125747983));
#7532=CARTESIAN_POINT('',(51.8086977051477,-144.992089087467,93.2216217293904));
#7533=CARTESIAN_POINT('',(53.2589689318819,-144.992089087467,94.2371125747983));
#7534=CARTESIAN_POINT('Origin',(52.0216455408458,-143.000001981854,93.3707294091917));
#7535=CARTESIAN_POINT('',(51.8763962767918,-140.819628127926,95.7105739571045));
#7536=CARTESIAN_POINT('Origin',(50.8744926681437,-143.000001981854,95.0090334977697));
#7537=CARTESIAN_POINT('',(53.0235491494939,-140.819628127926,94.0722698685266));
#7538=CARTESIAN_POINT('Origin',(52.0216455408458,-143.000001981854,93.3707294091917));
#7539=CARTESIAN_POINT('',(53.0235491494939,-140.819628127926,94.0722698685266));
#7540=CARTESIAN_POINT('Origin',(56.502066810581,-140.819628127926,96.5079541566154));
#7541=CARTESIAN_POINT('',(55.3549139378789,-140.819628127926,98.1462582451934));
#7542=CARTESIAN_POINT('',(52.2830937717952,-140.819628127926,95.995346608877));
#7543=CARTESIAN_POINT('',(56.502066810581,-140.819628127926,96.5079541566154));
#7544=CARTESIAN_POINT('',(53.4302466444973,-140.819628127926,94.3570425202989));
#7545=CARTESIAN_POINT('',(55.9284903742299,-140.819628127926,97.3271062009044));
#7546=CARTESIAN_POINT('Origin',(55.3549139378789,-137.,98.1462582451933));
#7547=CARTESIAN_POINT('',(56.502066810581,-137.,96.5079541566154));
#7548=CARTESIAN_POINT('',(56.502066810581,-148.,96.5079541566153));
#7549=CARTESIAN_POINT('',(55.3549139378789,-137.,98.1462582451934));
#7550=CARTESIAN_POINT('',(55.3549139378789,-137.,98.1462582451934));
#7551=CARTESIAN_POINT('',(55.3549139378789,-157.047786842339,98.1462582451933));
#7552=CARTESIAN_POINT('Origin',(55.3549139378789,-148.,98.1462582451933));
#7553=CARTESIAN_POINT('',(55.3549139378789,-148.,98.1462582451933));
#7554=CARTESIAN_POINT('',(55.3549139378789,-157.047786842339,98.1462582451933));
#7555=CARTESIAN_POINT('',(56.5020668105809,-148.,96.5079541566154));
#7556=CARTESIAN_POINT('',(55.6072875698733,-148.,97.7858313457062));
#7557=CARTESIAN_POINT('',(56.502066810581,-148.,96.5079541566153));
#7558=CARTESIAN_POINT('Origin',(49.2112736057114,-144.761946710585,93.8444349725605));
#7559=CARTESIAN_POINT('',(43.067633273544,-137.,89.5426116999277));
#7560=CARTESIAN_POINT('',(55.3549139378789,-137.,98.1462582451934));
#7561=CARTESIAN_POINT('',(43.067633273544,-157.047786842339,89.5426116999277));
#7562=CARTESIAN_POINT('',(49.2112736057114,-148.,93.8444349725605));
#7563=CARTESIAN_POINT('Origin',(44.2147861462461,-148.,87.9043076113497));
#7564=CARTESIAN_POINT('',(44.2147861462461,-137.,87.9043076113497));
#7565=CARTESIAN_POINT('',(43.067633273544,-137.,89.5426116999277));
#7566=CARTESIAN_POINT('',(44.2147861462461,-157.047786842339,87.9043076113497));
#7567=CARTESIAN_POINT('Origin',(55.3549139378789,-148.,98.1462582451933));
#7568=CARTESIAN_POINT('',(56.502066810581,-146.380973355292,96.5079541566153));
#7569=CARTESIAN_POINT('Origin',(54.2077610651768,-148.,99.7845623337713));
#7570=CARTESIAN_POINT('',(54.2077610651769,-150.,99.7845623337711));
#7571=CARTESIAN_POINT('Origin',(43.067633273544,-137.,89.5426116999277));
#7572=CARTESIAN_POINT('',(56.502066810581,-137.,96.5079541566154));
#7573=CARTESIAN_POINT('Origin',(48.0641207330094,-148.,95.4827390611385));
#7574=CARTESIAN_POINT('Origin',(50.3584264784135,-144.761946710585,92.2061308839825));
#7575=CARTESIAN_POINT('Origin',(44.2147861462461,-148.,87.9043076113497));
#7576=CARTESIAN_POINT('Origin',(55.3549139378789,-148.,98.1462582451933));
#7577=CARTESIAN_POINT('Origin',(66.7088094329834,-98.4372997283936,56.0000000000007));
#7578=CARTESIAN_POINT('',(65.2088094329834,-98.4372997283936,54.8080107383666));
#7579=CARTESIAN_POINT('Origin',(66.7088094329834,-98.4372997283936,54.8080107383666));
#7580=CARTESIAN_POINT('',(65.2088094329834,-98.4372997283936,52.8080107383666));
#7581=CARTESIAN_POINT('',(65.2088094329834,-98.4372997283936,56.0000000000007));
#7582=CARTESIAN_POINT('Origin',(66.7088094329834,-98.4372997283936,52.8080107383666));
#7583=CARTESIAN_POINT('Origin',(65.3995943069458,-186.342945098877,56.0000000000007));
#7584=CARTESIAN_POINT('',(63.8995943069458,-186.342945098877,54.8080107383666));
#7585=CARTESIAN_POINT('Origin',(65.3995943069458,-186.342945098877,54.8080107383666));
#7586=CARTESIAN_POINT('',(63.8995943069458,-186.342945098877,52.8080107383666));
#7587=CARTESIAN_POINT('',(63.8995943069458,-186.342945098877,56.0000000000007));
#7588=CARTESIAN_POINT('Origin',(65.3995943069458,-186.342945098877,52.8080107383666));
#7589=CARTESIAN_POINT('Origin',(80.,-40.6839497189533,30.));
#7590=CARTESIAN_POINT('',(88.6,-40.6839497189533,30.));
#7591=CARTESIAN_POINT('Origin',(80.,-40.6839497189533,30.));
#7592=CARTESIAN_POINT('',(88.2473460385831,-42.6839497189533,30.));
#7593=CARTESIAN_POINT('',(88.6,-40.6839497189533,30.));
#7594=CARTESIAN_POINT('Origin',(80.,-42.6839497189533,30.));
#7595=CARTESIAN_POINT('Origin',(-96.1705159038376,-173.683949718953,16.8080107383668));
#7596=CARTESIAN_POINT('',(-94.1705159038377,-173.683949718953,42.8080107383668));
#7597=CARTESIAN_POINT('',(-94.1705159038376,-173.683949718953,16.8080107383668));
#7598=CARTESIAN_POINT('',(-94.1705159038376,-173.683949718953,23.4359042282932));
#7599=CARTESIAN_POINT('',(-96.1705159038376,-173.683949718953,42.8080107383668));
#7600=CARTESIAN_POINT('',(-96.1705159038376,-173.683949718953,42.8080107383668));
#7601=CARTESIAN_POINT('',(-96.1705159038376,-173.683949718953,16.8080107383668));
#7602=CARTESIAN_POINT('',(-96.1705159038376,-173.683949718953,23.4359042282932));
#7603=CARTESIAN_POINT('',(-96.1705159038376,-173.683949718953,16.8080107383668));
#7604=CARTESIAN_POINT('Origin',(-96.1705159038376,-196.683949718953,16.8080107383668));
#7605=CARTESIAN_POINT('',(-94.1705159038376,-196.683949718953,16.8080107383668));
#7606=CARTESIAN_POINT('',(-94.1705159038376,-161.540582974912,16.8080107383668));
#7607=CARTESIAN_POINT('',(-96.1705159038376,-196.683949718953,16.8080107383668));
#7608=CARTESIAN_POINT('',(-96.1705159038376,-161.540582974912,16.8080107383668));
#7609=CARTESIAN_POINT('',(-96.1705159038376,-196.683949718953,16.8080107383668));
#7610=CARTESIAN_POINT('Origin',(-96.1705159038376,-196.683949718953,42.8080107383668));
#7611=CARTESIAN_POINT('',(-94.1705159038377,-196.683949718953,42.8080107383668));
#7612=CARTESIAN_POINT('',(-94.1705159038377,-196.683949718953,36.4359042282932));
#7613=CARTESIAN_POINT('',(-96.1705159038376,-196.683949718953,42.8080107383668));
#7614=CARTESIAN_POINT('',(-96.1705159038377,-196.683949718953,36.4359042282932));
#7615=CARTESIAN_POINT('',(-96.1705159038376,-196.683949718953,42.8080107383668));
#7616=CARTESIAN_POINT('Origin',(-96.1705159038376,-173.683949718953,42.8080107383668));
#7617=CARTESIAN_POINT('',(-94.1705159038377,-150.040582974912,42.8080107383668));
#7618=CARTESIAN_POINT('',(-96.1705159038377,-150.040582974912,42.8080107383668));
#7619=CARTESIAN_POINT('Origin',(-75.1050614671356,-49.6836115166598,2.79721610698729));
#7620=CARTESIAN_POINT('',(-76.6050614671356,-49.6836115166598,4.80801073836663));
#7621=CARTESIAN_POINT('Origin',(-75.1050614671356,-49.6836115166598,4.80801073836663));
#7622=CARTESIAN_POINT('',(-76.6050614671356,-49.6836115166598,6.80801073836663));
#7623=CARTESIAN_POINT('',(-76.6050614671356,-49.6836115166598,2.79721610698729));
#7624=CARTESIAN_POINT('Origin',(-75.1050614671356,-49.6836115166598,6.80801073836663));
#7625=CARTESIAN_POINT('Origin',(84.89317224613,-203.68361151666,2.79721610698729));
#7626=CARTESIAN_POINT('',(83.39317224613,-203.68361151666,4.80801073836655));
#7627=CARTESIAN_POINT('Origin',(84.89317224613,-203.68361151666,4.80801073836655));
#7628=CARTESIAN_POINT('',(83.39317224613,-203.68361151666,6.80801073836658));
#7629=CARTESIAN_POINT('',(83.39317224613,-203.68361151666,2.79721610698729));
#7630=CARTESIAN_POINT('Origin',(84.89317224613,-203.68361151666,6.80801073836658));
#7631=CARTESIAN_POINT('Origin',(79.9727402263267,-49.6836115166598,2.79721610698729));
#7632=CARTESIAN_POINT('',(78.4727402263267,-49.6836115166598,4.80801073836663));
#7633=CARTESIAN_POINT('Origin',(79.9727402263267,-49.6836115166598,4.80801073836663));
#7634=CARTESIAN_POINT('',(78.4727402263267,-49.6836115166598,6.80801073836663));
#7635=CARTESIAN_POINT('',(78.4727402263267,-49.6836115166598,2.79721610698729));
#7636=CARTESIAN_POINT('Origin',(79.9727402263267,-49.6836115166598,6.80801073836663));
#7637=CARTESIAN_POINT('Origin',(-74.9032344640992,-203.68361151666,2.79721610698729));
#7638=CARTESIAN_POINT('',(-76.4032344640992,-203.68361151666,4.80801073836655));
#7639=CARTESIAN_POINT('Origin',(-74.9032344640992,-203.68361151666,4.80801073836655));
#7640=CARTESIAN_POINT('',(-76.4032344640992,-203.68361151666,6.80801073836658));
#7641=CARTESIAN_POINT('',(-76.4032344640992,-203.68361151666,2.79721610698729));
#7642=CARTESIAN_POINT('Origin',(-74.9032344640992,-203.68361151666,6.80801073836658));
#7643=CARTESIAN_POINT('Origin',(-87.1702727551506,-60.72826235909,2.79721610698729));
#7644=CARTESIAN_POINT('',(-88.6702727551506,-60.72826235909,4.80801073836664));
#7645=CARTESIAN_POINT('Origin',(-87.1702727551506,-60.72826235909,4.80801073836664));
#7646=CARTESIAN_POINT('',(-88.6702727551506,-60.72826235909,6.80801073836663));
#7647=CARTESIAN_POINT('',(-88.6702727551506,-60.72826235909,2.79721610698729));
#7648=CARTESIAN_POINT('Origin',(-87.1702727551506,-60.72826235909,6.80801073836663));
#7649=CARTESIAN_POINT('Origin',(93.8297272448493,-195.124281500262,2.79721610698729));
#7650=CARTESIAN_POINT('',(92.3297272448493,-195.124281500262,4.80801073836664));
#7651=CARTESIAN_POINT('Origin',(93.8297272448493,-195.124281500262,4.80801073836664));
#7652=CARTESIAN_POINT('',(92.3297272448493,-195.124281500262,6.80801073836663));
#7653=CARTESIAN_POINT('',(92.3297272448493,-195.124281500262,2.79721610698729));
#7654=CARTESIAN_POINT('Origin',(93.8297272448493,-195.124281500262,6.80801073836663));
#7655=CARTESIAN_POINT('Origin',(93.8297272448493,-59.5948787070888,2.79721610698729));
#7656=CARTESIAN_POINT('',(92.3297272448493,-59.5948787070888,4.80801073836664));
#7657=CARTESIAN_POINT('Origin',(93.8297272448493,-59.5948787070888,4.80801073836664));
#7658=CARTESIAN_POINT('',(92.3297272448493,-59.5948787070888,6.80801073836663));
#7659=CARTESIAN_POINT('',(92.3297272448493,-59.5948787070888,2.79721610698729));
#7660=CARTESIAN_POINT('Origin',(93.8297272448493,-59.5948787070888,6.80801073836663));
#7661=CARTESIAN_POINT('Origin',(-87.1702727551506,-192.062147096046,2.79721610698729));
#7662=CARTESIAN_POINT('',(-88.6702727551506,-192.062147096046,4.80801073836664));
#7663=CARTESIAN_POINT('Origin',(-87.1702727551506,-192.062147096046,4.80801073836664));
#7664=CARTESIAN_POINT('',(-88.6702727551506,-192.062147096046,6.80801073836663));
#7665=CARTESIAN_POINT('',(-88.6702727551506,-192.062147096046,2.79721610698729));
#7666=CARTESIAN_POINT('Origin',(-87.1702727551506,-192.062147096046,6.80801073836663));
#7667=CARTESIAN_POINT('Origin',(-92.1705159038376,-126.39105650014,8.80801073836664));
#7668=CARTESIAN_POINT('',(-92.1705159038376,-207.26973615658,4.80801073836664));
#7669=CARTESIAN_POINT('',(-92.1705159038376,-46.0981632813265,4.80801073836664));
#7670=CARTESIAN_POINT('',(-92.1705159038376,-127.519026301346,4.80801073836664));
#7671=CARTESIAN_POINT('',(-94.9989430285283,-208.683949718939,5.97958361356496));
#7672=CARTESIAN_POINT('Ctrl Pts',(-94.9989430285338,-208.683949718928,5.97958361357044));
#7673=CARTESIAN_POINT('Ctrl Pts',(-94.2584625388438,-208.313709474083,5.23910312390799));
#7674=CARTESIAN_POINT('Ctrl Pts',(-93.2177134550106,-207.793334932166,4.80801073836662));
#7675=CARTESIAN_POINT('Ctrl Pts',(-92.1705159038376,-207.26973615658,4.80801073836662));
#7676=CARTESIAN_POINT('',(-96.1705159038376,-208.683949718953,8.80801073836664));
#7677=CARTESIAN_POINT('Origin',(-92.1705159038376,-208.683949718953,8.80801073836664));
#7678=CARTESIAN_POINT('',(-96.1705159038376,-44.0981632813264,8.80801073836664));
#7679=CARTESIAN_POINT('',(-96.1705159038376,-167.540582974912,8.80801073836663));
#7680=CARTESIAN_POINT('Ctrl Pts',(-96.1705159038376,-44.0981632813265,8.80801073836663));
#7681=CARTESIAN_POINT('Ctrl Pts',(-96.1705159038376,-44.0981632813265,7.91041283734097));
#7682=CARTESIAN_POINT('Ctrl Pts',(-95.4397487249172,-44.4635468707867,5.81183928325655));
#7683=CARTESIAN_POINT('Ctrl Pts',(-93.3673131052051,-45.4997646806428,4.80801073836662));
#7684=CARTESIAN_POINT('Ctrl Pts',(-92.1705159038376,-46.0981632813265,4.80801073836662));
#7685=CARTESIAN_POINT('Origin',(-89.1778024324837,-128.646996102552,6.80801073836663));
#7686=CARTESIAN_POINT('',(-92.1705159038376,-46.0981632813265,6.80801073836663));
#7687=CARTESIAN_POINT('',(-92.1705159038376,-207.26973615658,6.80801073836663));
#7688=CARTESIAN_POINT('',(-92.1705159038376,-127.519026301346,6.80801073836663));
#7689=CARTESIAN_POINT('',(-81.1705159038376,-196.26973615658,6.80801073836665));
#7690=CARTESIAN_POINT('',(-66.2666525224921,-181.365872775234,6.80801073836665));
#7691=CARTESIAN_POINT('',(-81.1705159038376,-57.0981632813264,6.80801073836665));
#7692=CARTESIAN_POINT('',(-81.1705159038376,-208.683949718953,6.80801073836665));
#7693=CARTESIAN_POINT('',(-92.1705159038376,-46.0981632813264,6.80801073836663));
#7694=CARTESIAN_POINT('Ctrl Pts',(-92.1705159038376,-207.26973615658,6.80801073836661));
#7695=CARTESIAN_POINT('Ctrl Pts',(-92.1705159038376,-207.26973615658,6.14134407169995));
#7696=CARTESIAN_POINT('Ctrl Pts',(-92.1705159038376,-207.26973615658,5.47467740503329));
#7697=CARTESIAN_POINT('Ctrl Pts',(-92.1705159038376,-207.26973615658,4.80801073836662));
#7698=CARTESIAN_POINT('Ctrl Pts',(-92.6941146794361,-207.793334932178,6.80801073836661));
#7699=CARTESIAN_POINT('Ctrl Pts',(-92.8689003600355,-207.793334932178,6.14060350452827));
#7700=CARTESIAN_POINT('Ctrl Pts',(-93.0429277744353,-207.793334932178,5.47541797220497));
#7701=CARTESIAN_POINT('Ctrl Pts',(-93.2177134550347,-207.793334932178,4.80801073836662));
#7702=CARTESIAN_POINT('Ctrl Pts',(-93.2144892213647,-208.313709474107,7.02355693114722));
#7703=CARTESIAN_POINT('Ctrl Pts',(-93.5628252622188,-208.313709474107,6.4280366102812));
#7704=CARTESIAN_POINT('Ctrl Pts',(-93.9101264980375,-208.313709474107,5.83462344479383));
#7705=CARTESIAN_POINT('Ctrl Pts',(-94.2584625388917,-208.313709474107,5.23910312392781));
#7706=CARTESIAN_POINT('Ctrl Pts',(-93.5847294662112,-208.683949718953,7.39379717599407));
#7707=CARTESIAN_POINT('Ctrl Pts',(-94.0561339870024,-208.683949718953,6.92239265520322));
#7708=CARTESIAN_POINT('Ctrl Pts',(-94.5275385077936,-208.683949718953,6.45098813441237));
#7709=CARTESIAN_POINT('Ctrl Pts',(-94.9989430285848,-208.683949718953,5.97958361362151));
#7710=CARTESIAN_POINT('',(-93.5847294661829,-208.683949718939,7.39379717596579));
#7711=CARTESIAN_POINT('Ctrl Pts',(-93.5847294662112,-208.683949718953,7.39379717599407));
#7712=CARTESIAN_POINT('Ctrl Pts',(-93.8204317266068,-208.683949718953,7.15809491559865));
#7713=CARTESIAN_POINT('Ctrl Pts',(-94.0561339870024,-208.683949718953,6.92239265520322));
#7714=CARTESIAN_POINT('Ctrl Pts',(-94.5275385077936,-208.683949718953,6.45098813441237));
#7715=CARTESIAN_POINT('Ctrl Pts',(-94.7632407681892,-208.683949718953,6.21528587401694));
#7716=CARTESIAN_POINT('Ctrl Pts',(-94.9989430285849,-208.683949718953,5.97958361362152));
#7717=CARTESIAN_POINT('',(-92.1705159038376,-207.26973615658,6.80801073836663));
#7718=CARTESIAN_POINT('Origin',(-92.1705159038363,-207.26973615658,8.80801073836662));
#7719=CARTESIAN_POINT('Origin',(-81.1705159038376,-196.26973615658,6.80801073836665));
#7720=CARTESIAN_POINT('',(-81.1705159038376,-196.26973615658,4.80801073836666));
#7721=CARTESIAN_POINT('',(-66.2666525224921,-181.365872775234,4.80801073836666));
#7722=CARTESIAN_POINT('',(-81.1705159038376,-196.26973615658,6.80801073836665));
#7723=CARTESIAN_POINT('Origin',(-92.1705159038376,-126.39105650014,8.80801073836664));
#7724=CARTESIAN_POINT('',(-94.1705159038376,-44.0981632813264,8.80801073836664));
#7725=CARTESIAN_POINT('Origin',(-92.1705159038363,-46.0981632813265,8.80801073836661));
#7726=CARTESIAN_POINT('',(-94.1705159038376,-208.683949718953,8.80801073836664));
#7727=CARTESIAN_POINT('',(-94.1705159038376,-167.540582974912,8.80801073836664));
#7728=CARTESIAN_POINT('Origin',(-92.1705159038376,-208.683949718953,8.80801073836664));
#7729=CARTESIAN_POINT('Origin',(-81.1705159038376,-57.0981632813264,6.80801073836665));
#7730=CARTESIAN_POINT('',(-81.1705159038376,-57.0981632813264,4.80801073836666));
#7731=CARTESIAN_POINT('',(-81.1705159038376,-208.683949718953,4.80801073836666));
#7732=CARTESIAN_POINT('',(-81.1705159038376,-57.0981632813264,6.80801073836665));
#7733=CARTESIAN_POINT('Origin',(-92.1705159038376,-46.0981632813264,6.80801073836663));
#7734=CARTESIAN_POINT('',(-92.1705159038376,-46.0981632813264,4.80801073836664));
#7735=CARTESIAN_POINT('',(-92.1705159038376,-46.0981632813265,6.80801073836663));
#7736=CARTESIAN_POINT('Ctrl Pts',(-94.1705159038376,-44.0981632813265,8.80801073836664));
#7737=CARTESIAN_POINT('Ctrl Pts',(-94.8371825705043,-44.0981632813265,8.80801073836664));
#7738=CARTESIAN_POINT('Ctrl Pts',(-95.5038492371709,-44.0981632813265,8.80801073836663));
#7739=CARTESIAN_POINT('Ctrl Pts',(-96.1705159038376,-44.0981632813265,8.80801073836663));
#7740=CARTESIAN_POINT('Ctrl Pts',(-94.1705159038376,-44.0981632813265,8.35921178785381));
#7741=CARTESIAN_POINT('Ctrl Pts',(-94.8376470775911,-44.0981632813265,8.21011102982402));
#7742=CARTESIAN_POINT('Ctrl Pts',(-95.503384730084,-44.0981632813265,8.05951359537076));
#7743=CARTESIAN_POINT('Ctrl Pts',(-96.1705159038376,-44.0981632813265,7.91041283734097));
#7744=CARTESIAN_POINT('Ctrl Pts',(-93.8051323143773,-44.4635468707867,7.30992501081159));
#7745=CARTESIAN_POINT('Ctrl Pts',(-94.3497091201851,-44.4635468707867,6.81094282582844));
#7746=CARTESIAN_POINT('Ctrl Pts',(-94.8951719191094,-44.4635468707867,6.3108214682397));
#7747=CARTESIAN_POINT('Ctrl Pts',(-95.4397487249172,-44.4635468707867,5.81183928325655));
#7748=CARTESIAN_POINT('Ctrl Pts',(-92.7689145045213,-45.4997646806428,6.80801073836661));
#7749=CARTESIAN_POINT('Ctrl Pts',(-92.9691821949644,-45.4997646806428,6.13939115931083));
#7750=CARTESIAN_POINT('Ctrl Pts',(-93.1670454147621,-45.4997646806428,5.4766303174224));
#7751=CARTESIAN_POINT('Ctrl Pts',(-93.3673131052051,-45.4997646806428,4.80801073836662));
#7752=CARTESIAN_POINT('Ctrl Pts',(-92.1705159038376,-46.0981632813265,6.80801073836661));
#7753=CARTESIAN_POINT('Ctrl Pts',(-92.1705159038376,-46.0981632813265,6.14134407169995));
#7754=CARTESIAN_POINT('Ctrl Pts',(-92.1705159038376,-46.0981632813265,5.47467740503329));
#7755=CARTESIAN_POINT('Ctrl Pts',(-92.1705159038376,-46.0981632813265,4.80801073836662));
#7756=CARTESIAN_POINT('',(-94.1705159038376,-44.0981632813264,8.80801073836664));
#7757=CARTESIAN_POINT('Origin',(-93.5847294661829,-208.683949718953,7.39379717596579));
#7758=CARTESIAN_POINT('',(-94.1705159038376,-208.683949718953,8.80801073836664));
#7759=CARTESIAN_POINT('Origin',(-89.1778024324837,-128.646996102552,4.80801073836664));
#7760=CARTESIAN_POINT('Origin',(5.29829253339455,-47.7093733302428,4.80801073836663));
#7761=CARTESIAN_POINT('',(-90.7563023414646,-44.6839497189533,4.80801073836664));
#7762=CARTESIAN_POINT('',(97.4152705337895,-44.6839497189533,4.80801073836664));
#7763=CARTESIAN_POINT('',(4.16744170537171,-44.6839497189533,4.80801073836664));
#7764=CARTESIAN_POINT('',(86.4152705337895,-55.6839497189533,4.80801073836663));
#7765=CARTESIAN_POINT('',(73.6296701308684,-68.4695501218744,4.80801073836662));
#7766=CARTESIAN_POINT('',(-79.7563023414645,-55.6839497189533,4.80801073836663));
#7767=CARTESIAN_POINT('',(-79.7563023414645,-55.6839497189533,4.80801073836663));
#7768=CARTESIAN_POINT('',(-90.7563023414645,-44.6839497189533,4.80801073836664));
#7769=CARTESIAN_POINT('Origin',(3.03659087734887,-44.6839497189533,8.80801073836663));
#7770=CARTESIAN_POINT('',(97.4152705337895,-44.6839497189533,6.80801073836664));
#7771=CARTESIAN_POINT('',(-90.7563023414646,-44.6839497189533,6.80801073836664));
#7772=CARTESIAN_POINT('',(4.16744170537171,-44.6839497189533,6.80801073836664));
#7773=CARTESIAN_POINT('',(98.8294840961482,-43.2697361566087,7.39379717596505));
#7774=CARTESIAN_POINT('Origin',(97.4152705337895,-44.6839497189533,8.80801073836663));
#7775=CARTESIAN_POINT('',(98.8294840961624,-42.6839497189533,8.80801073836663));
#7776=CARTESIAN_POINT('Origin',(98.8294840961623,-44.6839497189533,8.80801073836663));
#7777=CARTESIAN_POINT('',(-92.7563023414646,-42.6839497189533,8.80801073836663));
#7778=CARTESIAN_POINT('',(-44.8571193323681,-42.6839497189533,8.80801073836663));
#7779=CARTESIAN_POINT('Origin',(-90.7563023414646,-44.6839497189533,8.80801073836663));
#7780=CARTESIAN_POINT('Origin',(97.4152705337895,-44.6839497189533,6.80801073836664));
#7781=CARTESIAN_POINT('',(86.4152705337895,-55.6839497189533,6.80801073836663));
#7782=CARTESIAN_POINT('',(73.6296701308684,-68.4695501218744,6.80801073836662));
#7783=CARTESIAN_POINT('',(86.4152705337895,-55.6839497189533,6.80801073836663));
#7784=CARTESIAN_POINT('',(97.4152705337895,-44.6839497189533,6.80801073836664));
#7785=CARTESIAN_POINT('Ctrl Pts',(98.8294840961623,-43.2697361565804,7.39379717599333));
#7786=CARTESIAN_POINT('Ctrl Pts',(98.8294840961623,-42.7983316357895,6.92239265520223));
#7787=CARTESIAN_POINT('Ctrl Pts',(98.8294840961623,-42.3269271149985,6.45098813441112));
#7788=CARTESIAN_POINT('Ctrl Pts',(98.8294840961623,-41.8555225942075,5.97958361362002));
#7789=CARTESIAN_POINT('Ctrl Pts',(98.4592438513158,-43.6399764014269,7.02355693114692));
#7790=CARTESIAN_POINT('Ctrl Pts',(98.4592438513158,-43.291640360573,6.4280366102808));
#7791=CARTESIAN_POINT('Ctrl Pts',(98.4592438513158,-42.9443391247545,5.83462344479333));
#7792=CARTESIAN_POINT('Ctrl Pts',(98.4592438513158,-42.5960030839006,5.23910312392721));
#7793=CARTESIAN_POINT('Ctrl Pts',(97.9388693093877,-44.1603509433551,6.80801073836663));
#7794=CARTESIAN_POINT('Ctrl Pts',(97.9388693093877,-43.9855652627559,6.14060350452828));
#7795=CARTESIAN_POINT('Ctrl Pts',(97.9388693093877,-43.8115378483561,5.47541797220498));
#7796=CARTESIAN_POINT('Ctrl Pts',(97.9388693093877,-43.6367521677569,4.80801073836663));
#7797=CARTESIAN_POINT('Ctrl Pts',(97.4152705337895,-44.6839497189533,6.80801073836663));
#7798=CARTESIAN_POINT('Ctrl Pts',(97.4152705337895,-44.6839497189533,6.14134407169996));
#7799=CARTESIAN_POINT('Ctrl Pts',(97.4152705337895,-44.6839497189533,5.4746774050333));
#7800=CARTESIAN_POINT('Ctrl Pts',(97.4152705337895,-44.6839497189533,4.80801073836663));
#7801=CARTESIAN_POINT('',(98.8294840961482,-41.8555225942641,5.97958361356346));
#7802=CARTESIAN_POINT('Ctrl Pts',(98.8294840961623,-41.8555225942075,5.97958361362002));
#7803=CARTESIAN_POINT('Ctrl Pts',(98.8294840961623,-42.091224854603,6.21528587401557));
#7804=CARTESIAN_POINT('Ctrl Pts',(98.8294840961623,-42.3269271149985,6.45098813441113));
#7805=CARTESIAN_POINT('Ctrl Pts',(98.8294840961623,-42.7983316357895,6.92239265520223));
#7806=CARTESIAN_POINT('Ctrl Pts',(98.8294840961623,-43.0340338961849,7.15809491559778));
#7807=CARTESIAN_POINT('Ctrl Pts',(98.8294840961623,-43.2697361565804,7.39379717599333));
#7808=CARTESIAN_POINT('Ctrl Pts',(97.4152705337895,-44.6839497189533,4.80801073836663));
#7809=CARTESIAN_POINT('Ctrl Pts',(97.9388693093756,-43.636752167781,4.80801073836663));
#7810=CARTESIAN_POINT('Ctrl Pts',(98.4592438512919,-42.5960030839484,5.23910312390739));
#7811=CARTESIAN_POINT('Ctrl Pts',(98.8294840961368,-41.8555225942586,5.97958361356896));
#7812=CARTESIAN_POINT('Origin',(98.8294840961623,-41.8555225942641,5.97958361356346));
#7813=CARTESIAN_POINT('',(98.8294840961624,-40.6839497189533,8.80801073836663));
#7814=CARTESIAN_POINT('Origin',(98.8294840961623,-44.6839497189533,8.80801073836663));
#7815=CARTESIAN_POINT('',(98.8294840961623,-42.6839497189533,8.80801073836663));
#7816=CARTESIAN_POINT('Origin',(3.03659087734887,-44.6839497189533,8.80801073836663));
#7817=CARTESIAN_POINT('',(-92.7563023414646,-40.6839497189533,8.80801073836663));
#7818=CARTESIAN_POINT('Ctrl Pts',(-90.7563023414646,-44.6839497189533,4.80801073836663));
#7819=CARTESIAN_POINT('Ctrl Pts',(-91.2051012919774,-43.7863518179277,4.80801073836663));
#7820=CARTESIAN_POINT('Ctrl Pts',(-91.9503105086108,-42.2959333846609,5.33267437340968));
#7821=CARTESIAN_POINT('Ctrl Pts',(-92.6195768702777,-40.9574006613271,7.01450262517861));
#7822=CARTESIAN_POINT('Ctrl Pts',(-92.7563023414646,-40.6839497189533,8.20961213768286));
#7823=CARTESIAN_POINT('Ctrl Pts',(-92.7563023414646,-40.6839497189533,8.80801073836663));
#7824=CARTESIAN_POINT('',(-44.8571193323681,-40.6839497189533,8.80801073836663));
#7825=CARTESIAN_POINT('Ctrl Pts',(-90.7563023414646,-44.6839497189533,6.80801073836663));
#7826=CARTESIAN_POINT('Ctrl Pts',(-90.7563023414646,-44.6839497189533,6.14134407169996));
#7827=CARTESIAN_POINT('Ctrl Pts',(-90.7563023414646,-44.6839497189533,5.4746774050333));
#7828=CARTESIAN_POINT('Ctrl Pts',(-90.7563023414646,-44.6839497189533,4.80801073836663));
#7829=CARTESIAN_POINT('Ctrl Pts',(-91.2051012919774,-44.2351507684405,6.80801073836663));
#7830=CARTESIAN_POINT('Ctrl Pts',(-91.2051012919774,-44.0853735727025,6.14059219563177));
#7831=CARTESIAN_POINT('Ctrl Pts',(-91.2051012919774,-43.9361290136656,5.47542928110149));
#7832=CARTESIAN_POINT('Ctrl Pts',(-91.2051012919774,-43.7863518179277,4.80801073836663));
#7833=CARTESIAN_POINT('Ctrl Pts',(-91.9503105086108,-43.4899415518071,7.07034255588816));
#7834=CARTESIAN_POINT('Ctrl Pts',(-91.9503105086108,-43.0918759386458,6.49115606668046));
#7835=CARTESIAN_POINT('Ctrl Pts',(-91.9503105086108,-42.6939989978221,5.91186086261737));
#7836=CARTESIAN_POINT('Ctrl Pts',(-91.9503105086108,-42.2959333846609,5.33267437340968));
#7837=CARTESIAN_POINT('Ctrl Pts',(-92.6195768702777,-42.8206751901402,7.91125668177262));
#7838=CARTESIAN_POINT('Ctrl Pts',(-92.6195768702777,-42.1995514880411,7.61219626950646));
#7839=CARTESIAN_POINT('Ctrl Pts',(-92.6195768702777,-41.5785243634263,7.31356303744476));
#7840=CARTESIAN_POINT('Ctrl Pts',(-92.6195768702777,-40.9574006613271,7.01450262517861));
#7841=CARTESIAN_POINT('Ctrl Pts',(-92.7563023414646,-42.6839497189533,8.50881143802475));
#7842=CARTESIAN_POINT('Ctrl Pts',(-92.7563023414646,-42.0171851561464,8.40904734077));
#7843=CARTESIAN_POINT('Ctrl Pts',(-92.7563023414646,-41.3507142817602,8.3093762349376));
#7844=CARTESIAN_POINT('Ctrl Pts',(-92.7563023414646,-40.6839497189533,8.20961213768286));
#7845=CARTESIAN_POINT('Ctrl Pts',(-92.7563023414646,-42.6839497189533,8.80801073836663));
#7846=CARTESIAN_POINT('Ctrl Pts',(-92.7563023414646,-42.0172830522866,8.80801073836663));
#7847=CARTESIAN_POINT('Ctrl Pts',(-92.7563023414646,-41.35061638562,8.80801073836663));
#7848=CARTESIAN_POINT('Ctrl Pts',(-92.7563023414646,-40.6839497189533,8.80801073836663));
#7849=CARTESIAN_POINT('',(-92.7563023414646,-42.6839497189533,8.80801073836663));
#7850=CARTESIAN_POINT('',(-90.7563023414646,-44.6839497189533,6.80801073836664));
#7851=CARTESIAN_POINT('Origin',(-79.7563023414645,-55.6839497189533,6.80801073836663));
#7852=CARTESIAN_POINT('',(-79.7563023414645,-55.6839497189533,6.80801073836663));
#7853=CARTESIAN_POINT('',(-90.7563023414645,-44.6839497189533,6.80801073836664));
#7854=CARTESIAN_POINT('',(-79.7563023414645,-55.6839497189533,6.80801073836663));
#7855=CARTESIAN_POINT('Origin',(98.8294840961624,-55.6839497189533,6.80801073836663));
#7856=CARTESIAN_POINT('',(-79.7563023414645,-55.6839497189533,6.80801073836663));
#7857=CARTESIAN_POINT('Origin',(5.29829253339455,-47.7093733302428,6.80801073836663));
#7858=CARTESIAN_POINT('Origin',(95.5914308067473,-124.683949718953,4.80801073836664));
#7859=CARTESIAN_POINT('',(98.8294840961626,-46.0981632813265,4.80801073836664));
#7860=CARTESIAN_POINT('',(98.8294840961626,-207.26973615658,4.80801073836664));
#7861=CARTESIAN_POINT('',(98.8294840961626,-124.683949718953,4.80801073836666));
#7862=CARTESIAN_POINT('',(87.8294840961626,-196.26973615658,4.80801073836657));
#7863=CARTESIAN_POINT('',(77.3735241644021,-185.813776224819,4.80801073836653));
#7864=CARTESIAN_POINT('',(87.8294840961626,-57.0981632813264,4.80801073836657));
#7865=CARTESIAN_POINT('',(87.8294840961626,-40.6839497189533,4.8080107383666));
#7866=CARTESIAN_POINT('',(72.873524164402,-72.054123213087,4.8080107383665));
#7867=CARTESIAN_POINT('Origin',(98.8294840961626,-124.683949718953,8.80801073836664));
#7868=CARTESIAN_POINT('',(98.8294840961626,-207.26973615658,6.80801073836663));
#7869=CARTESIAN_POINT('',(98.8294840961626,-46.0981632813265,6.80801073836663));
#7870=CARTESIAN_POINT('',(98.8294840961626,-124.683949718953,6.80801073836665));
#7871=CARTESIAN_POINT('',(100.243697658536,-208.683949718953,7.39379717599404));
#7872=CARTESIAN_POINT('Origin',(98.8294840961623,-207.26973615658,8.80801073836664));
#7873=CARTESIAN_POINT('',(100.829484096163,-208.683949718953,8.80801073836664));
#7874=CARTESIAN_POINT('Origin',(98.8294840961626,-208.683949718953,8.80801073836664));
#7875=CARTESIAN_POINT('',(100.829484096163,-44.0981632813265,8.80801073836664));
#7876=CARTESIAN_POINT('',(100.829484096163,-82.6839497189533,8.80801073836664));
#7877=CARTESIAN_POINT('Origin',(98.829484096162,-46.0981632813265,8.80801073836663));
#7878=CARTESIAN_POINT('Ctrl Pts',(100.243697658536,-208.683949718953,7.39379717599404));
#7879=CARTESIAN_POINT('Ctrl Pts',(100.715102179327,-208.683949718953,6.92239265520318));
#7880=CARTESIAN_POINT('Ctrl Pts',(101.186506700119,-208.683949718953,6.45098813441232));
#7881=CARTESIAN_POINT('Ctrl Pts',(101.65791122091,-208.683949718953,5.97958361362146));
#7882=CARTESIAN_POINT('Ctrl Pts',(99.8734574136896,-208.313709474107,7.02355693114721));
#7883=CARTESIAN_POINT('Ctrl Pts',(100.221793454544,-208.313709474107,6.42803661028118));
#7884=CARTESIAN_POINT('Ctrl Pts',(100.569094690362,-208.313709474107,5.83462344479381));
#7885=CARTESIAN_POINT('Ctrl Pts',(100.917430731217,-208.313709474107,5.23910312392779));
#7886=CARTESIAN_POINT('Ctrl Pts',(99.3530828717611,-207.793334932178,6.80801073836662));
#7887=CARTESIAN_POINT('Ctrl Pts',(99.5278685523604,-207.793334932178,6.14060350452828));
#7888=CARTESIAN_POINT('Ctrl Pts',(99.7018959667603,-207.793334932178,5.47541797220498));
#7889=CARTESIAN_POINT('Ctrl Pts',(99.8766816473596,-207.793334932178,4.80801073836663));
#7890=CARTESIAN_POINT('Ctrl Pts',(98.8294840961626,-207.26973615658,6.80801073836663));
#7891=CARTESIAN_POINT('Ctrl Pts',(98.8294840961626,-207.26973615658,6.14134407169996));
#7892=CARTESIAN_POINT('Ctrl Pts',(98.8294840961626,-207.26973615658,5.4746774050333));
#7893=CARTESIAN_POINT('Ctrl Pts',(98.8294840961626,-207.26973615658,4.80801073836663));
#7894=CARTESIAN_POINT('',(101.657911220853,-208.683949718939,5.97958361356488));
#7895=CARTESIAN_POINT('Ctrl Pts',(101.65791122091,-208.683949718953,5.97958361362146));
#7896=CARTESIAN_POINT('Ctrl Pts',(101.422208960514,-208.683949718953,6.21528587401689));
#7897=CARTESIAN_POINT('Ctrl Pts',(101.186506700119,-208.683949718953,6.45098813441232));
#7898=CARTESIAN_POINT('Ctrl Pts',(100.715102179327,-208.683949718953,6.92239265520318));
#7899=CARTESIAN_POINT('Ctrl Pts',(100.479399918932,-208.683949718953,7.15809491559861));
#7900=CARTESIAN_POINT('Ctrl Pts',(100.243697658536,-208.683949718953,7.39379717599404));
#7901=CARTESIAN_POINT('',(98.8294840961626,-207.26973615658,6.80801073836663));
#7902=CARTESIAN_POINT('Ctrl Pts',(98.8294840961626,-207.26973615658,4.80801073836663));
#7903=CARTESIAN_POINT('Ctrl Pts',(99.8766816473356,-207.793334932166,4.80801073836663));
#7904=CARTESIAN_POINT('Ctrl Pts',(100.917430731169,-208.313709474083,5.23910312390796));
#7905=CARTESIAN_POINT('Ctrl Pts',(101.657911220859,-208.683949718928,5.97958361357037));
#7906=CARTESIAN_POINT('Origin',(98.8294840961626,-207.26973615658,6.80801073836663));
#7907=CARTESIAN_POINT('',(87.8294840961626,-196.26973615658,6.80801073836656));
#7908=CARTESIAN_POINT('',(77.3735241644021,-185.813776224819,6.80801073836656));
#7909=CARTESIAN_POINT('',(87.8294840961626,-196.26973615658,6.80801073836658));
#7910=CARTESIAN_POINT('Origin',(98.8294840961626,-124.683949718953,8.80801073836664));
#7911=CARTESIAN_POINT('',(102.829484096163,-44.0981632813265,8.80801073836665));
#7912=CARTESIAN_POINT('Ctrl Pts',(102.829484096163,-44.0981632813265,8.80801073836664));
#7913=CARTESIAN_POINT('Ctrl Pts',(102.829484096163,-44.0981632813265,8.20961213768287));
#7914=CARTESIAN_POINT('Ctrl Pts',(102.692755304686,-44.1665276770648,7.61206249997615));
#7915=CARTESIAN_POINT('Ctrl Pts',(102.43317151605,-44.2963195713828,7.07302809171034));
#7916=CARTESIAN_POINT('Ctrl Pts',(102.173587727414,-44.4261114657008,6.53399368344454));
#7917=CARTESIAN_POINT('Ctrl Pts',(101.791148941619,-44.6173308585985,6.05347450461965));
#7918=CARTESIAN_POINT('Ctrl Pts',(101.323220267623,-44.8512951955961,5.68121339764221));
#7919=CARTESIAN_POINT('Ctrl Pts',(100.62132725663,-45.2022417010926,5.12282173717605));
#7920=CARTESIAN_POINT('Ctrl Pts',(99.7270819971882,-45.6493643308137,4.80801073836663));
#7921=CARTESIAN_POINT('Ctrl Pts',(98.8294840961626,-46.0981632813265,4.80801073836663));
#7922=CARTESIAN_POINT('',(102.829484096163,-208.683949718953,8.80801073836665));
#7923=CARTESIAN_POINT('',(102.829484096163,-82.6839497189533,8.80801073836665));
#7924=CARTESIAN_POINT('Origin',(98.8294840961626,-208.683949718953,8.80801073836664));
#7925=CARTESIAN_POINT('Origin',(87.8294840961626,-208.683949718953,6.8080107383666));
#7926=CARTESIAN_POINT('',(87.8294840961626,-57.0981632813264,6.80801073836656));
#7927=CARTESIAN_POINT('',(87.8294840961626,-40.6839497189533,6.8080107383666));
#7928=CARTESIAN_POINT('',(87.8294840961626,-57.0981632813264,6.80801073836658));
#7929=CARTESIAN_POINT('Ctrl Pts',(98.8294840961626,-46.0981632813265,6.80801073836663));
#7930=CARTESIAN_POINT('Ctrl Pts',(98.8294840961626,-46.0981632813265,6.14134407169996));
#7931=CARTESIAN_POINT('Ctrl Pts',(98.8294840961626,-46.0981632813265,5.4746774050333));
#7932=CARTESIAN_POINT('Ctrl Pts',(98.8294840961626,-46.0981632813265,4.80801073836663));
#7933=CARTESIAN_POINT('Ctrl Pts',(99.2782830466754,-45.6493643308137,6.80801073836663));
#7934=CARTESIAN_POINT('Ctrl Pts',(99.4280602424134,-45.6493643308137,6.14059219563177));
#7935=CARTESIAN_POINT('Ctrl Pts',(99.5773048014502,-45.6493643308137,5.47542928110149));
#7936=CARTESIAN_POINT('Ctrl Pts',(99.7270819971882,-45.6493643308137,4.80801073836663));
#7937=CARTESIAN_POINT('Ctrl Pts',(100.023487429544,-44.9041599479451,7.07035323737447));
#7938=CARTESIAN_POINT('Ctrl Pts',(100.421553042705,-44.9041599479451,6.49116674816679));
#7939=CARTESIAN_POINT('Ctrl Pts',(100.819425149764,-44.9041599479451,5.91188222559001));
#7940=CARTESIAN_POINT('Ctrl Pts',(101.217490762925,-44.9041599479451,5.33269573638232));
#7941=CARTESIAN_POINT('Ctrl Pts',(100.692755304686,-44.234892072803,7.91126180031802));
#7942=CARTESIAN_POINT('Ctrl Pts',(101.313879006785,-44.234892072803,7.61220138805186));
#7943=CARTESIAN_POINT('Ctrl Pts',(101.93490281111,-44.234892072803,7.31357327453558));
#7944=CARTESIAN_POINT('Ctrl Pts',(102.556026513209,-44.234892072803,7.01451286226942));
#7945=CARTESIAN_POINT('Ctrl Pts',(100.829484096163,-44.0981632813265,8.50881143802475));
#7946=CARTESIAN_POINT('Ctrl Pts',(101.49624865897,-44.0981632813265,8.40904734077001));
#7947=CARTESIAN_POINT('Ctrl Pts',(102.162719533356,-44.0981632813265,8.30937623493761));
#7948=CARTESIAN_POINT('Ctrl Pts',(102.829484096163,-44.0981632813265,8.20961213768287));
#7949=CARTESIAN_POINT('Ctrl Pts',(100.829484096163,-44.0981632813265,8.80801073836664));
#7950=CARTESIAN_POINT('Ctrl Pts',(101.496150762829,-44.0981632813265,8.80801073836664));
#7951=CARTESIAN_POINT('Ctrl Pts',(102.162817429496,-44.0981632813265,8.80801073836664));
#7952=CARTESIAN_POINT('Ctrl Pts',(102.829484096163,-44.0981632813265,8.80801073836664));
#7953=CARTESIAN_POINT('Ctrl Pts',(102.829484096163,-44.0981632813265,8.80801073836664));
#7954=CARTESIAN_POINT('Ctrl Pts',(102.162817429496,-44.0981632813265,8.80801073836664));
#7955=CARTESIAN_POINT('Ctrl Pts',(101.496150762829,-44.0981632813265,8.80801073836664));
#7956=CARTESIAN_POINT('Ctrl Pts',(100.829484096163,-44.0981632813265,8.80801073836664));
#7957=CARTESIAN_POINT('',(98.8294840961626,-46.0981632813265,6.80801073836663));
#7958=CARTESIAN_POINT('Origin',(87.8294840961626,-57.0981632813264,6.80801073836658));
#7959=CARTESIAN_POINT('',(72.873524164402,-72.054123213087,6.80801073836653));
#7960=CARTESIAN_POINT('Origin',(95.5914308067473,-124.683949718953,6.80801073836663));
#7961=CARTESIAN_POINT('Origin',(101.657911220853,-208.683949718953,5.97958361356488));
#7962=CARTESIAN_POINT('',(100.829484096163,-208.683949718953,8.80801073836664));
#7963=CARTESIAN_POINT('Origin',(3.32948409616234,-205.445896429538,4.80801073836655));
#7964=CARTESIAN_POINT('',(97.4152705337895,-208.683949718953,4.80801073836662));
#7965=CARTESIAN_POINT('',(-90.7563023414644,-208.683949718953,4.80801073836662));
#7966=CARTESIAN_POINT('',(3.32948409616235,-208.683949718953,4.80801073836651));
#7967=CARTESIAN_POINT('',(-79.7563023414645,-197.683949718953,4.80801073836669));
#7968=CARTESIAN_POINT('',(-66.4253424097039,-184.352989787192,4.80801073836673));
#7969=CARTESIAN_POINT('',(86.4152705337895,-197.683949718953,4.80801073836669));
#7970=CARTESIAN_POINT('',(102.829484096162,-197.683949718953,4.80801073836662));
#7971=CARTESIAN_POINT('',(67.5843106020289,-178.852989787192,4.8080107383668));
#7972=CARTESIAN_POINT('Origin',(3.32948409616236,-208.683949718953,8.80801073836658));
#7973=CARTESIAN_POINT('',(-90.7563023414644,-208.683949718953,6.80801073836661));
#7974=CARTESIAN_POINT('',(97.4152705337895,-208.683949718953,6.80801073836661));
#7975=CARTESIAN_POINT('',(3.32948409616236,-208.683949718953,6.80801073836654));
#7976=CARTESIAN_POINT('',(-92.7563023414644,-210.683949718953,8.80801073836659));
#7977=CARTESIAN_POINT('Origin',(-90.7563023414644,-208.683949718953,8.8080107383665));
#7978=CARTESIAN_POINT('',(99.4152705337896,-210.683949718953,8.80801073836659));
#7979=CARTESIAN_POINT('',(53.0794840961623,-210.683949718953,8.80801073836659));
#7980=CARTESIAN_POINT('Origin',(97.4152705337896,-208.683949718957,8.80801073836662));
#7981=CARTESIAN_POINT('Origin',(-90.7563023414645,-208.683949718953,6.80801073836661));
#7982=CARTESIAN_POINT('',(-79.7563023414645,-197.683949718953,6.80801073836669));
#7983=CARTESIAN_POINT('',(-66.4253424097039,-184.352989787192,6.80801073836669));
#7984=CARTESIAN_POINT('',(-79.7563023414645,-197.683949718953,6.80801073836665));
#7985=CARTESIAN_POINT('',(-90.7563023414644,-208.683949718953,6.80801073836661));
#7986=CARTESIAN_POINT('Ctrl Pts',(-92.7563023414644,-210.683949718953,8.80801073836658));
#7987=CARTESIAN_POINT('Ctrl Pts',(-92.7563023414644,-211.35061638562,8.80801073836658));
#7988=CARTESIAN_POINT('Ctrl Pts',(-92.7563023414644,-212.017283052286,8.80801073836658));
#7989=CARTESIAN_POINT('Ctrl Pts',(-92.7563023414644,-212.683949718953,8.80801073836658));
#7990=CARTESIAN_POINT('Ctrl Pts',(-92.7563023414644,-210.683949718953,8.35921178785376));
#7991=CARTESIAN_POINT('Ctrl Pts',(-92.7563023414644,-211.351080892706,8.21011102982397));
#7992=CARTESIAN_POINT('Ctrl Pts',(-92.7563023414644,-212.016818545199,8.05951359537072));
#7993=CARTESIAN_POINT('Ctrl Pts',(-92.7563023414644,-212.683949718953,7.91041283734093));
#7994=CARTESIAN_POINT('Ctrl Pts',(-92.3907089428314,-210.31835632032,7.31020363726251));
#7995=CARTESIAN_POINT('Ctrl Pts',(-92.3907089428314,-210.862933126128,6.81122145227937));
#7996=CARTESIAN_POINT('Ctrl Pts',(-92.3907089428314,-211.408186115879,6.31137872114155));
#7997=CARTESIAN_POINT('Ctrl Pts',(-92.3907089428314,-211.952762921687,5.81239653615841));
#7998=CARTESIAN_POINT('Ctrl Pts',(-91.3547009421482,-209.282348319637,6.80801073836662));
#7999=CARTESIAN_POINT('Ctrl Pts',(-91.3547009421482,-209.48261601008,6.13939115931083));
#8000=CARTESIAN_POINT('Ctrl Pts',(-91.3547009421482,-209.680479229877,5.4766303174224));
#8001=CARTESIAN_POINT('Ctrl Pts',(-91.3547009421482,-209.88074692032,4.80801073836662));
#8002=CARTESIAN_POINT('Ctrl Pts',(-90.7563023414644,-208.683949718953,6.80801073836662));
#8003=CARTESIAN_POINT('Ctrl Pts',(-90.7563023414644,-208.683949718953,6.14134407169995));
#8004=CARTESIAN_POINT('Ctrl Pts',(-90.7563023414644,-208.683949718953,5.47467740503329));
#8005=CARTESIAN_POINT('Ctrl Pts',(-90.7563023414644,-208.683949718953,4.80801073836663));
#8006=CARTESIAN_POINT('',(-92.7563023414644,-212.683949718953,8.80801073836657));
#8007=CARTESIAN_POINT('Ctrl Pts',(-90.7563023414644,-208.683949718953,4.80801073836663));
#8008=CARTESIAN_POINT('Ctrl Pts',(-91.3547009421482,-209.88074692032,4.80801073836662));
#8009=CARTESIAN_POINT('Ctrl Pts',(-91.9467055139671,-211.064756063958,5.38194547996193));
#8010=CARTESIAN_POINT('Ctrl Pts',(-92.3197991953208,-211.810943426666,6.31298405939911));
#8011=CARTESIAN_POINT('Ctrl Pts',(-92.599619456336,-212.370583948696,7.01126299397699));
#8012=CARTESIAN_POINT('Ctrl Pts',(-92.7563023414644,-212.683949718953,7.91041283734093));
#8013=CARTESIAN_POINT('Ctrl Pts',(-92.7563023414644,-212.683949718953,8.80801073836658));
#8014=CARTESIAN_POINT('Ctrl Pts',(-92.7563023414644,-210.683949718953,8.80801073836658));
#8015=CARTESIAN_POINT('Ctrl Pts',(-92.7563023414644,-211.35061638562,8.80801073836658));
#8016=CARTESIAN_POINT('Ctrl Pts',(-92.7563023414644,-212.017283052286,8.80801073836658));
#8017=CARTESIAN_POINT('Ctrl Pts',(-92.7563023414644,-212.683949718953,8.80801073836658));
#8018=CARTESIAN_POINT('Origin',(3.32948409616236,-208.683949718953,8.80801073836658));
#8019=CARTESIAN_POINT('',(99.4152705337896,-212.683949718953,8.80801073836657));
#8020=CARTESIAN_POINT('Ctrl Pts',(99.4152705337896,-212.683949718953,8.80801073836658));
#8021=CARTESIAN_POINT('Ctrl Pts',(99.4152705337896,-212.683949718953,8.2096121376828));
#8022=CARTESIAN_POINT('Ctrl Pts',(99.3468938573551,-212.547196366084,7.61210126238914));
#8023=CARTESIAN_POINT('Ctrl Pts',(99.2170943031713,-212.287597257716,7.07309711796039));
#8024=CARTESIAN_POINT('Ctrl Pts',(99.0872947489874,-212.027998149349,6.53409297353163));
#8025=CARTESIAN_POINT('Ctrl Pts',(98.8960723170542,-211.645553285482,6.0535955599678));
#8026=CARTESIAN_POINT('Ctrl Pts',(98.662111788318,-211.17763222801,5.68132291962862));
#8027=CARTESIAN_POINT('Ctrl Pts',(98.3111709952136,-210.475750641801,5.12291395911986));
#8028=CARTESIAN_POINT('Ctrl Pts',(97.8640694843023,-209.581547619978,4.80801073836659));
#8029=CARTESIAN_POINT('Ctrl Pts',(97.4152705337895,-208.683949718953,4.80801073836663));
#8030=CARTESIAN_POINT('',(53.0794840961623,-212.683949718953,8.80801073836657));
#8031=CARTESIAN_POINT('Origin',(-96.1705159038377,-197.683949718953,6.80801073836661));
#8032=CARTESIAN_POINT('',(86.4152705337895,-197.683949718953,6.80801073836669));
#8033=CARTESIAN_POINT('',(102.829484096162,-197.683949718953,6.80801073836661));
#8034=CARTESIAN_POINT('',(86.4152705337896,-197.683949718953,6.80801073836665));
#8035=CARTESIAN_POINT('Ctrl Pts',(97.4152705337895,-208.683949718953,6.80801073836662));
#8036=CARTESIAN_POINT('Ctrl Pts',(97.4152705337895,-208.683949718953,6.14134407169995));
#8037=CARTESIAN_POINT('Ctrl Pts',(97.4152705337895,-208.683949718953,5.47467740503329));
#8038=CARTESIAN_POINT('Ctrl Pts',(97.4152705337895,-208.683949718953,4.80801073836663));
#8039=CARTESIAN_POINT('Ctrl Pts',(97.8640694843023,-209.132748669466,6.8080107383666));
#8040=CARTESIAN_POINT('Ctrl Pts',(97.8640694843023,-209.282525865204,6.14059219563174));
#8041=CARTESIAN_POINT('Ctrl Pts',(97.8640694843023,-209.431770424241,5.47542928110145));
#8042=CARTESIAN_POINT('Ctrl Pts',(97.8640694843023,-209.581547619978,4.80801073836659));
#8043=CARTESIAN_POINT('Ctrl Pts',(98.6092386691544,-209.877917854318,7.07043008899432));
#8044=CARTESIAN_POINT('Ctrl Pts',(98.6092386691544,-210.275983467479,6.49124359978662));
#8045=CARTESIAN_POINT('Ctrl Pts',(98.6092386691544,-210.673820376521,5.91203592882974));
#8046=CARTESIAN_POINT('Ctrl Pts',(98.6092386691544,-211.071885989683,5.33284943962204));
#8047=CARTESIAN_POINT('Ctrl Pts',(99.2785171809206,-210.547196366084,7.91130056273103));
#8048=CARTESIAN_POINT('Ctrl Pts',(99.2785171809206,-211.168320068183,7.61224015046487));
#8049=CARTESIAN_POINT('Ctrl Pts',(99.2785171809206,-211.789319311116,7.31365079936163));
#8050=CARTESIAN_POINT('Ctrl Pts',(99.2785171809206,-212.410443013215,7.01459038709547));
#8051=CARTESIAN_POINT('Ctrl Pts',(99.4152705337896,-210.683949718953,8.50881143802469));
#8052=CARTESIAN_POINT('Ctrl Pts',(99.4152705337896,-211.35071428176,8.40904734076994));
#8053=CARTESIAN_POINT('Ctrl Pts',(99.4152705337896,-212.017185156146,8.30937623493754));
#8054=CARTESIAN_POINT('Ctrl Pts',(99.4152705337896,-212.683949718953,8.2096121376828));
#8055=CARTESIAN_POINT('Ctrl Pts',(99.4152705337896,-210.683949718953,8.80801073836658));
#8056=CARTESIAN_POINT('Ctrl Pts',(99.4152705337896,-211.35061638562,8.80801073836658));
#8057=CARTESIAN_POINT('Ctrl Pts',(99.4152705337896,-212.017283052286,8.80801073836658));
#8058=CARTESIAN_POINT('Ctrl Pts',(99.4152705337896,-212.683949718953,8.80801073836658));
#8059=CARTESIAN_POINT('Ctrl Pts',(99.4152705337896,-212.683949718953,8.80801073836658));
#8060=CARTESIAN_POINT('Ctrl Pts',(99.4152705337896,-212.017283052286,8.80801073836658));
#8061=CARTESIAN_POINT('Ctrl Pts',(99.4152705337896,-211.35061638562,8.80801073836658));
#8062=CARTESIAN_POINT('Ctrl Pts',(99.4152705337896,-210.683949718953,8.80801073836658));
#8063=CARTESIAN_POINT('',(97.4152705337895,-208.683949718953,6.80801073836661));
#8064=CARTESIAN_POINT('Origin',(86.4152705337895,-197.683949718953,6.80801073836672));
#8065=CARTESIAN_POINT('',(67.5843106020289,-178.852989787192,6.80801073836672));
#8066=CARTESIAN_POINT('Origin',(3.32948409616235,-205.445896429538,6.80801073836658));
#8067=CARTESIAN_POINT('Origin',(102.829484096162,-210.683949718953,8.80801073836659));
#8068=CARTESIAN_POINT('',(102.829484096162,-210.683949718953,8.80801073836659));
#8069=CARTESIAN_POINT('',(53.0794840961623,-210.683949718953,8.80801073836659));
#8070=CARTESIAN_POINT('',(102.829484096162,-212.683949718953,8.80801073836657));
#8071=CARTESIAN_POINT('',(102.829484096162,-210.683949718953,8.80801073836659));
#8072=CARTESIAN_POINT('',(53.0794840961623,-212.683949718953,8.80801073836657));
#8073=CARTESIAN_POINT('Origin',(100.829484096163,-40.6839497189533,8.80801073836664));
#8074=CARTESIAN_POINT('',(100.829484096163,-40.6839497189533,8.80801073836664));
#8075=CARTESIAN_POINT('',(100.829484096163,-82.6839497189533,8.80801073836664));
#8076=CARTESIAN_POINT('',(102.829484096163,-40.6839497189533,8.80801073836665));
#8077=CARTESIAN_POINT('',(100.829484096163,-40.6839497189533,8.80801073836664));
#8078=CARTESIAN_POINT('',(102.829484096163,-82.6839497189533,8.80801073836665));
#8079=CARTESIAN_POINT('Origin',(100.829484096162,-124.683949718953,30.0699574489513));
#8080=CARTESIAN_POINT('',(100.829484096162,-208.683949718953,50.8080107383666));
#8081=CARTESIAN_POINT('',(100.829484096162,-208.683949718953,59.8557975807052));
#8082=CARTESIAN_POINT('',(100.829484096162,-44.6839497189533,50.8080107383666));
#8083=CARTESIAN_POINT('',(100.829484096162,-124.683949718953,50.8080107383666));
#8084=CARTESIAN_POINT('',(100.829484096162,-40.6839497189533,50.8080107383666));
#8085=CARTESIAN_POINT('',(100.829484096162,-124.683949718953,50.8080107383666));
#8086=CARTESIAN_POINT('',(100.829484096162,-40.6839497189533,59.8557975807052));
#8087=CARTESIAN_POINT('Origin',(102.829484096162,-210.683949718953,8.80801073836659));
#8088=CARTESIAN_POINT('',(-96.1705159038377,-212.683949718953,8.80801073836657));
#8089=CARTESIAN_POINT('',(53.0794840961623,-212.683949718953,8.80801073836657));
#8090=CARTESIAN_POINT('',(-96.1705159038377,-210.683949718953,8.80801073836659));
#8091=CARTESIAN_POINT('',(-96.1705159038377,-210.683949718953,8.80801073836659));
#8092=CARTESIAN_POINT('',(53.0794840961623,-210.683949718953,8.80801073836659));
#8093=CARTESIAN_POINT('Origin',(3.32948409616235,-210.683949718953,30.0699574489512));
#8094=CARTESIAN_POINT('',(-96.1705159038377,-210.683949718953,50.8080107383666));
#8095=CARTESIAN_POINT('',(-96.1705159038377,-210.683949718953,59.8557975807052));
#8096=CARTESIAN_POINT('',(-92.1705159038377,-210.683949718953,50.8080107383666));
#8097=CARTESIAN_POINT('',(3.32948409616236,-210.683949718953,50.8080107383666));
#8098=CARTESIAN_POINT('',(98.8294840961624,-210.683949718953,50.8080107383666));
#8099=CARTESIAN_POINT('',(3.32948409616236,-210.683949718953,50.8080107383666));
#8100=CARTESIAN_POINT('',(102.829484096162,-210.683949718953,50.8080107383666));
#8101=CARTESIAN_POINT('',(3.32948409616236,-210.683949718953,50.8080107383666));
#8102=CARTESIAN_POINT('',(102.829484096162,-210.683949718953,59.8557975807052));
#8103=CARTESIAN_POINT('Origin',(-96.1705159038376,-126.397216230871,30.0637977182197));
#8104=CARTESIAN_POINT('',(-96.1705159038377,-208.683949718953,50.8080107383666));
#8105=CARTESIAN_POINT('',(-96.1705159038377,-208.683949718953,50.8080107383667));
#8106=CARTESIAN_POINT('',(-96.1705159038377,-44.6839497189533,50.8080107383666));
#8107=CARTESIAN_POINT('',(-96.1705159038377,-126.540582974912,50.8080107383667));
#8108=CARTESIAN_POINT('',(-96.1705159038377,-44.0981632813265,50.8080107383666));
#8109=CARTESIAN_POINT('',(-96.1705159038377,-44.6839497189533,50.8080107383666));
#8110=CARTESIAN_POINT('',(-96.1705159038377,-44.0981632813264,50.8080107383667));
#8111=CARTESIAN_POINT('Origin',(-94.1705159038376,-208.683949718953,4.80801073836666));
#8112=CARTESIAN_POINT('',(-94.1705159038377,-208.683949718953,50.8080107383666));
#8113=CARTESIAN_POINT('',(-94.1705159038377,-208.683949718953,59.8557975807053));
#8114=CARTESIAN_POINT('',(-94.6105159038377,-208.683949718953,50.8080107383666));
#8115=CARTESIAN_POINT('Origin',(-94.1705159038376,-126.397216230871,30.0637977182197));
#8116=CARTESIAN_POINT('',(-94.1705159038377,-44.0981632813265,50.8080107383666));
#8117=CARTESIAN_POINT('',(-94.1705159038377,-44.0981632813264,50.8080107383667));
#8118=CARTESIAN_POINT('',(-94.1705159038377,-44.6839497189533,50.8080107383666));
#8119=CARTESIAN_POINT('',(-94.1705159038377,-44.6839497189533,50.8080107383666));
#8120=CARTESIAN_POINT('',(-94.1705159038377,-126.540582974912,50.8080107383667));
#8121=CARTESIAN_POINT('Origin',(3.0420636767284,-42.6839497189533,30.0644846495718));
#8122=CARTESIAN_POINT('',(98.8294840961623,-42.6839497189533,50.8080107383666));
#8123=CARTESIAN_POINT('',(98.8294840961623,-42.6839497189533,59.8557975807052));
#8124=CARTESIAN_POINT('',(-92.1705159038377,-42.6839497189533,50.8080107383666));
#8125=CARTESIAN_POINT('',(3.18577388644537,-42.6839497189533,50.8080107383666));
#8126=CARTESIAN_POINT('',(-92.7563023414644,-42.6839497189533,50.8080107383666));
#8127=CARTESIAN_POINT('',(-92.1705159038377,-42.6839497189533,50.8080107383666));
#8128=CARTESIAN_POINT('',(-92.7563023414646,-42.6839497189533,50.8080107383666));
#8129=CARTESIAN_POINT('Origin',(-92.1705159038377,-126.683949718953,50.8080107383666));
#8130=CARTESIAN_POINT('',(-92.1705159038377,-208.683949718953,54.8080107383666));
#8131=CARTESIAN_POINT('Origin',(-92.1705159038377,-208.683949718953,50.8080107383666));
#8132=CARTESIAN_POINT('',(-92.1705159038377,-44.6839497189533,54.8080107383666));
#8133=CARTESIAN_POINT('',(-92.1705159038377,-167.683949718953,54.8080107383666));
#8134=CARTESIAN_POINT('Origin',(-92.1705159038377,-44.6839497189533,50.8080107383666));
#8135=CARTESIAN_POINT('Origin',(-94.1705159038377,-208.683949718953,50.8080107383666));
#8136=CARTESIAN_POINT('',(-92.1705159038377,-208.683949718953,52.8080107383666));
#8137=CARTESIAN_POINT('Origin',(-92.1705159038377,-208.683949718953,50.8080107383666));
#8138=CARTESIAN_POINT('',(-92.1705159038377,-208.683949718953,51.8080107383666));
#8139=CARTESIAN_POINT('Origin',(-94.1705159038377,-44.0981632813264,50.8080107383667));
#8140=CARTESIAN_POINT('',(-94.1705159038377,-44.0981632813265,50.8080107383666));
#8141=CARTESIAN_POINT('Origin',(-94.1705159038377,-44.6839497189533,50.8080107383666));
#8142=CARTESIAN_POINT('',(-94.1705159038377,-44.6839497189533,50.8080107383666));
#8143=CARTESIAN_POINT('Origin',(-92.1705159038377,-44.6839497189533,52.8080107383666));
#8144=CARTESIAN_POINT('',(-92.1705159038377,-44.6839497189533,52.8080107383666));
#8145=CARTESIAN_POINT('Origin',(-92.1705159038377,-44.6839497189533,50.8080107383666));
#8146=CARTESIAN_POINT('',(-92.1705159038377,-44.6839497189533,52.8080107383666));
#8147=CARTESIAN_POINT('Origin',(-92.1705159038377,-126.683949718953,50.8080107383666));
#8148=CARTESIAN_POINT('',(-92.1705159038377,-167.683949718953,52.8080107383666));
#8149=CARTESIAN_POINT('Origin',(3.32948409616234,-44.6839497189533,50.8080107383666));
#8150=CARTESIAN_POINT('',(-92.1705159038377,-40.6839497189533,50.8080107383666));
#8151=CARTESIAN_POINT('',(98.8294840961623,-40.6839497189533,50.8080107383666));
#8152=CARTESIAN_POINT('',(3.18577388644537,-40.6839497189533,50.8080107383666));
#8153=CARTESIAN_POINT('Origin',(-92.1705159038377,-44.6839497189533,50.8080107383666));
#8154=CARTESIAN_POINT('',(98.8294840961624,-44.6839497189533,54.8080107383666));
#8155=CARTESIAN_POINT('',(-44.4205159038377,-44.6839497189533,54.8080107383666));
#8156=CARTESIAN_POINT('Origin',(98.8294840961623,-44.6839497189533,50.8080107383666));
#8157=CARTESIAN_POINT('Origin',(98.8294840961623,-42.6839497189533,55.3319041595359));
#8158=CARTESIAN_POINT('',(98.8294840961623,-40.6839497189533,59.8557975807052));
#8159=CARTESIAN_POINT('',(98.8294840961623,-42.2439497189533,50.8080107383666));
#8160=CARTESIAN_POINT('Origin',(98.8294840961623,-40.6839497189533,50.8080107383666));
#8161=CARTESIAN_POINT('',(98.8294840961624,-44.6839497189533,52.8080107383666));
#8162=CARTESIAN_POINT('',(98.8294840961623,-44.6839497189533,51.8080107383666));
#8163=CARTESIAN_POINT('Origin',(98.8294840961623,-44.6839497189533,50.8080107383666));
#8164=CARTESIAN_POINT('Origin',(-92.1705159038377,-44.6839497189533,52.8080107383666));
#8165=CARTESIAN_POINT('Origin',(-92.1705159038377,-44.6839497189533,50.8080107383666));
#8166=CARTESIAN_POINT('',(-92.1705159038377,-42.6839497189533,50.8080107383666));
#8167=CARTESIAN_POINT('Origin',(-92.7563023414644,-42.6839497189533,50.8080107383666));
#8168=CARTESIAN_POINT('',(-92.7563023414644,-40.6839497189533,50.8080107383666));
#8169=CARTESIAN_POINT('',(-92.1705159038377,-40.6839497189533,50.8080107383666));
#8170=CARTESIAN_POINT('',(-92.7563023414644,-42.6839497189533,50.8080107383666));
#8171=CARTESIAN_POINT('Origin',(-92.7563023414646,-42.6839497189533,4.80801073836663));
#8172=CARTESIAN_POINT('',(-92.7563023414646,-40.6839497189533,50.8080107383666));
#8173=CARTESIAN_POINT('Origin',(3.32948409616234,-44.6839497189533,50.8080107383666));
#8174=CARTESIAN_POINT('',(-44.4205159038377,-44.6839497189533,52.8080107383666));
#8175=CARTESIAN_POINT('Origin',(3.0420636767284,-40.6839497189533,30.0644846495718));
#8176=CARTESIAN_POINT('Origin',(-92.1705159038377,-44.6839497189533,52.8080107383666));
#8177=CARTESIAN_POINT('',(102.829484096162,-44.6839497189533,50.8080107383666));
#8178=CARTESIAN_POINT('Origin',(98.8294840961624,-44.6839497189533,50.8080107383666));
#8179=CARTESIAN_POINT('',(102.829484096162,-44.6839497189533,50.8080107383666));
#8180=CARTESIAN_POINT('Origin',(98.8294840961624,-44.6839497189533,50.8080107383666));
#8181=CARTESIAN_POINT('Origin',(-92.1705159038377,-210.683949718953,50.8080107383666));
#8182=CARTESIAN_POINT('',(-92.1705159038377,-212.683949718953,50.8080107383665));
#8183=CARTESIAN_POINT('',(-92.1705159038377,-212.683949718953,50.8080107383665));
#8184=CARTESIAN_POINT('',(-96.1705159038377,-212.683949718953,50.8080107383666));
#8185=CARTESIAN_POINT('',(-96.1705159038377,-211.123949718953,50.8080107383666));
#8186=CARTESIAN_POINT('',(3.32948409616235,-212.683949718953,50.8080107383666));
#8187=CARTESIAN_POINT('Origin',(3.32948409616236,-208.683949718953,50.8080107383666));
#8188=CARTESIAN_POINT('Origin',(-92.1705159038377,-208.683949718953,50.8080107383666));
#8189=CARTESIAN_POINT('',(98.8294840961624,-208.683949718953,52.8080107383666));
#8190=CARTESIAN_POINT('',(53.0794840961623,-208.683949718953,52.8080107383666));
#8191=CARTESIAN_POINT('Origin',(98.8294840961624,-208.683949718953,50.8080107383666));
#8192=CARTESIAN_POINT('Origin',(102.829484096162,-44.6839497189533,50.8080107383666));
#8193=CARTESIAN_POINT('',(102.829484096162,-40.6839497189533,50.8080107383667));
#8194=CARTESIAN_POINT('',(102.829484096162,-124.683949718953,50.8080107383667));
#8195=CARTESIAN_POINT('',(101.269484096162,-40.6839497189533,50.8080107383666));
#8196=CARTESIAN_POINT('Origin',(98.8294840961624,-124.683949718953,50.8080107383666));
#8197=CARTESIAN_POINT('',(98.8294840961624,-208.683949718953,54.8080107383666));
#8198=CARTESIAN_POINT('',(98.8294840961624,-83.6839497189533,54.8080107383666));
#8199=CARTESIAN_POINT('',(102.829484096162,-208.683949718953,50.8080107383667));
#8200=CARTESIAN_POINT('Origin',(98.8294840961624,-208.683949718953,50.8080107383666));
#8201=CARTESIAN_POINT('',(102.829484096162,-124.683949718953,50.8080107383667));
#8202=CARTESIAN_POINT('Origin',(-92.1705159038377,-208.683949718953,52.8080107383666));
#8203=CARTESIAN_POINT('Origin',(-92.1705159038377,-208.683949718953,50.8080107383666));
#8204=CARTESIAN_POINT('Origin',(3.32948409616234,-126.683949718953,52.8080107383666));
#8205=CARTESIAN_POINT('',(98.8294840961624,-83.6839497189533,52.8080107383666));
#8206=CARTESIAN_POINT('',(-50.,-170.,52.8080107383666));
#8207=CARTESIAN_POINT('',(10.,-170.,52.8080107383666));
#8208=CARTESIAN_POINT('',(-50.,-170.,52.8080107383666));
#8209=CARTESIAN_POINT('',(-50.,-200.,52.8080107383666));
#8210=CARTESIAN_POINT('',(-50.,-200.,52.8080107383666));
#8211=CARTESIAN_POINT('',(10.,-200.,52.8080107383666));
#8212=CARTESIAN_POINT('',(10.,-200.,52.8080107383666));
#8213=CARTESIAN_POINT('',(10.,-170.,52.8080107383666));
#8214=CARTESIAN_POINT('',(25.000000372529,-130.000001937151,52.8080107383666));
#8215=CARTESIAN_POINT('',(35.0000005215406,-130.000001937151,52.8080107383666));
#8216=CARTESIAN_POINT('',(25.000000372529,-130.000001937151,52.8080107383666));
#8217=CARTESIAN_POINT('',(25.000000372529,-140.000002086163,52.8080107383666));
#8218=CARTESIAN_POINT('',(25.000000372529,-140.000002086163,52.8080107383666));
#8219=CARTESIAN_POINT('',(35.0000005215406,-140.000002086163,52.8080107383666));
#8220=CARTESIAN_POINT('',(35.0000005215406,-140.000002086163,52.8080107383666));
#8221=CARTESIAN_POINT('',(35.0000005215406,-130.000001937151,52.8080107383666));
#8222=CARTESIAN_POINT('Origin',(100.829484096162,-208.683949718953,55.3319041595359));
#8223=CARTESIAN_POINT('',(102.829484096162,-208.683949718953,59.8557975807052));
#8224=CARTESIAN_POINT('',(101.269484096162,-208.683949718953,50.8080107383666));
#8225=CARTESIAN_POINT('Origin',(102.829484096162,-208.683949718953,50.8080107383666));
#8226=CARTESIAN_POINT('',(98.8294840961624,-208.683949718953,51.8080107383666));
#8227=CARTESIAN_POINT('Origin',(98.8294840961624,-208.683949718953,50.8080107383666));
#8228=CARTESIAN_POINT('Origin',(100.829484096163,-40.6839497189533,4.80801073836666));
#8229=CARTESIAN_POINT('',(102.829484096162,-40.6839497189533,50.8080107383667));
#8230=CARTESIAN_POINT('Origin',(98.8294840961624,-124.683949718953,50.8080107383666));
#8231=CARTESIAN_POINT('Origin',(102.829484096162,-124.683949718953,30.0699574489513));
#8232=CARTESIAN_POINT('Origin',(98.8294840961624,-40.6839497189533,52.8080107383666));
#8233=CARTESIAN_POINT('',(98.8294840961624,-212.683949718953,50.8080107383665));
#8234=CARTESIAN_POINT('Origin',(98.8294840961624,-208.683949718953,50.8080107383666));
#8235=CARTESIAN_POINT('',(98.8294840961624,-212.683949718953,50.8080107383665));
#8236=CARTESIAN_POINT('Origin',(98.8294840961624,-212.683949718953,50.8080107383665));
#8237=CARTESIAN_POINT('',(102.829484096162,-212.683949718953,50.8080107383666));
#8238=CARTESIAN_POINT('',(3.32948409616235,-212.683949718953,50.8080107383666));
#8239=CARTESIAN_POINT('',(102.829484096162,-211.123949718953,50.8080107383666));
#8240=CARTESIAN_POINT('Origin',(3.32948409616236,-208.683949718953,50.8080107383666));
#8241=CARTESIAN_POINT('',(3.32948409616235,-212.683949718953,50.8080107383666));
#8242=CARTESIAN_POINT('',(53.0794840961623,-208.683949718953,54.8080107383666));
#8243=CARTESIAN_POINT('Origin',(-96.1705159038377,-210.683949718953,55.3319041595359));
#8244=CARTESIAN_POINT('',(-96.1705159038377,-212.683949718953,59.8557975807052));
#8245=CARTESIAN_POINT('Origin',(102.829484096162,-210.683949718953,4.80801073836662));
#8246=CARTESIAN_POINT('',(102.829484096162,-212.683949718953,50.8080107383666));
#8247=CARTESIAN_POINT('Origin',(3.32948409616234,-212.683949718953,30.0699574489512));
#8248=CARTESIAN_POINT('Origin',(3.32948409616234,-126.683949718953,54.8080107383666));
#8249=CARTESIAN_POINT('',(25.000000372529,-130.000001937151,54.8080107383666));
#8250=CARTESIAN_POINT('',(35.0000005215406,-130.000001937151,54.8080107383666));
#8251=CARTESIAN_POINT('',(25.000000372529,-130.000001937151,54.8080107383666));
#8252=CARTESIAN_POINT('',(35.0000005215406,-140.000002086163,54.8080107383666));
#8253=CARTESIAN_POINT('',(35.0000005215406,-130.000001937151,54.8080107383666));
#8254=CARTESIAN_POINT('',(25.000000372529,-140.000002086163,54.8080107383666));
#8255=CARTESIAN_POINT('',(35.0000005215406,-140.000002086163,54.8080107383666));
#8256=CARTESIAN_POINT('',(25.000000372529,-140.000002086163,54.8080107383666));
#8257=CARTESIAN_POINT('',(-50.,-170.,54.8080107383666));
#8258=CARTESIAN_POINT('',(10.,-170.,54.8080107383666));
#8259=CARTESIAN_POINT('',(-50.,-170.,54.8080107383666));
#8260=CARTESIAN_POINT('',(10.,-200.,54.8080107383666));
#8261=CARTESIAN_POINT('',(10.,-170.,54.8080107383666));
#8262=CARTESIAN_POINT('',(-50.,-200.,54.8080107383666));
#8263=CARTESIAN_POINT('',(10.,-200.,54.8080107383666));
#8264=CARTESIAN_POINT('',(-50.,-200.,54.8080107383666));
#8265=CARTESIAN_POINT('Origin',(25.000000372529,-140.000002086163,52.8080107383666));
#8266=CARTESIAN_POINT('',(25.000000372529,-130.000001937151,52.8080107383666));
#8267=CARTESIAN_POINT('',(25.000000372529,-140.000002086163,52.8080107383666));
#8268=CARTESIAN_POINT('Origin',(35.0000005215406,-140.000002086163,52.8080107383666));
#8269=CARTESIAN_POINT('',(35.0000005215406,-140.000002086163,52.8080107383666));
#8270=CARTESIAN_POINT('Origin',(35.0000005215406,-130.000001937151,52.8080107383666));
#8271=CARTESIAN_POINT('',(35.0000005215406,-130.000001937151,52.8080107383666));
#8272=CARTESIAN_POINT('Origin',(25.000000372529,-130.000001937151,52.8080107383666));
#8273=CARTESIAN_POINT('Origin',(-50.,-200.,52.8080107383666));
#8274=CARTESIAN_POINT('',(-50.,-170.,52.8080107383666));
#8275=CARTESIAN_POINT('',(-50.,-200.,52.8080107383666));
#8276=CARTESIAN_POINT('Origin',(10.,-200.,52.8080107383666));
#8277=CARTESIAN_POINT('',(10.,-200.,52.8080107383666));
#8278=CARTESIAN_POINT('Origin',(10.,-170.,52.8080107383666));
#8279=CARTESIAN_POINT('',(10.,-170.,52.8080107383666));
#8280=CARTESIAN_POINT('Origin',(-50.,-170.,52.8080107383666));
#8281=CARTESIAN_POINT('Origin',(-75.0000011175871,-70.,2.79721610698729));
#8282=CARTESIAN_POINT('',(-76.5000011175871,-70.,2.79721610698729));
#8283=CARTESIAN_POINT('Origin',(-75.0000011175871,-70.,2.79721610698729));
#8284=CARTESIAN_POINT('',(-76.5000011175871,-70.,4.79721610698729));
#8285=CARTESIAN_POINT('',(-76.5000011175871,-70.,2.79721610698729));
#8286=CARTESIAN_POINT('Origin',(-75.0000011175871,-70.,4.79721610698729));
#8287=CARTESIAN_POINT('Origin',(0.,-120.,2.79721610698729));
#8288=CARTESIAN_POINT('',(-1.5,-120.,2.79721610698729));
#8289=CARTESIAN_POINT('Origin',(0.,-120.,2.79721610698729));
#8290=CARTESIAN_POINT('',(-1.5,-120.,4.79721610698729));
#8291=CARTESIAN_POINT('',(-1.5,-120.,2.79721610698729));
#8292=CARTESIAN_POINT('Origin',(0.,-120.,4.79721610698729));
#8293=CARTESIAN_POINT('Origin',(75.,-185.,2.79721610698729));
#8294=CARTESIAN_POINT('',(73.5,-185.,2.79721610698729));
#8295=CARTESIAN_POINT('Origin',(75.,-185.,2.79721610698729));
#8296=CARTESIAN_POINT('',(73.5,-185.,4.79721610698729));
#8297=CARTESIAN_POINT('',(73.5,-185.,2.79721610698729));
#8298=CARTESIAN_POINT('Origin',(75.,-185.,4.79721610698729));
#8299=CARTESIAN_POINT('Origin',(-75.0000011175871,-190.000002831221,2.79721610698729));
#8300=CARTESIAN_POINT('',(-76.5000011175871,-190.000002831221,2.79721610698729));
#8301=CARTESIAN_POINT('Origin',(-75.0000011175871,-190.000002831221,2.79721610698729));
#8302=CARTESIAN_POINT('',(-76.5000011175871,-190.000002831221,4.79721610698729));
#8303=CARTESIAN_POINT('',(-76.5000011175871,-190.000002831221,2.79721610698729));
#8304=CARTESIAN_POINT('Origin',(-75.0000011175871,-190.000002831221,4.79721610698729));
#8305=CARTESIAN_POINT('Origin',(75.,-70.,2.79721610698729));
#8306=CARTESIAN_POINT('',(73.5,-70.,2.79721610698729));
#8307=CARTESIAN_POINT('Origin',(75.,-70.,2.79721610698729));
#8308=CARTESIAN_POINT('',(73.5,-70.,4.79721610698729));
#8309=CARTESIAN_POINT('',(73.5,-70.,2.79721610698729));
#8310=CARTESIAN_POINT('Origin',(75.,-70.,4.79721610698729));
#8311=CARTESIAN_POINT('Origin',(-75.1050614671356,-49.6836115166598,2.79721610698729));
#8312=CARTESIAN_POINT('',(-76.6050614671356,-49.6836115166598,2.79721610698729));
#8313=CARTESIAN_POINT('Origin',(-75.1050614671356,-49.6836115166598,2.79721610698729));
#8314=CARTESIAN_POINT('',(-76.6050614671356,-49.6836115166598,4.79721610698729));
#8315=CARTESIAN_POINT('',(-76.6050614671356,-49.6836115166598,2.79721610698729));
#8316=CARTESIAN_POINT('Origin',(-75.1050614671356,-49.6836115166598,4.79721610698729));
#8317=CARTESIAN_POINT('Origin',(84.89317224613,-203.68361151666,2.79721610698729));
#8318=CARTESIAN_POINT('',(83.39317224613,-203.68361151666,2.79721610698729));
#8319=CARTESIAN_POINT('Origin',(84.89317224613,-203.68361151666,2.79721610698729));
#8320=CARTESIAN_POINT('',(83.39317224613,-203.68361151666,4.79721610698729));
#8321=CARTESIAN_POINT('',(83.39317224613,-203.68361151666,2.79721610698729));
#8322=CARTESIAN_POINT('Origin',(84.89317224613,-203.68361151666,4.79721610698729));
#8323=CARTESIAN_POINT('Origin',(79.9727402263267,-49.6836115166598,2.79721610698729));
#8324=CARTESIAN_POINT('',(78.4727402263267,-49.6836115166598,2.79721610698729));
#8325=CARTESIAN_POINT('Origin',(79.9727402263267,-49.6836115166598,2.79721610698729));
#8326=CARTESIAN_POINT('',(78.4727402263267,-49.6836115166598,4.79721610698729));
#8327=CARTESIAN_POINT('',(78.4727402263267,-49.6836115166598,2.79721610698729));
#8328=CARTESIAN_POINT('Origin',(79.9727402263267,-49.6836115166598,4.79721610698729));
#8329=CARTESIAN_POINT('Origin',(-74.9032344640992,-203.68361151666,2.79721610698729));
#8330=CARTESIAN_POINT('',(-76.4032344640992,-203.68361151666,2.79721610698729));
#8331=CARTESIAN_POINT('Origin',(-74.9032344640992,-203.68361151666,2.79721610698729));
#8332=CARTESIAN_POINT('',(-76.4032344640992,-203.68361151666,4.79721610698729));
#8333=CARTESIAN_POINT('',(-76.4032344640992,-203.68361151666,2.79721610698729));
#8334=CARTESIAN_POINT('Origin',(-74.9032344640992,-203.68361151666,4.79721610698729));
#8335=CARTESIAN_POINT('Origin',(-87.1702727551506,-60.72826235909,2.79721610698729));
#8336=CARTESIAN_POINT('',(-88.6702727551506,-60.72826235909,2.79721610698729));
#8337=CARTESIAN_POINT('Origin',(-87.1702727551506,-60.72826235909,2.79721610698729));
#8338=CARTESIAN_POINT('',(-88.6702727551506,-60.72826235909,4.79721610698729));
#8339=CARTESIAN_POINT('',(-88.6702727551506,-60.72826235909,2.79721610698729));
#8340=CARTESIAN_POINT('Origin',(-87.1702727551506,-60.72826235909,4.79721610698729));
#8341=CARTESIAN_POINT('Origin',(93.8297272448493,-195.124281500262,2.79721610698729));
#8342=CARTESIAN_POINT('',(92.3297272448493,-195.124281500262,2.79721610698729));
#8343=CARTESIAN_POINT('Origin',(93.8297272448493,-195.124281500262,2.79721610698729));
#8344=CARTESIAN_POINT('',(92.3297272448493,-195.124281500262,4.79721610698729));
#8345=CARTESIAN_POINT('',(92.3297272448493,-195.124281500262,2.79721610698729));
#8346=CARTESIAN_POINT('Origin',(93.8297272448493,-195.124281500262,4.79721610698729));
#8347=CARTESIAN_POINT('Origin',(93.8297272448493,-59.5948787070888,2.79721610698729));
#8348=CARTESIAN_POINT('',(92.3297272448493,-59.5948787070888,2.79721610698729));
#8349=CARTESIAN_POINT('Origin',(93.8297272448493,-59.5948787070888,2.79721610698729));
#8350=CARTESIAN_POINT('',(92.3297272448493,-59.5948787070888,4.79721610698729));
#8351=CARTESIAN_POINT('',(92.3297272448493,-59.5948787070888,2.79721610698729));
#8352=CARTESIAN_POINT('Origin',(93.8297272448493,-59.5948787070888,4.79721610698729));
#8353=CARTESIAN_POINT('Origin',(-87.1702727551506,-192.062147096046,2.79721610698729));
#8354=CARTESIAN_POINT('',(-88.6702727551506,-192.062147096046,2.79721610698729));
#8355=CARTESIAN_POINT('Origin',(-87.1702727551506,-192.062147096046,2.79721610698729));
#8356=CARTESIAN_POINT('',(-88.6702727551506,-192.062147096046,4.79721610698729));
#8357=CARTESIAN_POINT('',(-88.6702727551506,-192.062147096046,2.79721610698729));
#8358=CARTESIAN_POINT('Origin',(-87.1702727551506,-192.062147096046,4.79721610698729));
#8359=CARTESIAN_POINT('Origin',(94.8297272448493,-48.6836115166598,2.79721610698729));
#8360=CARTESIAN_POINT('',(97.8297272448493,-48.6836115166598,2.79721610698729));
#8361=CARTESIAN_POINT('',(94.8297272448493,-45.6836115166598,2.79721610698729));
#8362=CARTESIAN_POINT('Origin',(94.8297272448493,-48.6836115166598,2.79721610698729));
#8363=CARTESIAN_POINT('',(94.8297272448493,-45.6836115166598,4.79721610698729));
#8364=CARTESIAN_POINT('',(94.8297272448493,-45.6836115166598,2.79721610698729));
#8365=CARTESIAN_POINT('',(97.8297272448493,-48.6836115166598,4.79721610698729));
#8366=CARTESIAN_POINT('Origin',(94.8297272448493,-48.6836115166598,4.79721610698729));
#8367=CARTESIAN_POINT('',(97.8297272448493,-48.6836115166598,2.79721610698729));
#8368=CARTESIAN_POINT('Origin',(97.8297272448493,-213.64661151666,2.79721610698729));
#8369=CARTESIAN_POINT('',(97.8297272448493,-204.68361151666,4.79721610698729));
#8370=CARTESIAN_POINT('',(97.8297272448493,-169.64661151666,4.79721610698729));
#8371=CARTESIAN_POINT('',(97.8297272448493,-204.68361151666,2.79721610698729));
#8372=CARTESIAN_POINT('',(97.8297272448493,-204.68361151666,2.79721610698729));
#8373=CARTESIAN_POINT('',(97.8297272448493,-169.64661151666,2.79721610698729));
#8374=CARTESIAN_POINT('Origin',(3.60272724484933,-125.64661151666,4.79721610698729));
#8375=CARTESIAN_POINT('',(-88.1702727551507,-45.6836115166598,4.79721610698729));
#8376=CARTESIAN_POINT('',(53.3527272448493,-45.6836115166598,4.79721610698729));
#8377=CARTESIAN_POINT('',(-91.1702727551507,-48.6836115166598,4.79721610698729));
#8378=CARTESIAN_POINT('Origin',(-88.1702727551507,-48.6836115166598,4.79721610698729));
#8379=CARTESIAN_POINT('',(-91.1702727551507,-204.68361151666,4.79721610698729));
#8380=CARTESIAN_POINT('',(-91.1702727551507,-81.6466115166598,4.79721610698729));
#8381=CARTESIAN_POINT('',(-88.1702727551507,-207.68361151666,4.79721610698729));
#8382=CARTESIAN_POINT('Origin',(-88.1702727551507,-204.68361151666,4.79721610698729));
#8383=CARTESIAN_POINT('',(94.8297272448493,-207.68361151666,4.79721610698729));
#8384=CARTESIAN_POINT('',(-46.1472727551507,-207.68361151666,4.79721610698729));
#8385=CARTESIAN_POINT('Origin',(94.8297272448493,-204.68361151666,4.79721610698729));
#8386=CARTESIAN_POINT('Origin',(-88.1702727551507,-48.6836115166598,2.79721610698729));
#8387=CARTESIAN_POINT('',(-88.1702727551507,-45.6836115166598,2.79721610698729));
#8388=CARTESIAN_POINT('',(-91.1702727551507,-48.6836115166598,2.79721610698729));
#8389=CARTESIAN_POINT('Origin',(-88.1702727551507,-48.6836115166598,2.79721610698729));
#8390=CARTESIAN_POINT('',(-91.1702727551507,-48.6836115166598,2.79721610698729));
#8391=CARTESIAN_POINT('',(-88.1702727551507,-45.6836115166598,2.79721610698729));
#8392=CARTESIAN_POINT('Origin',(-91.1702727551507,-37.6466115166598,2.79721610698729));
#8393=CARTESIAN_POINT('',(-91.1702727551507,-204.68361151666,2.79721610698729));
#8394=CARTESIAN_POINT('',(-91.1702727551507,-81.6466115166598,2.79721610698729));
#8395=CARTESIAN_POINT('',(-91.1702727551507,-204.68361151666,2.79721610698729));
#8396=CARTESIAN_POINT('Origin',(-88.1702727551507,-204.68361151666,2.79721610698729));
#8397=CARTESIAN_POINT('',(-88.1702727551507,-207.68361151666,2.79721610698729));
#8398=CARTESIAN_POINT('Origin',(-88.1702727551507,-204.68361151666,2.79721610698729));
#8399=CARTESIAN_POINT('',(-88.1702727551507,-207.68361151666,2.79721610698729));
#8400=CARTESIAN_POINT('Origin',(94.8297272448493,-204.68361151666,2.79721610698729));
#8401=CARTESIAN_POINT('',(94.8297272448493,-207.68361151666,2.79721610698729));
#8402=CARTESIAN_POINT('',(94.8297272448493,-207.68361151666,2.79721610698729));
#8403=CARTESIAN_POINT('Origin',(94.8297272448493,-204.68361151666,2.79721610698729));
#8404=CARTESIAN_POINT('Origin',(103.102727244849,-45.6836115166598,2.79721610698729));
#8405=CARTESIAN_POINT('',(53.3527272448493,-45.6836115166598,2.79721610698729));
#8406=CARTESIAN_POINT('Origin',(-95.8972727551507,-207.68361151666,2.79721610698729));
#8407=CARTESIAN_POINT('',(-46.1472727551507,-207.68361151666,2.79721610698729));
#8408=CARTESIAN_POINT('Origin',(3.60272724484933,-125.64661151666,2.79721610698729));
#8409=UNCERTAINTY_MEASURE_WITH_UNIT(LENGTH_MEASURE(0.01),#8413,
'DISTANCE_ACCURACY_VALUE',
'Maximum model space distance between geometric entities at asserted c
onnectivities');
#8410=UNCERTAINTY_MEASURE_WITH_UNIT(LENGTH_MEASURE(0.01),#8413,
'DISTANCE_ACCURACY_VALUE',
'Maximum model space distance between geometric entities at asserted c
onnectivities');
#8411=(
GEOMETRIC_REPRESENTATION_CONTEXT(3)
GLOBAL_UNCERTAINTY_ASSIGNED_CONTEXT((#8409))
GLOBAL_UNIT_ASSIGNED_CONTEXT((#8413,#8415,#8416))
REPRESENTATION_CONTEXT('','3D')
);
#8412=(
GEOMETRIC_REPRESENTATION_CONTEXT(3)
GLOBAL_UNCERTAINTY_ASSIGNED_CONTEXT((#8410))
GLOBAL_UNIT_ASSIGNED_CONTEXT((#8413,#8415,#8416))
REPRESENTATION_CONTEXT('','3D')
);
#8413=(
LENGTH_UNIT()
NAMED_UNIT(*)
SI_UNIT(.MILLI.,.METRE.)
);
#8414=(
LENGTH_UNIT()
NAMED_UNIT(*)
SI_UNIT($,.METRE.)
);
#8415=(
NAMED_UNIT(*)
PLANE_ANGLE_UNIT()
SI_UNIT($,.RADIAN.)
);
#8416=(
NAMED_UNIT(*)
SI_UNIT($,.STERADIAN.)
SOLID_ANGLE_UNIT()
);
#8417=SHAPE_DEFINITION_REPRESENTATION(#8418,#8419);
#8418=PRODUCT_DEFINITION_SHAPE('',$,#8421);
#8419=SHAPE_REPRESENTATION('',(#4928),#8411);
#8420=PRODUCT_DEFINITION_CONTEXT('part definition',#8425,'design');
#8421=PRODUCT_DEFINITION('2026-07-16-12-51-41-043','pks-auto-pump',#8422,
#8420);
#8422=PRODUCT_DEFINITION_FORMATION('',$,#8427);
#8423=PRODUCT_RELATED_PRODUCT_CATEGORY('pks-auto-pump','pks-auto-pump',
(#8427));
#8424=APPLICATION_PROTOCOL_DEFINITION('international standard',
'automotive_design',2009,#8425);
#8425=APPLICATION_CONTEXT(
'Core Data for Automotive Mechanical Design Process');
#8426=PRODUCT_CONTEXT('part definition',#8425,'mechanical');
#8427=PRODUCT('2026-07-16-12-51-41-043','pks-auto-pump',$,(#8426));
#8428=PRESENTATION_STYLE_ASSIGNMENT((#8430));
#8429=PRESENTATION_STYLE_ASSIGNMENT((#8431));
#8430=SURFACE_STYLE_USAGE(.BOTH.,#8432);
#8431=SURFACE_STYLE_USAGE(.BOTH.,#8433);
#8432=SURFACE_SIDE_STYLE('',(#8434));
#8433=SURFACE_SIDE_STYLE('',(#8435));
#8434=SURFACE_STYLE_FILL_AREA(#8436);
#8435=SURFACE_STYLE_FILL_AREA(#8437);
#8436=FILL_AREA_STYLE('Stainless Steel - Polished',(#8438));
#8437=FILL_AREA_STYLE('ABS (White)',(#8439));
#8438=FILL_AREA_STYLE_COLOUR('Stainless Steel - Polished',#8440);
#8439=FILL_AREA_STYLE_COLOUR('ABS (White)',#8441);
#8440=COLOUR_RGB('Stainless Steel - Polished',0.796078431372549,0.796078431372549,
0.796078431372549);
#8441=COLOUR_RGB('ABS (White)',0.964705882352941,0.964705882352941,0.952941176470588);
ENDSEC;
END-ISO-10303-21;
